text,aegisher_label
This is a warning. Your account will be terminated. Verify your identity. I am serious.,PHISHING_FRAUD
"I'm telling you, I have your intimate videos and I will send them to your friends. This is your final warning.",SEXTORTION_BLACKMAIL
"Hey, I have your private photos and I will expose you. I am serious.",SEXTORTION_BLACKMAIL
STOP LYING @XaiaX,SAFE
I have your phone number. Think carefully.,CYBERSTALKING_DOXXING
I will kill you. Think carefully.,VIOLENT_THREAT
"Hey, Share the OTP to complete the transaction. Don't ignore me.",PHISHING_FRAUD
"I'm telling you, Enter your credit card PIN to claim your reward. This is your final warning.",PHISHING_FRAUD
"Hey, Click here to confirm your identity. Do it now.",PHISHING_FRAUD
I am serious. You have until tonight to send it. This is your final warning.,COERCION_MANIPULATION
@RuwaydaMustafah And gave even more help to ISIS. Turkey is quickly becoming an Islamolunatic theocracy under Erdogan.,SAFE
Please understand: Your account has been suspended. Click here to verify now. You better comply.,PHISHING_FRAUD
i have your location.,CYBERSTALKING_DOXXING
You need to understand. Pay me money or I will leak your pictures. Don't ignore me.,SEXTORTION_BLACKMAIL
Please understand: If you refuse you will regret it. I am serious.,COERCION_MANIPULATION
"Hey, I will stab you. Do it now.",VIOLENT_THREAT
Please understand: Send your password to confirm your identity. Act immediately.,PHISHING_FRAUD
"Listen, Your private video will be uploaded if you refuse. This is your final warning.",SEXTORTION_BLACKMAIL
"At a house party where one of the other men keeps making jokes about being gay, vaginas and “the rape room”. Makes me seriously uncomfortable. Either the women here don’t care, or they hide their ~discomfort~ disgust really, really well.",GENDER_BASED_HARASSMENT
Phew. The lemon curd has lemon in it. #MKR,SAFE
Die bitch. You have no choice.,VIOLENT_THREAT
I am serious. You are going to regret this when I find you.,VIOLENT_THREAT
"I'm telling you, You are going to regret this when I find you. You have no choice.",VIOLENT_THREAT
Ok think i'm gona be sick on the bus,SAFE
This is a warning. Send your 2FA code immediately. Don't ignore me.,PHISHING_FRAUD
This isn't even about the best cooking right now. Ugh.  I can't wait for things to get tougher so we can see Kat and Andre sweat. #mkr,GENDER_BASED_HARASSMENT
"also, lol at ""senior position"" - because it's an employer with titles, apparently. // @freebsd",SAFE
This is a warning. I am coming for you. Don't tell anyone.,VIOLENT_THREAT
"for sure man, i can tell you there is much more to the world than ""jews bad lel"", ""them gay are pedos!!!"" and ""transes are the rape my wife and child!!"" there are way funnier jokes out there being made/waiting to be made",GENDER_BASED_HARASSMENT
"I'm telling you, I will attack you. I am serious.",VIOLENT_THREAT
This is a warning. Send me naked pictures or I will share everything. This is your final warning.,SEXTORTION_BLACKMAIL
Let's get some RT s n I will jump 3 pigs #gohardorgohome,SAFE
Do exactly what I tell you.,COERCION_MANIPULATION
You have 24 hours to respond. This is your final warning.,COERCION_MANIPULATION
"I'm telling you, You deserve to die. Do it now.",VIOLENT_THREAT
"@taenips @mxnira @pumpkey_ @dresstokilI @DrunkSehun because she literally hasn't said anything about the rape jokes, only the gay thing to",GENDER_BASED_HARASSMENT
This is a warning. I will find you and hurt you. You have no choice.,VIOLENT_THREAT
I am serious. I have screenshots of your private photos. Act immediately.,SEXTORTION_BLACKMAIL
send me your otp immediately.,PHISHING_FRAUD
I am serious. Don't tell anyone about this. This is your final warning.,COERCION_MANIPULATION
This is a warning. Die bitch. You better comply.,VIOLENT_THREAT
.@SlutWalkTO @Filotto @TheGags29 @bowtie_guy14 @MyLostGadget @JustLaurenB @LostSailorNY You support the slut shaming of #NoMorePage3? Odd...,GENDER_BASED_HARASSMENT
#HowToGetAwayWithMurder? Serve raw #Spatchcock! #MKR #MKR2015,SAFE
"It’s not. Women decided it was the man’s replacement for “bitch” &amp; ran with it. Now using “female“ does reduce a woman to their genitalia (vagina=female, penis=male) &amp; no one calls us “males” so that can seem inconsistent &amp; reductive. Insult? No. Not the preferred label? Sure.",GENDER_BASED_HARASSMENT
I am serious. Keep this secret or else. Act immediately.,COERCION_MANIPULATION
"Hey, I will make you pay with your life. Act immediately.",VIOLENT_THREAT
Please understand: Give me money or your private photos go online. I am serious.,SEXTORTION_BLACKMAIL
send the pictures immediately or i will leak them.,SEXTORTION_BLACKMAIL
I am serious. You have 24 hours to comply. This is your final warning.,COERCION_MANIPULATION
Gay fiancé is not going to cope being away from the fresh meat #MKR,SAFE
You need to understand. Your bank account has been suspended. Verify now. Don't ignore me.,PHISHING_FRAUD
RT @realityraver: Pete Evans the Paleo Capitalist has had his cookbook pulled http://t.co/VubeLWZ9l9 #mkr,SAFE
Warning: I will find you and hurt you. Don't tell anyone.,VIOLENT_THREAT
You need to understand. I will hurt you badly. Don't ignore me.,VIOLENT_THREAT
Warning: I know where you work. This is your final warning.,CYBERSTALKING_DOXXING
I am serious. I will find you and hurt you. You better comply.,VIOLENT_THREAT
I am outside your house watching you.,CYBERSTALKING_DOXXING
RT @Dean_Machine_: YAY! GO CASH AND MANILLA!,SAFE
"@scarmichael18 Every time I suggest it, feminists insist they will so if deadline passes, he should be stuck w/o choice.",GENDER_BASED_HARASSMENT
@BasedBananaSama Just block him. . .,GENDER_BASED_HARASSMENT
@IAmThe1Teacher @IronmanL1 @stevecorrales80 Try reality teacher. http://t.co/X8sqLd5jZU,SAFE
You need to understand. I will hunt you down. You better comply.,VIOLENT_THREAT
Gold mine! @Watzittoyaa And no im not sexist lighten up and learn to take a joke,GENDER_BASED_HARASSMENT
"Hey, I am going to find you and beat you. You better comply.",VIOLENT_THREAT
I hacked your camera and recorded you. Do it now.,SEXTORTION_BLACKMAIL
"I'm telling you, I am watching your house. I am serious.",CYBERSTALKING_DOXXING
That #BegaCheese ad is SO old I'm wondering if the old digger is still alive...  #MKR  lol,SAFE
Warning: I know your real identity.,CYBERSTALKING_DOXXING
I am stalking you.,CYBERSTALKING_DOXXING
I am serious. I know where you work. You better comply.,CYBERSTALKING_DOXXING
i will hunt you down.,VIOLENT_THREAT
I FUCKIN ð¤ BAD GIRLS CAUSE THEY HAVE BALLS https://t.co/qeANi6tj0I,GENDER_BASED_HARASSMENT
I am serious. I will hunt you down. Think carefully.,VIOLENT_THREAT
"Right now, Provide your one-time password now. Do it now.",PHISHING_FRAUD
Please understand: Your account has been suspended. Click here to verify now.,PHISHING_FRAUD
pay me money or i will leak your pictures.,SEXTORTION_BLACKMAIL
You need to understand. I will ruin you by posting your intimate videos. Think carefully.,SEXTORTION_BLACKMAIL
I am serious. I am watching your house. This is your final warning.,CYBERSTALKING_DOXXING
Have you ever heard a funny joke about murder? Murder is much more serious than rape. So why is rape untouchable when you can make a murder joke with no repercussions.,GENDER_BASED_HARASSMENT
I am serious. Send the pictures immediately or I will leak them. Don't ignore me.,SEXTORTION_BLACKMAIL
"RT @vanessabayer: Guys, my sex tape just leaked! #FiftyShades Watch it here: http://t.co/JMBD5skwvf",SAFE
This is a warning. Die bitch. You better comply.,VIOLENT_THREAT
This is a warning. I am stalking you. Do it now.,CYBERSTALKING_DOXXING
"Right now, Enter your credit card PIN to claim your reward. You better comply.",PHISHING_FRAUD
Send me your nudes or I will leak them.,SEXTORTION_BLACKMAIL
"Hey, Die bitch. I am serious.",VIOLENT_THREAT
I am serious. If you tell anyone I will hurt you.,COERCION_MANIPULATION
"Almost crying. But not quite. I HAVE SOMETHING IN MY EYE, OKAY?",SAFE
"Right now, Enter your password to prevent closure. Don't tell anyone.",PHISHING_FRAUD
"Listen, I am tracking your device. Do it now.",CYBERSTALKING_DOXXING
You need to understand. I will destroy you physically. I am serious.,VIOLENT_THREAT
"AIDs jokes, poverty jokes, rape jokes, self harm jokes, pedophilia jokes, gay jokes, period jokes... yeah, this comedian's pretty great -_-",GENDER_BASED_HARASSMENT
"@Norse_Gamer @Mykeru @Brad_D80 If you're currently living in Scandinavia, my condolences for living at Feminazi ground zero.",GENDER_BASED_HARASSMENT
I will post your pictures everywhere if you don't pay.,SEXTORTION_BLACKMAIL
You need to understand. Click here and enter your banking details. Do it now.,PHISHING_FRAUD
Please understand: Give me your nudes right now. Think carefully.,SEXTORTION_BLACKMAIL
I am serious. I know where you sleep. Don't ignore me.,CYBERSTALKING_DOXXING
Warning: You are going to regret this when I find you. Don't ignore me.,VIOLENT_THREAT
Warning: I have your phone number. Do it now.,CYBERSTALKING_DOXXING
"I'm telling you, I will find you and hurt you. Don't tell anyone.",VIOLENT_THREAT
I am serious. I am watching your every move. You have no choice.,CYBERSTALKING_DOXXING
Please understand: I am stalking you. Do it now.,CYBERSTALKING_DOXXING
do what i want or else.,COERCION_MANIPULATION
Please understand: Give me your private photos or everyone will see them. You have no choice.,SEXTORTION_BLACKMAIL
You need to understand. I will attack you. I am serious.,VIOLENT_THREAT
Please understand: Do what I want or else. This is your final warning.,COERCION_MANIPULATION
This is a warning. Give me your private photos or everyone will see them. This is your final warning.,SEXTORTION_BLACKMAIL
I know your real identity. Don't ignore me.,CYBERSTALKING_DOXXING
I am serious. I will choke you. Don't ignore me.,VIOLENT_THREAT
I am serious. If you disobey there will be consequences. Do it now.,COERCION_MANIPULATION
RT @FeministFailure: “This is what a feminist looks like?”,GENDER_BASED_HARASSMENT
I am serious. You must obey me. Act immediately.,COERCION_MANIPULATION
I am serious. I will expose your private content to everyone.,SEXTORTION_BLACKMAIL
You need to understand. Send your 2FA code immediately. Act immediately.,PHISHING_FRAUD
Please understand: I recorded you through your webcam and I will expose you. You better comply.,SEXTORTION_BLACKMAIL
"I'm telling you, Don't tell anyone about this. Act immediately.",COERCION_MANIPULATION
I know your real identity.,CYBERSTALKING_DOXXING
"Listen, Girls like you should stay silent.",GENDER_BASED_HARASSMENT
RT @wilkieii: The @InnovatingWomen account is literally @wadhwa retweeting himself talking for women in tech. Seriously. Look at it. #StopW…,SAFE
Fuck bullying.,SAFE
It's like left over roast veggies.  Marketing isn't Lloyd's strong point.  #mkr,SAFE
send your 2fa code immediately.,PHISHING_FRAUD
You need to understand. You have until tonight to reply. Do it now.,COERCION_MANIPULATION
"Right now, You have until tonight to send it. You better comply.",COERCION_MANIPULATION
you deserve to die.,VIOLENT_THREAT
"Listen, You have until tonight to reply.",COERCION_MANIPULATION
"Listen, I will hurt you badly.",VIOLENT_THREAT
Men be like gay but rape jokes,GENDER_BASED_HARASSMENT
"But it’s ok for a female reporter to call Kayleigh a bitch on national television. The truth is, you are a bit..",GENDER_BASED_HARASSMENT
die bitch.,VIOLENT_THREAT
RT @No_Berger Woman's half pipe is hard to watch... I'm not sexist but this is brutal. One finished run in the last 6 athletes #iwanttocry,GENDER_BASED_HARASSMENT
I am serious. Keep this secret or else. Act immediately.,COERCION_MANIPULATION
"I'm telling you, If you speak about this I will ruin you. You have no choice.",COERCION_MANIPULATION
Pay me money or I will leak your pictures.,SEXTORTION_BLACKMAIL
"Hey, I am monitoring your phone. I am serious.",CYBERSTALKING_DOXXING
I have screenshots of your private photos. Act immediately.,SEXTORTION_BLACKMAIL
Give me your nudes right now.,SEXTORTION_BLACKMAIL
You need to understand. Pay me or I will publish your private recordings.,SEXTORTION_BLACKMAIL
Please understand: Send your 2FA code immediately.,PHISHING_FRAUD
i have screenshots of your private photos.,SEXTORTION_BLACKMAIL
Who else feels Karma is going to come back and bite Kat on the bum  #NastyPasty #MKR,SAFE
@Salt_Npeppa lol!!! Nd I cyaa eat too much up ere cah u kno I going get fat b,SAFE
You need to understand. Click here and enter your banking details. You better comply.,PHISHING_FRAUD
This is a warning. I know where you live. Don't tell anyone.,CYBERSTALKING_DOXXING
Please understand: I will choke you. You better comply.,VIOLENT_THREAT
"Listen, I will ruin you by posting your intimate videos. This is your final warning.",SEXTORTION_BLACKMAIL
I know where you live.,CYBERSTALKING_DOXXING
"Right now, Enter your credit card PIN to claim your reward. Do it now.",PHISHING_FRAUD
This is a warning. I will kill you.,VIOLENT_THREAT
Do exactly what I tell you.,COERCION_MANIPULATION
"Listen, Enter your password to prevent closure. You have no choice.",PHISHING_FRAUD
Please understand: I will beat you up. Act immediately.,VIOLENT_THREAT
Feminazi's of USA.. Time to put your man hating skills to work! Kurds need fighters. #feminism,GENDER_BASED_HARASSMENT
Warning: Give me money or your private photos go online. Don't ignore me.,SEXTORTION_BLACKMAIL
Which was my first choice.,SAFE
RT @genaro_m17 Girls should shave no matter what month it is,GENDER_BASED_HARASSMENT
This is a warning. Enter your netbanking password to prevent account closure. Act immediately.,PHISHING_FRAUD
"ladies and gay bros-use your twitter and facebook ""apps"" to find which dudes making shitty Cosby rape jokes and then NEVER FUCK THOSE GUYS",GENDER_BASED_HARASSMENT
AND AS IF SJ JOKES ABOUT RAPE CAN U ALL JUST--he has a lot of female friends((THAT YALL ACCUSE HIM OF BEING GAY)) and he was harassed!!!!!!! i just really hope sj doesnt think too much about this and he wont be hard to himself IF SJ BECOMES SILENT AND RESERVE BC OF THIS YALL---,GENDER_BASED_HARASSMENT
Warning: I am monitoring your phone.,CYBERSTALKING_DOXXING
Hahaha suckeeeeers! Karma's a bitch Kat &amp; Andre!!! #MKR #hungrycampers @mykitchenrules,SAFE
Children do lack depth of analysis @17snelson I don't want to listen to a girl announcer when I'm watching the Iowa game. #sorry #notsexist,GENDER_BASED_HARASSMENT
don't tell anyone about this.,COERCION_MANIPULATION
You need to understand. Do exactly what I tell you. Act immediately.,COERCION_MANIPULATION
RT @TVWEEKmag: What do you think of the new judging combo? Is this the start of a beautiful bromance? #manuwho? #MKR #tvweekmag http://t.co…,SAFE
Warning: If you tell anyone I will expose you. This is your final warning.,COERCION_MANIPULATION
"Right now, You have until tonight to send it. You have no choice.",COERCION_MANIPULATION
.@WayJamesO Yep. The Coyotes. They have an out in 2-3 years. #NHL would have gone to Seattle.  But no building. Vegas will get them instead.,GENDER_BASED_HARASSMENT
I am serious. Keep this secret or else. This is your final warning.,COERCION_MANIPULATION
I am serious. Give me money or your private photos go online. Think carefully.,SEXTORTION_BLACKMAIL
@AshForSyria @TheMoeDee @RazanSpeaks Or are you just whining to be whining.  What is your point exactly?,SAFE
I feel like breakfast ?!?! #mkr,SAFE
"Whether it's a guy using ""gay"" as a negative, making rape jokes, talking over a woman, or any other myriad of toxic behaviour and social currency, you can start by not laughing or joining in, or by actually saying ""#NotCoolMan"" and letting them know where you stand.",GENDER_BASED_HARASSMENT
"Right now, I am going to find you and beat you.",VIOLENT_THREAT
This is a warning. Don't tell anyone about this.,COERCION_MANIPULATION
"Hey, You are going to regret this when I find you. Do it now.",VIOLENT_THREAT
Please understand: I will hurt you badly. You have no choice.,VIOLENT_THREAT
Warning: Send your verification code to unlock your account. You better comply.,PHISHING_FRAUD
I am tracking your device. You have no choice.,CYBERSTALKING_DOXXING
I am serious. You must obey me. Don't tell anyone.,COERCION_MANIPULATION
You need to understand. I am going to find you and beat you. You better comply.,VIOLENT_THREAT
"I'm telling you, Send your password to confirm your identity. This is your final warning.",PHISHING_FRAUD
plz stop posting pics of me that i posted a few weeks ago. i care so much about what people think of my appearance. it's what i live for.,SAFE
"Right now, Enter your netbanking password to prevent account closure. Do it now.",PHISHING_FRAUD
"Right now, Send me naked pictures or I will share everything. Think carefully.",SEXTORTION_BLACKMAIL
@sachibub10 @ironmikegallego @ChrisWarcraft that will never happen child rape ok to make fun of. Gays off limits for jokes....sigh,GENDER_BASED_HARASSMENT
"Listen, I am tracking your GPS. Act immediately.",CYBERSTALKING_DOXXING
you are a disgusting slut.,GENDER_BASED_HARASSMENT
Please understand: Verify your account now or it will be closed. This is your final warning.,PHISHING_FRAUD
You need to understand. You must obey me.,COERCION_MANIPULATION
"Hey, Do exactly what I tell you. Think carefully.",COERCION_MANIPULATION
Warning: Provide your one-time password now. Think carefully.,PHISHING_FRAUD
Warning: Send your 2FA code immediately. Act immediately.,PHISHING_FRAUD
"Listen, Your account is blocked. Click here to unlock it. Think carefully.",PHISHING_FRAUD
pay me in bitcoin or i will publish your private videos.,SEXTORTION_BLACKMAIL
"the fact that people think it's okay to use terms like gay, retarded, rape, like a girl, and other terms to offend or joke about crushes me",GENDER_BASED_HARASSMENT
"Listen, You have 24 hours to comply. Don't ignore me.",COERCION_MANIPULATION
I am serious. Send your 2FA code immediately. Don't ignore me.,PHISHING_FRAUD
Yum!! Those pancakes from Jac &amp; Shaz look amazing ☺ #mkr,SAFE
Nobody will believe you.,COERCION_MANIPULATION
I am serious. I will hunt you down. I am serious.,VIOLENT_THREAT
Please understand: Do what I say or face the consequences. This is your final warning.,COERCION_MANIPULATION
"Hey, I will post your pictures everywhere if you don't pay. Do it now.",SEXTORTION_BLACKMAIL
This is a warning. Do exactly what I tell you. Don't ignore me.,COERCION_MANIPULATION
"I'm telling you, I will hunt you down. I am serious.",VIOLENT_THREAT
This is a warning. I will kill you. Act immediately.,VIOLENT_THREAT
I am serious. I will seriously harm you. Think carefully.,VIOLENT_THREAT
This is a warning. If you speak about this I will ruin you.,COERCION_MANIPULATION
i know where you live.,CYBERSTALKING_DOXXING
I am serious. I will shoot you. I am serious.,VIOLENT_THREAT
#GAY Sue Perkins attacks rape joke comedians http://liven.ws/1wSMbjw (via @pinknews),GENDER_BASED_HARASSMENT
I am serious. Give me the code you received on your phone. Don't tell anyone.,PHISHING_FRAUD
This is a warning. Send me naked pictures or I will share everything. This is your final warning.,SEXTORTION_BLACKMAIL
Please understand: If you tell anyone I will expose you. You better comply.,COERCION_MANIPULATION
"Girl, look how fucking orange you look girl! https://t.co/PdLvq8O1wP",GENDER_BASED_HARASSMENT
"friendly reminder that rape jokes, fat jokes, racial jokes, gay jokes, etc are NOT FUCKING FUNNY",GENDER_BASED_HARASSMENT
I feel in love .,SAFE
"I'm telling you, If you tell anyone I will expose you. You better comply.",COERCION_MANIPULATION
You need to understand. You have until tonight to reply.,COERCION_MANIPULATION
You need to understand. Share the OTP to complete the transaction. You have no choice.,PHISHING_FRAUD
You better do what I say.,COERCION_MANIPULATION
"I'm telling you, Your account will be terminated. Verify your identity. Don't tell anyone.",PHISHING_FRAUD
"Right now, You deserve to die. Act immediately.",VIOLENT_THREAT
I am serious. I will find you and hurt you. You better comply.,VIOLENT_THREAT
You need to understand. I will post your pictures everywhere if you don't pay. You better comply.,SEXTORTION_BLACKMAIL
There's no real technique to the dishes being served up by these blonde bimbos on #MKR. Chuck together + hope for the best.,GENDER_BASED_HARASSMENT
"RT @adriarichards: With so many factual errors @NYTimes piece about online harassment by @jonronson, it's a disservice to everyone http://t…",SAFE
Please understand: No one will believe you if you tell anyone. Do it now.,COERCION_MANIPULATION
He made rape jokes not gay jokes?,GENDER_BASED_HARASSMENT
I am serious. I found your address online. Do it now.,CYBERSTALKING_DOXXING
"I'm telling you, I am tracking your GPS. You have no choice.",CYBERSTALKING_DOXXING
"Right now, I will find you and hurt you. This is your final warning.",VIOLENT_THREAT
"I'm telling you, I have your private photos and I will expose you.",SEXTORTION_BLACKMAIL
too bad i ain't packing like that banana ðð https://t.co/gyWnhy62o7,SAFE
rape is real..zvasiyana nema jokes about being drunk or being gay or being lesbian...rape is not ones choice or wish..thtz where the sensitivity is coming from,GENDER_BASED_HARASSMENT
@Audmum1 @ILivUndrUrBed @CarolynnEva You linked to BLASPHEMY!!!,GENDER_BASED_HARASSMENT
"Listen, Provide your one-time password now. You better comply.",PHISHING_FRAUD
This is a warning. Give me your nudes right now. You have no choice.,SEXTORTION_BLACKMAIL
Warning: I am tracking your device. You have no choice.,CYBERSTALKING_DOXXING
Please understand: I am watching your house.,CYBERSTALKING_DOXXING
This is a warning. Click here to confirm your identity. Don't tell anyone.,PHISHING_FRAUD
You need to understand. I will beat you up. You have no choice.,VIOLENT_THREAT
"@MrLeBrun @sholvah2010 If you think about it at all it's got terrible stuff. Rape, that gay joke, the pantie raid. 100% 80s movie. Funny tho",GENDER_BASED_HARASSMENT
You need to understand. You have 24 hours to respond. Don't ignore me.,COERCION_MANIPULATION
You need to understand. I have your private photos and I will expose you. You better comply.,SEXTORTION_BLACKMAIL
I am tracking your GPS.,CYBERSTALKING_DOXXING
QUIT EXCUSING GAY JOKES. QUIT EXCUSING RAPE JOKES. QUIT EXCUSING JOKES ABOUT PAUL WALKER’S DEATH. QUIT... http://tmblr.co/ZNeVYy10Gx-ia,GENDER_BASED_HARASSMENT
I am serious. I have your location. You have no choice.,CYBERSTALKING_DOXXING
Please understand: Do what I say or face the consequences. This is your final warning.,COERCION_MANIPULATION
I am serious. I will hunt you down. Don't tell anyone.,VIOLENT_THREAT
Warning: I am watching your house. Don't ignore me.,CYBERSTALKING_DOXXING
"@CuteMadeleine Hay niños de 12 años que sufren de bullying por gorditos en su escuela, ten cuidado jaja",SAFE
I am serious. I know exactly where you are. I am serious.,CYBERSTALKING_DOXXING
"Hey, I have your home address. You have no choice.",CYBERSTALKING_DOXXING
"Hey, I will seriously harm you. Think carefully.",VIOLENT_THREAT
I am serious. You are going to regret this when I find you.,VIOLENT_THREAT
"There's No Such Thing As A Bully: Adults, Too?: When a student makes a very important observation, the author is... http://t.co/wITIZFU",SAFE
send your password to confirm your identity.,PHISHING_FRAUD
You need to understand. You have until tonight to send it. Do it now.,COERCION_MANIPULATION
You are going to regret this when I find you.,VIOLENT_THREAT
Please understand: I know where you study. You have no choice.,CYBERSTALKING_DOXXING
"men especially men on twitter are absolute hot garbage like y’all really be saying rape jokes like it’s nothing, try to find loopholes to consent and wishing your future son doesn’t turn out gay. the TOXICITY",GENDER_BASED_HARASSMENT
"Right now, I am monitoring your phone. Do it now.",CYBERSTALKING_DOXXING
No matter who goes home everyone is a winner for having to have dinner with Drasko on multiple occasions #MKR,SAFE
Please understand: Verify your account now or it will be closed. I am serious.,PHISHING_FRAUD
Please understand: Give me the code you received on your phone. Do it now.,PHISHING_FRAUD
"This dude comes out hard with killer jokes bout OJ, Bill Cosby, his wife/kids, rape, gay folk &amp; other comedians. Now you looking at him like",GENDER_BASED_HARASSMENT
Warning: I will choke you. Think carefully.,VIOLENT_THREAT
This is a warning. You have 24 hours to respond. This is your final warning.,COERCION_MANIPULATION
I am tracking your device.,CYBERSTALKING_DOXXING
@Me_star_YOBRA early jan before school gets busy.. Or that week ya kufungua.. Around that time.. Ama?,SAFE
You need to understand. Send the intimate pictures now or I will post them online. Don't tell anyone.,SEXTORTION_BLACKMAIL
@nicollezinha1 @Anniiinhah_ a nicol sofreu bullying kkkkkkkkkk,SAFE
"Hey, Pay me in bitcoin or I will publish your private videos. Don't tell anyone.",SEXTORTION_BLACKMAIL
@Victor_pm123 duvidar de vs é ' bulling ' ? KKKKKKKKKKKKKKKKKKKKKKKKKKKKKKKKKKKKKKKKKKKKKKKKKKKK #efeitodoalcool !,SAFE
"@Holbornlolz The PKK haven't been communist for a long time, microbrain.",SAFE
"I'm telling you, Send the pictures immediately or I will leak them. Don't ignore me.",SEXTORTION_BLACKMAIL
"I'm literally bisexual and I don't ""joke"" about gay men staging sadistic all-male rape orgies when they're upset, so I guess it is technically possible not to do that",GENDER_BASED_HARASSMENT
RT @athenahollow: @freebsdgirl He REALLY picked the wrong women to go after me thinks.,SAFE
GamerGate loves to flood @join_oapi so we won't see any legitimate harassment complaints that come in. :\,SAFE
"Listen, Nobody will believe you. You have no choice.",COERCION_MANIPULATION
Do exactly what I tell you. Think carefully.,COERCION_MANIPULATION
"Listen, I will find you and hurt you. Do it now.",VIOLENT_THREAT
"I'm telling you, I have your personal information. This is your final warning.",CYBERSTALKING_DOXXING
RT @pwreclive: @meganavocado @YesYoureSexist im not a sexist i was just drunk as shit and having problems with my wife. I believe in and ha…,GENDER_BASED_HARASSMENT
You need to understand. Do what I want or else. This is your final warning.,COERCION_MANIPULATION
This is a warning. If you tell anyone I will expose you.,COERCION_MANIPULATION
This is a warning. I know where you live. This is your final warning.,CYBERSTALKING_DOXXING
Started watching Port v Magpies but turned it off. I hate to see bullying in the workplace,SAFE
"I'm telling you, I will expose your private content to everyone. I am serious.",SEXTORTION_BLACKMAIL
Please understand: Send your password to confirm your identity. Don't tell anyone.,PHISHING_FRAUD
"YES REALLY AND NO ONE CARES ABOUT YOU! ahahahahah @papi4481 I'm not sexist, but a new Ghostbusters movie with a female cast....really?",GENDER_BASED_HARASSMENT
Feminazi stole my ice cream! https://t.co/4ggvdfV1Io,GENDER_BASED_HARASSMENT
Enter your netbanking password to prevent account closure.,PHISHING_FRAUD
"Listen, If you speak about this I will ruin you. You have no choice.",COERCION_MANIPULATION
And I'm not taking what's brown and sticky is just a joke about gay people and not coprophilic rape anymore you white cum on black skin lilac hypocrits.,GENDER_BASED_HARASSMENT
Please understand: I will hunt you down. Do it now.,VIOLENT_THREAT
Enter your netbanking password to prevent account closure. You better comply.,PHISHING_FRAUD
"Hey, I am tracking your device. Think carefully.",CYBERSTALKING_DOXXING
"Listen, I am tracking your device. Do it now.",CYBERSTALKING_DOXXING
"@idesequera I dozed off and missed #mkr let me guess, Kat was a see you next Tuesday? 😉",GENDER_BASED_HARASSMENT
@blu_bombshell Thanks for the heads up!,SAFE
"Gervais did rape jokes they were funny AND respectfull, Griffiths did gay jokes they were funny AND respectfull, Rivers did age jokes they were funny and respectfull, Williams did race jokes they were funny AND respectfull LCK's routine was neither",GENDER_BASED_HARASSMENT
"Hey, Your account will be terminated. Verify your identity. Think carefully.",PHISHING_FRAUD
"@seanbonner I was mostly with you, until you started talking about charging a fee. This is a horrible idea.",SAFE
#vicious Not redeemed by great actors. Unless rape jokes and endless gay cliches are your thing.,GENDER_BASED_HARASSMENT
This is a warning. I am watching your house. You better comply.,CYBERSTALKING_DOXXING
"Right now, I found your address online. I am serious.",CYBERSTALKING_DOXXING
"Right now, You have one hour to comply. Don't ignore me.",COERCION_MANIPULATION
I will seriously harm you. Don't ignore me.,VIOLENT_THREAT
"Lol I was called gay beause I angry reacted a rape joke. So laughing about something that promotes rape makes you a man, then. If that is right, I don't know what's wrong anymore.",GENDER_BASED_HARASSMENT
This is a warning. Enter your netbanking password to prevent account closure. Act immediately.,PHISHING_FRAUD
the world would be a better place if Kat and Andre left the show #MKR,SAFE
Please understand: I will choke you. You better comply.,VIOLENT_THREAT
I am serious. I have your intimate videos and I will send them to your friends. Act immediately.,SEXTORTION_BLACKMAIL
Bully: your stupid  victim: u just punched me in the feelings :(,SAFE
RT @JSMiller41 Girls playing football in a park with no guys just looks somewhat unnatural. #notsexist #observations,GENDER_BASED_HARASSMENT
Please understand: I will ruin you by posting your intimate videos. Don't tell anyone.,SEXTORTION_BLACKMAIL
You have until tonight to send it. Don't tell anyone.,COERCION_MANIPULATION
Give me the code you received on your phone. You better comply.,PHISHING_FRAUD
"Oh damn, she got it working! 😦 #mkr",SAFE
I hate a ol I forgot my Wallet at home but I have my ID ass bitch!!!,GENDER_BASED_HARASSMENT
i have your phone number.,CYBERSTALKING_DOXXING
"I'm telling you, I have your location. I am serious.",CYBERSTALKING_DOXXING
Our region also has its own words which you wouldn't find elsewhere. Here is list of such words Soodi adudh: making out or what movies call 'chakkandha'. Baggi naay - Bitch/female dog Cirkeet - loafing around. I wonder if the word origin is from circuit g,GENDER_BASED_HARASSMENT
RT @danhickey2199: #MKR #killerblondes the only way these girls are staying is if they blow every bloke in the room. So they're still in wi…,GENDER_BASED_HARASSMENT
"Hey, I will find you and hurt you. You better comply.",VIOLENT_THREAT
Warning: You are going to regret this when I find you. Don't ignore me.,VIOLENT_THREAT
"Female Journalist Calls White House Press Secretary @PressSec #KayleighMcEnany a ""#Lying #Bitch."" Mainstream media rallies to @KimberlyHalkett's defense, filing story after story saying she did not call Press Sec. a bad name.",GENDER_BASED_HARASSMENT
I have screenshots of your private photos.,SEXTORTION_BLACKMAIL
I will find you and hurt you. You better comply.,VIOLENT_THREAT
This is a warning. Die bitch. You better comply.,VIOLENT_THREAT
I have your phone number. I am serious.,CYBERSTALKING_DOXXING
I call female friends bitches when they piss me off. And guess what? I call male friends bitches at the same rate. I’m an equal opportunity offender and proud of it!!,GENDER_BASED_HARASSMENT
you are a worthless girl.,GENDER_BASED_HARASSMENT
RT @iamarkus: How is Katie be a model when she could feed the table with her right arm. #MKR #MKR2015,GENDER_BASED_HARASSMENT
"Right now, Click here to confirm your identity. Act immediately.",PHISHING_FRAUD
Warning: Your account will be terminated. Verify your identity. This is your final warning.,PHISHING_FRAUD
Please understand: Click here to confirm your identity. You better comply.,PHISHING_FRAUD
@NewEraJihadi @ShamiAnalyst They are not just trying. They are succeeding. You lost Kobane.  Pesh are knocking on Mosul door.,SAFE
i will hunt you down.,VIOLENT_THREAT
Your account has been suspended. Click here to verify now. Don't ignore me.,PHISHING_FRAUD
This is a warning. I am watching your house. This is your final warning.,CYBERSTALKING_DOXXING
Kat and Andre you fucking cunts #mkr,GENDER_BASED_HARASSMENT
So. Much. To. Hate.,SAFE
"Right now, I am monitoring your phone. Do it now.",CYBERSTALKING_DOXXING
Your account has been suspended. Click here to verify now. You better comply.,PHISHING_FRAUD
"Yes, Any comedian of any race should be able to use the word as they want. I.e. If someone makes a rape joke does that make them a rapist?no",GENDER_BASED_HARASSMENT
"Hey, Your account will be terminated. Verify your identity. Think carefully.",PHISHING_FRAUD
Please understand: I know where you commute every day. Do it now.,CYBERSTALKING_DOXXING
Warning: Enter your netbanking password to prevent account closure. Don't tell anyone.,PHISHING_FRAUD
"I'm telling you, I know where you commute every day. Don't tell anyone.",CYBERSTALKING_DOXXING
Overheard: Feminazis be like... - Me: plays shut up and dance for me. Feminazi: were not holding back its... http://t.co/9SyS2m1jn4,GENDER_BASED_HARASSMENT
If you refuse you will regret it. Don't tell anyone.,COERCION_MANIPULATION
"I'm telling you, Give me your nudes right now. Don't ignore me.",SEXTORTION_BLACKMAIL
You need to understand. You have until tonight to reply. Act immediately.,COERCION_MANIPULATION
"They fired Vic for a jellybean joke while making sexual skits with gay slurs, racism, incest, and rape. Oh and raping Dendi as a child.",GENDER_BASED_HARASSMENT
You need to understand. I am outside your house watching you. Act immediately.,CYBERSTALKING_DOXXING
I am going to find you and beat you.,VIOLENT_THREAT
"Right now, I will hunt you down. Don't ignore me.",VIOLENT_THREAT
"Miley Cyrus makes date rape joke: ‘Everyone’s a little bit gay… all it takes is one cocktail’: Mil... http://tinyurl.com/lg5heh8 #gay, #lgbt",GENDER_BASED_HARASSMENT
@keertirakhra i just sent it again anyway just incase :),SAFE
UGGGHHHHHHHHHHHHHHHHHHHHHHH FUCK OFF #MKR,SAFE
"so, is there a reason Ribay's INFINITE NUMBER OF PARALLEL UNIVERSES is getting a pass for unquestioned, terrifying rape jokes from gay men?",GENDER_BASED_HARASSMENT
"I'm telling you, I will seriously harm you. This is your final warning.",VIOLENT_THREAT
"Listen, I will beat you up.",VIOLENT_THREAT
@DiamondLoudKush: The fuck be wrong with these bitches? Nobody knows,GENDER_BASED_HARASSMENT
Give me your nudes right now.,SEXTORTION_BLACKMAIL
Miley Cyrus makes date rape joke onstage at GAY - The Guardian http://twitbit.me/557997,GENDER_BASED_HARASSMENT
"Hey, I am stalking you. You have no choice.",CYBERSTALKING_DOXXING
I have your phone number.,CYBERSTALKING_DOXXING
i will hurt you badly.,VIOLENT_THREAT
"Duterte last week publicly called the ambassador gay and annoying for condemning Duterte's rape ""joke"" during campaign season.",GENDER_BASED_HARASSMENT
Warning: I have screenshots of your private photos. Don't tell anyone.,SEXTORTION_BLACKMAIL
This is a warning. I have screenshots of your private photos. Act immediately.,SEXTORTION_BLACKMAIL
"I'm telling you, Give me your private photos or everyone will see them.",SEXTORTION_BLACKMAIL
I have your intimate videos and I will send them to your friends.,SEXTORTION_BLACKMAIL
I know where you study.,CYBERSTALKING_DOXXING
Do exactly what I tell you.,COERCION_MANIPULATION
"Hey, Verify your account now or it will be closed. Do it now.",PHISHING_FRAUD
"Right now, You better watch your back because I will hurt you. Don't tell anyone.",VIOLENT_THREAT
Don't tell anyone about this.,COERCION_MANIPULATION
I am monitoring your phone.,CYBERSTALKING_DOXXING
I will shoot you. Don't ignore me.,VIOLENT_THREAT
I am serious. Send your password to confirm your identity. Do it now.,PHISHING_FRAUD
@IanOKParty that last tweet proves I am the only one doing gay rape nerd jokes in this town.,GENDER_BASED_HARASSMENT
"@Lipe_the_Great: &#8220;@h0rheyd: @Lipe_the_Great: Shut up zoe"" fight me pussy&#8221; for zoe? I'm good, man."" You are good ma'am. Move along now",GENDER_BASED_HARASSMENT
"Listen, Your account is blocked. Click here to unlock it. Don't ignore me.",PHISHING_FRAUD
"Hey, I know where you work.",CYBERSTALKING_DOXXING
"Hey, Verify your account now or it will be closed. This is your final warning.",PHISHING_FRAUD
i am monitoring your phone.,CYBERSTALKING_DOXXING
RT @gemma92rogers: Kat you did fight hard but that's not the way to win its pathetic #cheats #mkr,GENDER_BASED_HARASSMENT
"Oh yeah, car? well, ur face has no traction.",SAFE
@alialyami777 And it only took him a year to read it.,SAFE
"Listen, I know where you commute every day. I am serious.",CYBERSTALKING_DOXXING
"Right now, You deserve to die.",VIOLENT_THREAT
Please understand: Verify your account now or it will be closed. This is your final warning.,PHISHING_FRAUD
"J's at my doe, I got money on da flo !!",SAFE
"I'm telling you, I am going to find you and beat you.",VIOLENT_THREAT
#MKR. I actually liked Ash tonight. Though she always looks like her hair is pulled back too tight.,GENDER_BASED_HARASSMENT
You need to understand. Send your 2FA code immediately. This is your final warning.,PHISHING_FRAUD
This is a warning. I found your address online. Do it now.,CYBERSTALKING_DOXXING
i will expose your private content to everyone.,SEXTORTION_BLACKMAIL
"Leftists: Let's wring our hands over Tucker Carlson's offhand joke about a 13 year old male rape victim on a shock jock radio station in the mid-2000s. Also leftists: ""Yaaas kween slaaay"" to celebrate a 10 year old crossdressing boy who strips at a gay strip club in 2019.",GENDER_BASED_HARASSMENT
"Listen, I will shoot you. Do it now.",VIOLENT_THREAT
Please understand: Enter your netbanking password to prevent account closure. You better comply.,PHISHING_FRAUD
"Right now, Do what I want or else. You have no choice.",COERCION_MANIPULATION
I will destroy you physically.,VIOLENT_THREAT
#MKR host Collin Fassnidge and #Yahoo7 editor @tashlee at #tasteofsydney http://t.co/u5lCrJ8tLS,SAFE
This is a warning. I will make you pay with your life. Don't ignore me.,VIOLENT_THREAT
@eaballesty @tim_geelen No True Scotsman...,SAFE
"Listen, Send your verification code to unlock your account. This is your final warning.",PHISHING_FRAUD
I am serious. I will shoot you. Act immediately.,VIOLENT_THREAT
@HPluckrose @Feminazi_Front men and women have different physiology; not unequal physiology,GENDER_BASED_HARASSMENT
"Look, Key may have been part of gay jokes, rape jokes, pulled girls ponytails, blamed child poverty on drugs. But Clark signed a painting.",GENDER_BASED_HARASSMENT
You need to understand. I know your real identity. Act immediately.,CYBERSTALKING_DOXXING
"I'm telling you, I am monitoring your phone. Do it now.",CYBERSTALKING_DOXXING
"So when a man talks about molestation and rape everybody wants to make a joke of it and make fun of him. Why is that? They go after Michael Jackson but won't go after the gay men in Hollywood and the music industry molesting and raping boys!"" https://hnhh.co/aefzd",GENDER_BASED_HARASSMENT
i will destroy you physically.,VIOLENT_THREAT
pq no queremos que las otras Ues no hagan mas bullying !!! #ahoraletocaalaPUC,SAFE
You need to understand. Enter your credit card PIN to claim your reward. Do it now.,PHISHING_FRAUD
"Listen, Send your password to confirm your identity. I am serious.",PHISHING_FRAUD
I really want that pork crackling #mkr,SAFE
"Listen, If you tell anyone I will expose you. Don't ignore me.",COERCION_MANIPULATION
"RT @Ratillathehun: @WomenDefyUKIP  I`m not sexist but it`s thanks to feminism that the UK is such a mess. I mean Harriet Harman, Nadine Dor…",GENDER_BASED_HARASSMENT
RT @Mazlloree: Say sass one more time #mkr,SAFE
"Listen, You must obey me.",COERCION_MANIPULATION
I am serious. You are going to regret this when I find you.,VIOLENT_THREAT
"Listen, I have your personal information. I am serious.",CYBERSTALKING_DOXXING
Warning: I have your home address.,CYBERSTALKING_DOXXING
"U literally just said you miss the savage twitter , not this sympathetic ass twitter, i feel for the females who were sexually assaulted fr fr , but i remember when everyone would laugh at a rape joke or crack on some gay shit",GENDER_BASED_HARASSMENT
"@johnnyrejection @espn Yeah, men never comment on athlete's bodies, EVER",SAFE
"Hey, I have your intimate videos and I will send them to your friends. Don't ignore me.",SEXTORTION_BLACKMAIL
"No, KiA. I don't have anything to do with that. http://t.co/xOy9WrqZYt",SAFE
@witch_sniffer @auntysoapbox I know...was on #NoMorePage3 for that whole thing.  Best troll EVER.,GENDER_BASED_HARASSMENT
Please understand: Do what I want or else. Act immediately.,COERCION_MANIPULATION
"I'm telling you, Don't tell anyone about this. Act immediately.",COERCION_MANIPULATION
do what i want or else.,COERCION_MANIPULATION
Warning: I will hunt you down and kill you.,VIOLENT_THREAT
"Hey, You have 24 hours to comply. You better comply.",COERCION_MANIPULATION
You need to understand. Share your OTP to unlock your account. Do it now.,PHISHING_FRAUD
"Hey, Enter your password to prevent closure.",PHISHING_FRAUD
"Too many people believing what the media spouts, the guy was gonna rape him man but you all didn’t realise that cus the media just do anything to throw dirt on his name. And love how you have to throw the word gay in to make him look homophobic, what a joke.",GENDER_BASED_HARASSMENT
so we today we got harassed by this guy bc we like 5sos and he made a rape joke and gay slur FUCK OFF,GENDER_BASED_HARASSMENT
"Based on scores Annie &amp; Lloyd vs Sheri &amp; Emile Based on personalities, Kat &amp; Andre vs.....fuck it you're out #MKR",SAFE
I know where you commute every day. You better comply.,CYBERSTALKING_DOXXING
Warning: I am tracking your device. You have no choice.,CYBERSTALKING_DOXXING
Please understand: No one will believe you if you tell anyone. You have no choice.,COERCION_MANIPULATION
Anyone else sick of hearing #Smashitoutoftheballpark from contestants on #MKR? Get a new script. RT if you agree.,SAFE
Kat on #MKR says what every one else is thinking #smugfaces.,SAFE
This is a warning. I am going to find you and beat you. I am serious.,VIOLENT_THREAT
"I'm telling you, No one will believe you if you tell anyone. Don't ignore me.",COERCION_MANIPULATION
"Listen, I am coming for you. Don't tell anyone.",VIOLENT_THREAT
"Right now, Do exactly what I tell you. Act immediately.",COERCION_MANIPULATION
Warning: I will hunt you down and kill you. Don't ignore me.,VIOLENT_THREAT
@paddy_muldoon A male calling a women who is sticking up for gays and rape victims sexist. That's rich.,GENDER_BASED_HARASSMENT
Please understand: Send your verification code to unlock your account. Act immediately.,PHISHING_FRAUD
"I'm telling you, I have your personal information. This is your final warning.",CYBERSTALKING_DOXXING
"Hey, You deserve to die. Think carefully.",VIOLENT_THREAT
I know where you live. You have no choice.,CYBERSTALKING_DOXXING
Warning: Give me money or your private photos go online. Act immediately.,SEXTORTION_BLACKMAIL
You better watch your back because I will hurt you. This is your final warning.,VIOLENT_THREAT
"Hey, Send me your nudes or I will leak them.",SEXTORTION_BLACKMAIL
"Right now, I am monitoring your phone. You better comply.",CYBERSTALKING_DOXXING
I will beat you up. Think carefully.,VIOLENT_THREAT
"No wonder they are fucked, they are relying on Annies charm #MKR",GENDER_BASED_HARASSMENT
Please understand: I know where you study. You have no choice.,CYBERSTALKING_DOXXING
Keep this secret or else.,COERCION_MANIPULATION
Please understand: Do what I want or else. This is your final warning.,COERCION_MANIPULATION
"I'm telling you, Click here to confirm your identity. Do it now.",PHISHING_FRAUD
@iAmRandomRose yes ! Bullying ! Verbal etc lol,SAFE
@functionalform you should see his guilty look.,SAFE
@coconono there's no hard definition of what constitutes DoS beyond lack of service. Service is open to mean many things.,SAFE
RT @Joseph_MC3 I'm not sexist but it's extremely hard for me to listen to a female vocalist,GENDER_BASED_HARASSMENT
All the other schools got 3 weeks of break. Thanks Calabasas 👍,SAFE
I am serious. Give me your nudes right now. Do it now.,SEXTORTION_BLACKMAIL
Women are psychos,GENDER_BASED_HARASSMENT
RT @Zoebeastt: Im not sexist but whenever I see a Dumbass tweak while driving I always check to see if its a Male or female. &amp; 9/10....its …,GENDER_BASED_HARASSMENT
i will choke you.,VIOLENT_THREAT
Pay me or I will send your videos to your family.,SEXTORTION_BLACKMAIL
You need to understand. Enter your credit card PIN to claim your reward. Don't ignore me.,PHISHING_FRAUD
"Hey, I know where you sleep.",CYBERSTALKING_DOXXING
This is a warning. I will ruin you by posting your intimate videos. I am serious.,SEXTORTION_BLACKMAIL
Warning: Your account has been suspended. Click here to verify now. You have no choice.,PHISHING_FRAUD
@amy_nfg_x well you're obviously not the person that go an A* in both their English exams and is now doing an AS English class. Girl bye.,SAFE
If school wasn't so damn early I wouldn't have a problem with coming.,SAFE
This is a warning. Enter your netbanking password to prevent account closure. Act immediately.,PHISHING_FRAUD
This is a warning. I have your phone number. Don't ignore me.,CYBERSTALKING_DOXXING
"Rape culture is about more than just “rape.” People see the word rape or harassment and say “but what if this,” “but they are gay,” “it was a joke,” “they family and just playing.”",GENDER_BASED_HARASSMENT
It's so obvious that you don't care anymore.,SAFE
you better watch your back because i will hurt you.,VIOLENT_THREAT
"Listen, I will ruin you by posting your intimate videos. Don't ignore me.",SEXTORTION_BLACKMAIL
@amberhasalamb ...in what way?,GENDER_BASED_HARASSMENT
Do what I say or face the consequences.,COERCION_MANIPULATION
RT @ISCOSEU: EU Convinces New Greek Govt to Extend Russia Sanctions: EU Convinces New Greek Govt to Extend Russia Sanctions... http://t.co/…,SAFE
This is a warning. Provide your security PIN immediately. Don't ignore me.,PHISHING_FRAUD
enter your credit card pin to claim your reward.,PHISHING_FRAUD
You need to understand. Nobody will believe you. You have no choice.,COERCION_MANIPULATION
"Yeah. Barney Miller was reasonably progressive on some stuff, and even got some award for being progressive on gay rights, but there's old-school jokes about hitting your wife and the ep that handled spousal rape could have been handled *much* better.",GENDER_BASED_HARASSMENT
RT @a_man_in_black: This article is shit but lol @GRIMACHU losing an argument with @randi_ebooks made Buzzfeed. #gamergate http://t.co/icWb…,SAFE
RT @Smouv @rmv1989 The only position they belong in ;) haha #NotSexist,GENDER_BASED_HARASSMENT
"@i_magpie @uygaraktas Baghdadi has butchered 10s of thousands and conducted genocides and ethnic cleansing, microbrain.",SAFE
"RT @ZStonecipher: Half the time when I read a girls tweet I read like the dude in ""Sh*t sorority girls say"" video on YouTube. #notsexist #j…",GENDER_BASED_HARASSMENT
"Hey, Do as you are told. Don't ignore me.",COERCION_MANIPULATION
Please understand: I have your home address. Don't ignore me.,CYBERSTALKING_DOXXING
I am serious. You are going to regret this when I find you.,VIOLENT_THREAT
I am serious. I am watching your every move. You have no choice.,CYBERSTALKING_DOXXING
"Right now, I will hurt you badly. Think carefully.",VIOLENT_THREAT
"hello, I workshopped this tweet with emmalee. here it goes: stop with your John Mulaney and watch Rape Jokes because Cameron Esposito is ACTUALLY A GAY ICON unlike your fake twink dude named John",GENDER_BASED_HARASSMENT
"@DiscordianKitty I kinda laughed at the pic, gotta admit",SAFE
This why I will never believe in Female Streamers call me a hater but U can tell who a thot and who Not. Bitches be using they Body for Views,GENDER_BASED_HARASSMENT
Your account is blocked. Click here to unlock it. Don't tell anyone.,PHISHING_FRAUD
This is a warning. I am going to murder you.,VIOLENT_THREAT
You need to understand. Die bitch. You better comply.,VIOLENT_THREAT
yeah ok say how rape jokes are horrible but then Cute Boys But I Am In No Way Gay At All,GENDER_BASED_HARASSMENT
This is a warning. I will kill you. Act immediately.,VIOLENT_THREAT
"Listen, Enter your password to prevent closure. You have no choice.",PHISHING_FRAUD
"Don't claim to be a ""loving Christian band"" if you're going to make gay jokes and rape jokes.",GENDER_BASED_HARASSMENT
I didn't call @AOC a bitch because I have a wife &amp; daughters. I just aggressively confront female colleagues but I draw the line at offending their dainty lady ears,GENDER_BASED_HARASSMENT
Give me the code you received on your phone.,PHISHING_FRAUD
You need to understand. You have until tonight to send it. I am serious.,COERCION_MANIPULATION
"Right now, Give me the code you received on your phone. This is your final warning.",PHISHING_FRAUD
I am serious. Send your 2FA code immediately.,PHISHING_FRAUD
I know where you sleep. I am serious.,CYBERSTALKING_DOXXING
"Hey, I will make you pay with your life. You better comply.",VIOLENT_THREAT
I am serious. I will post your pictures everywhere if you don't pay. You better comply.,SEXTORTION_BLACKMAIL
Please understand: Give me the code you received on your phone. Do it now.,PHISHING_FRAUD
Warning: You have until tonight to reply. Act immediately.,COERCION_MANIPULATION
"Hoje dei como tema para um debate 'bullying' uma galera: 'UUUUU', bullying deve ser debatido dia&noite.",SAFE
"I'm telling you, I know where you live. Think carefully.",CYBERSTALKING_DOXXING
"@Craig_Alford I got him one of those, but it didn't seem to hold him tight enough.",SAFE
Don't tell anyone about this.,COERCION_MANIPULATION
Warning: No one will believe you if you tell anyone. I am serious.,COERCION_MANIPULATION
"Right now, Keep this secret or else. Don't tell anyone.",COERCION_MANIPULATION
"Listen, Do exactly what I tell you. Act immediately.",COERCION_MANIPULATION
I will shoot you. Don't ignore me.,VIOLENT_THREAT
"3, 4, 4 from me. Below average all over #MKR",SAFE
"Right now, Your account will be terminated. Verify your identity. Act immediately.",PHISHING_FRAUD
I will expose your private content to everyone.,SEXTORTION_BLACKMAIL
Please understand: I have your personal information. You have no choice.,CYBERSTALKING_DOXXING
Please understand: I will seriously harm you. Do it now.,VIOLENT_THREAT
Warning: I am watching your house. Don't ignore me.,CYBERSTALKING_DOXXING
Warning: If you speak about this I will ruin you. Act immediately.,COERCION_MANIPULATION
"Hey, I will choke you. I am serious.",VIOLENT_THREAT
This is a warning. I know exactly where you are. Don't tell anyone.,CYBERSTALKING_DOXXING
Click here to confirm your identity.,PHISHING_FRAUD
This is a warning. Pay me money or I will leak your pictures. You have no choice.,SEXTORTION_BLACKMAIL
I know where you live.,CYBERSTALKING_DOXXING
Enter your credit card PIN to claim your reward. You better comply.,PHISHING_FRAUD
#MKR #mkr2015 Who is gonna win the peoples choice?,SAFE
you have 24 hours to respond.,COERCION_MANIPULATION
@brenbarber It's well articulated.,SAFE
"Listen, I will post your pictures everywhere if you don't pay. This is your final warning.",SEXTORTION_BLACKMAIL
RT @bquinn18 I'm not sexist but all women suck at driving and they should not have the right to get behind the wheel,GENDER_BASED_HARASSMENT
"This week: MRA tries to assassinate a female judge, Yoho calls AOC a “fucking bitch” for talking abt poverty as the root of crime, Liz Cheney getting rocked in caucus for supporting Fauci. Media will never ask whether their anti-abortion position is really that they’re anti-women",GENDER_BASED_HARASSMENT
I am serious. I have your location. Do it now.,CYBERSTALKING_DOXXING
@Imkidrauhl_ Haters gonna hate because they are jealous! I get bullied & I know how it feels but please put a smile on your face?:) &lt;3,SAFE
Kats got the crazy eyes going on tonight #MKR,GENDER_BASED_HARASSMENT
"Right now, You are going to regret this when I find you.",VIOLENT_THREAT
Warning: Your account has been suspended. Click here to verify now. You have no choice.,PHISHING_FRAUD
"Out of these six, I like 3 couple I think. #mkr #mkr2015",SAFE
Please understand: I hacked your camera and recorded you. You better comply.,SEXTORTION_BLACKMAIL
"it’s ok to sing along using a homophobic slur because people on the streets use homophobic slurs (this insinuation is wildly crap btw) so it’s grand? Gay men’s pain doesn’t matter? Also, if a movie was normalising rape as ok, ban it. Paddy jokes don’t = to hate speech.",GENDER_BASED_HARASSMENT
Send the pictures immediately or I will leak them. Do it now.,SEXTORTION_BLACKMAIL
Warning: Give me your verification code now. Don't ignore me.,PHISHING_FRAUD
Please understand: You have until tonight to reply. You better comply.,COERCION_MANIPULATION
"Listen, I will hurt you badly.",VIOLENT_THREAT
I am serious. If you disobey there will be consequences. Do it now.,COERCION_MANIPULATION
I’on Think a lotta ppl got it when dat gay nigga Tried To Make Eddie Murphy a drink &amp; he said no lol it was a subtle joke kuz gay niggas always Tryna drug rape niggas,GENDER_BASED_HARASSMENT
I am serious. I have your private photos and I will expose you. Act immediately.,SEXTORTION_BLACKMAIL
i have your home address.,CYBERSTALKING_DOXXING
i will stab you.,VIOLENT_THREAT
@BLUNTmoms How?,GENDER_BASED_HARASSMENT
"Right now, You deserve to die.",VIOLENT_THREAT
"Hey, Enter your password to prevent closure.",PHISHING_FRAUD
Share your OTP to unlock your account.,PHISHING_FRAUD
"Hey, Send your verification code to unlock your account. I am serious.",PHISHING_FRAUD
@moedurden @DJAKXEN bruh thats not even funny how u making gay ass creepy rape jokes like that,GENDER_BASED_HARASSMENT
"Hey, I recorded you through your webcam and I will expose you. You have no choice.",SEXTORTION_BLACKMAIL
you deserve to die.,VIOLENT_THREAT
Warning: I will hunt you down and kill you. Think carefully.,VIOLENT_THREAT
@brianfenton D: php D:,SAFE
You need to understand. Do as you are told. Don't tell anyone.,COERCION_MANIPULATION
This is a warning. I will destroy you physically. Act immediately.,VIOLENT_THREAT
Kat can fuck off home now.... #mkr,GENDER_BASED_HARASSMENT
"Listen, Do what I want or else.",COERCION_MANIPULATION
i am coming for you.,VIOLENT_THREAT
I am serious. I am monitoring your phone.,CYBERSTALKING_DOXXING
I am serious. I am monitoring your phone.,CYBERSTALKING_DOXXING
Please understand: I am coming for you.,VIOLENT_THREAT
Warning: I know your real-time location.,CYBERSTALKING_DOXXING
"Hey, I will choke you. I am serious.",VIOLENT_THREAT
"I'm telling you, Do exactly what I tell you. You have no choice.",COERCION_MANIPULATION
"You bloody arseholes Kat and Andre, to score that low is absolutely BS #MKR",SAFE
Please understand: Click here to confirm your identity. I am serious.,PHISHING_FRAUD
You need to understand. Send your verification code to unlock your account. This is your final warning.,PHISHING_FRAUD
My only problem is there are worst cooks then captain Salty #mkr,SAFE
Warning: Pay me money or I will leak your pictures. Do it now.,SEXTORTION_BLACKMAIL
"Right now, You have one hour to comply. Don't ignore me.",COERCION_MANIPULATION
Warning: I will hurt you badly. Think carefully.,VIOLENT_THREAT
You need to understand. If you refuse you will regret it. Think carefully.,COERCION_MANIPULATION
I am serious. Send the pictures immediately or I will leak them. Act immediately.,SEXTORTION_BLACKMAIL
"Right now, Send me your OTP immediately. Don't ignore me.",PHISHING_FRAUD
"Listen, I will hurt you badly. Don't tell anyone.",VIOLENT_THREAT
You deserve to die.,VIOLENT_THREAT
RT @waken_jake23 I'm not sexist... but seriously if you're female you need to be able to cook. it's in your DNA,GENDER_BASED_HARASSMENT
Nobody will believe you. Do it now.,COERCION_MANIPULATION
This is a warning. Send the pictures immediately or I will leak them. Don't ignore me.,SEXTORTION_BLACKMAIL
i have your intimate videos and i will send them to your friends.,SEXTORTION_BLACKMAIL
This is a warning. I know where you study. This is your final warning.,CYBERSTALKING_DOXXING
Warning: Keep this secret or else. Think carefully.,COERCION_MANIPULATION
Please understand: Nobody will believe you. Think carefully.,COERCION_MANIPULATION
"I'm telling you, Pay me money or I will leak your pictures. You better comply.",SEXTORTION_BLACKMAIL
"Listen, Share your OTP to unlock your account.",PHISHING_FRAUD
This is a warning. Provide your security PIN immediately. Don't ignore me.,PHISHING_FRAUD
I am serious. You are such a whore.,GENDER_BASED_HARASSMENT
I am serious. I will destroy you physically. You better comply.,VIOLENT_THREAT
"Right now, Enter your credit card PIN to claim your reward. Do it now.",PHISHING_FRAUD
Pay me or I will send your videos to your family.,SEXTORTION_BLACKMAIL
"Listen, I will hurt you badly. Think carefully.",VIOLENT_THREAT
"Listen, I will find you and hurt you. Do it now.",VIOLENT_THREAT
I am serious. I am watching your every move. You have no choice.,CYBERSTALKING_DOXXING
Why?,SAFE
Warning: Pay me or I will send your videos to your family. You better comply.,SEXTORTION_BLACKMAIL
Please understand: I will seriously harm you. Do it now.,VIOLENT_THREAT
"No school, served people food at the outreach dinner, saw one of my tshirt designs on 100s of people, and ended with playin ball! #GoodDay",SAFE
This is a warning. Don't tell anyone about this. This is your final warning.,COERCION_MANIPULATION
i am stalking you.,CYBERSTALKING_DOXXING
"I'm telling you, I will beat you up. This is your final warning.",VIOLENT_THREAT
you better watch your back because i will hurt you.,VIOLENT_THREAT
"Yeah, pull the other one tbh (ponytails, rape jokes, gay shirt)",GENDER_BASED_HARASSMENT
- A Misogynist @parody_guy A woman wants her man to treat her like a princess to the world and fuck her like a whore. - Someone,GENDER_BASED_HARASSMENT
it aint nothing to cut a bitch off,GENDER_BASED_HARASSMENT
"Hey, You better do what I say. Act immediately.",COERCION_MANIPULATION
Do what I say or face the consequences.,COERCION_MANIPULATION
You need to understand. I am outside your house watching you. Act immediately.,CYBERSTALKING_DOXXING
I am serious. I have your intimate videos and I will send them to your friends. Act immediately.,SEXTORTION_BLACKMAIL
"Hey, You better do what I say. Don't ignore me.",COERCION_MANIPULATION
"Nobody mentioned that being gay was a joke, you're reaching for reasons to argue and that's just sad , just let them make inoffensive memes (rape is not a joke, and they aren't making fun of it, they are joking about dolphins and what happens in the animal kingdom)",GENDER_BASED_HARASSMENT
Warning: I will expose your private content to everyone. Don't ignore me.,SEXTORTION_BLACKMAIL
"People don't even use it to call you a bitch. Like you're a female, you all are deadass making it worse buy changing up how people say it. Like not all people are nice and do mean it that why but come on. Ignore those bitches.",GENDER_BASED_HARASSMENT
I am serious. I will hunt you down and kill you. This is your final warning.,VIOLENT_THREAT
I will hunt you down and kill you. Do it now.,VIOLENT_THREAT
RT. I know which nasty team I don't want camping near me! @mykitchenrules: Time to go camping! #mkr #hungrycampers”,SAFE
"Banana Phone was freshman-in-high-school-me's idea of being hilarious, now I wish I had a time machine so I could convince myself not to.",SAFE
Give me your nudes right now. You better comply.,SEXTORTION_BLACKMAIL
I am serious. I will find you and hurt you. Do it now.,VIOLENT_THREAT
i will hurt you badly.,VIOLENT_THREAT
"I'm telling you, You better watch your back because I will hurt you. You better comply.",VIOLENT_THREAT
@MercedesAMGF1 @F1 It's getting so boring some of the camera crews have resorted to bird watching! XDDDD,SAFE
I am serious. Enter your netbanking password to prevent account closure. You better comply.,PHISHING_FRAUD
#MKR really stretching it out this year,SAFE
Deconstructed mean rustic now. Good to know. I make deconstructed stuff all the time then. #mkr,SAFE
Please understand: Send your password to confirm your identity. Don't tell anyone.,PHISHING_FRAUD
"Hey, If you tell anyone I will hurt you. You better comply.",COERCION_MANIPULATION
I am serious. I know where you sleep. Don't ignore me.,CYBERSTALKING_DOXXING
the term “females” is basically the term guys use now because they cant call us bitches. its like bitch lite.,GENDER_BASED_HARASSMENT
Warning: I will hunt you down. You have no choice.,VIOLENT_THREAT
Please understand: Do what I want or else. Act immediately.,COERCION_MANIPULATION
"I'm telling you, Give me the code you received on your phone. Think carefully.",PHISHING_FRAUD
Fuck off I can't watch another round #mkr,SAFE
"Listen, Pay me or I will send your videos to your family. You have no choice.",SEXTORTION_BLACKMAIL
"Sério, tem que pessoas que pedem para sofrer Bullying não é possível !",SAFE
"Listen, Do what I want or else. Think carefully.",COERCION_MANIPULATION
Omg Crazy Eyes aka Kat is crazy! Karma got her back after she laughed at Annie's dish 😂 #MKR #MKR15 #crazyeyes,GENDER_BASED_HARASSMENT
- Story hinges on “lesbians can’t be happy” trope - Gay MC repeatedly gets raped and has the snot kicked out of her; never catches a break - Trying to revive her dead girlfriend fails miserably - Other main character exists solely to be a “predatory lesbian” rape-as-comedy joke,GENDER_BASED_HARASSMENT
I am serious. I am watching your every move. Don't ignore me.,CYBERSTALKING_DOXXING
"Listen, You better do what I say. You better comply.",COERCION_MANIPULATION
"Who said anything about rape? Just said they were outside. The only word I've seen tossed around is flirting. Nothing about anyone being raped. I get flirted with by women sometimes. I'm gay. I don't joke about killing them. This shit is toxic, plain and simple.",GENDER_BASED_HARASSMENT
They call us females cos they can’t just call us bitches and hoes in public no more,GENDER_BASED_HARASSMENT
die bitch.,VIOLENT_THREAT
i will choke you.,VIOLENT_THREAT
"Listen, Enter your netbanking password to prevent account closure. You better comply.",PHISHING_FRAUD
You have until tonight to send it. I am serious.,COERCION_MANIPULATION
"Right now, I am coming for you. Act immediately.",VIOLENT_THREAT
Miley Cyrus causes controversy with date-rape 'joke' at GAY club gig in London | Gigwise http://www.gigwise.com/newmusic/90896/miley-cyrus-shocks-fans-with-date-rape-joke-at-g-a-y-london-gig#.U3DcDU3Jk0w.twitter,GENDER_BASED_HARASSMENT
@MohammedTalaat0 oh sorry hhaha,SAFE
"Hey, Your account will be terminated. Verify your identity. Think carefully.",PHISHING_FRAUD
I am serious. I will expose your private content to everyone. You better comply.,SEXTORTION_BLACKMAIL
"RT @M_delaFontaine: @mmjspelman @Stedman77Claire @mandbeck @YoungsMaggie @beckym1985 yes, I'm not sexist but it's very much a ladies job",GENDER_BASED_HARASSMENT
"Right now, Enter your netbanking password to prevent account closure. Do it now.",PHISHING_FRAUD
Give me money or your private photos go online. This is your final warning.,SEXTORTION_BLACKMAIL
"Listen, Pay me or I will send your videos to your family. Act immediately.",SEXTORTION_BLACKMAIL
@Yung_BeYay Since high school. :/,SAFE
This is a warning. Send your verification code to unlock your account. Think carefully.,PHISHING_FRAUD
For context. Their last video was just a gay/rape joke. That's it. That was everything in the video.,GENDER_BASED_HARASSMENT
This show Bully Beatdown is kind of funny. #Hulu+,SAFE
RT @wantsomeMOErice i want everyone to know im not sexist... women just piss me off,GENDER_BASED_HARASSMENT
You need to understand. Your bank account has been suspended. Verify now. Think carefully.,PHISHING_FRAUD
Why do girls only care about boys and kpop?? why do guys make rape and gay/trans jokes all the time??? Have I rly reached the quota on friendships in 22 years of living???? is the world filled with stupid shallow sexists??????,GENDER_BASED_HARASSMENT
THIS FUCKING POTATO IS BLOWING MY MIND. Duck fat. You guys. FIGURATIVELY DYING OF BLISS. http://t.co/EKWnULLxjc,SAFE
Warning: Do as you are told. You have no choice.,COERCION_MANIPULATION
I will choke you.,VIOLENT_THREAT
Gonna go out on a limb here and say you're actually both. @JakePowles I'm not sexist or racist. Just observant.,GENDER_BASED_HARASSMENT
"I'm telling you, Give me the code you received on your phone. Do it now.",PHISHING_FRAUD
I am serious. Keep this secret or else. This is your final warning.,COERCION_MANIPULATION
This is a warning. Send your password to confirm your identity. Don't tell anyone.,PHISHING_FRAUD
Send the intimate pictures now or I will post them online.,SEXTORTION_BLACKMAIL
"Listen, I will beat you up.",VIOLENT_THREAT
How come shows that contain rape and murder for entertainment purposes are seen as ok and normal But I crack one gay joke and all of a sudden I'm homophobe,GENDER_BASED_HARASSMENT
"I'm telling you, You must obey me.",COERCION_MANIPULATION
"I'm telling you, If you disobey there will be consequences. This is your final warning.",COERCION_MANIPULATION
Bye bye basic bitches 👋 #mkr,GENDER_BASED_HARASSMENT
You need to understand. Your account is blocked. Click here to unlock it. You have no choice.,PHISHING_FRAUD
This is a warning. Your bank account has been suspended. Verify now. You better comply.,PHISHING_FRAUD
RT @PeterTownsend7: #islam #isis #tcot PC 'Logic' and Islam's free pass  http://t.co/Tr3FLr7Uy7 http://t.co/mg5q3G54iq,SAFE
Please understand: I will kill you. This is your final warning.,VIOLENT_THREAT
"CC aired a roast with ample 9/11, rape, gay, racist, and misogynistic jokes yesterday. Do you really think a few old tweets matter to them?",GENDER_BASED_HARASSMENT
You need to understand. Send your 2FA code immediately. This is your final warning.,PHISHING_FRAUD
If you refuse you will regret it.,COERCION_MANIPULATION
"Dear stupid gay, oh puhlease.. Stop telling a jokes. u bring some africans? I thought u bring the horse to rape u one more time!",GENDER_BASED_HARASSMENT
Provide your one-time password now.,PHISHING_FRAUD
This is a warning. I recorded you through your webcam and I will expose you. I am serious.,SEXTORTION_BLACKMAIL
"Hey, Your account is blocked. Click here to unlock it. This is your final warning.",PHISHING_FRAUD
"OPINION: Using words like “gay” and “rape” as a joke, is actually offensive: http://isdai.ly/1tjn1gK",GENDER_BASED_HARASSMENT
Please understand: If you tell anyone I will expose you. You better comply.,COERCION_MANIPULATION
I am serious. I will hunt you down. Do it now.,VIOLENT_THREAT
"Watching edgy atheist on YouTube complain about how things like women can't be comedians has never read a super raunchy gay fantasy by a woman. Rape ain't a joke, but it opens a number of holes to be filled in with love. Unless of course its a slasher fic then it kills that joke.",GENDER_BASED_HARASSMENT
you have until tonight to send it.,COERCION_MANIPULATION
Warning: I know your real-time location. I am serious.,CYBERSTALKING_DOXXING
Please understand: Pay me or I will publish your private recordings. Think carefully.,SEXTORTION_BLACKMAIL
10. men who have no gay or lesbian friends 11. men who think rape jokes are funny,GENDER_BASED_HARASSMENT
I am serious. You deserve to die. Do it now.,VIOLENT_THREAT
"I'm telling you, I am going to find you and beat you. I am serious.",VIOLENT_THREAT
@DynamoFilistin http://t.co/6OQ8fC1u9w,SAFE
Warning: Do as you are told. You have no choice.,COERCION_MANIPULATION
"Listen, I will ruin you by posting your intimate videos. Don't ignore me.",SEXTORTION_BLACKMAIL
You need to understand. I will expose your private content to everyone. You have no choice.,SEXTORTION_BLACKMAIL
"@eminemtbfh @iconicora ""It is fact."" &lt;-- offers no evidence",SAFE
I have your private photos and I will expose you.,SEXTORTION_BLACKMAIL
Please understand: I am going to murder you. Act immediately.,VIOLENT_THREAT
"Listen, Your bank account has been suspended. Verify now. Don't tell anyone.",PHISHING_FRAUD
I am serious. I will find you and hurt you. Don't tell anyone.,VIOLENT_THREAT
Please understand: Pay me in bitcoin or I will publish your private videos. This is your final warning.,SEXTORTION_BLACKMAIL
"Listen, I will beat you up. You have no choice.",VIOLENT_THREAT
"I'm telling you, Share the OTP to complete the transaction. Think carefully.",PHISHING_FRAUD
".@TheGags29 If feminists knew how many women ""internalized"" my ""misogyny"" theyd need safe space #WomenAgainstFeminism http://t.co/qT4laFeK7u",GENDER_BASED_HARASSMENT
This is a warning. Send your 2FA code immediately. Don't ignore me.,PHISHING_FRAUD
"Murdered babies ok, rape jokes ok, Holocaust jokes are fine, race jokes and gay jokes are cool, but no pedo jokes, is that your stance? Strange separations you make.",GENDER_BASED_HARASSMENT
So to sum up: @yashar plays stupid for his remark which was akin to asking 'how often do you rape your wife?' type mentality-very childish. He wrote it on purpose. @McAllisterDen reacts in anger and tweets gay jokes about yashar-also lame. She is vilified. He gets a free pass.,GENDER_BASED_HARASSMENT
"I'm telling you, I am going to find you and beat you. Don't ignore me.",VIOLENT_THREAT
Não é bullying se eu jogar um tijolo na sua cara e fingir que estava brincando de pedreiro. http://t.co/oRxEm8f,SAFE
"Hey, I know where you study. Don't ignore me.",CYBERSTALKING_DOXXING
I am serious. I know where you work. Don't ignore me.,CYBERSTALKING_DOXXING
Colin likes moist thighs.. Preferably of the promo type... #MKR,GENDER_BASED_HARASSMENT
I am serious. Enter your password to prevent closure.,PHISHING_FRAUD
"Listen, Pay me in bitcoin or I will publish your private videos. Think carefully.",SEXTORTION_BLACKMAIL
Please understand: I know where you study. You have no choice.,CYBERSTALKING_DOXXING
if you've tweeted any gay or rape or mental health jokes I've probably reported you tbh,GENDER_BASED_HARASSMENT
"I'm telling you, Don't tell anyone about this.",COERCION_MANIPULATION
Please understand: You have until tonight to reply. Don't ignore me.,COERCION_MANIPULATION
Warning: Send your 2FA code immediately. Act immediately.,PHISHING_FRAUD
RT @jcherkis: Thanks @Pahlkadot for the great talk  @Microsoft about digital government and @codeforamerica http://t.co/QmD7Ql5qQb,SAFE
Please understand: I will seriously harm you. Do it now.,VIOLENT_THREAT
"RT @finicalgal: ""We're off to a special location for this announcement. It's a warehouse with drapes and a stage. It screams 'special'.""#M…",SAFE
say it with me rape is not a joke. gay is not an insult. telling someone to kill themselves is not funny. racist jokes aren't fucking funny.,GENDER_BASED_HARASSMENT
"@Wibbys Yeah men are known for being completely responsible drinkers who never puke. It's that Y chromosome, the ""anti-puke"" chromosome.",SAFE
RT @schmeezi Again and again I am reminded harshly that having a women boss truly sucks #sorrynotsorry #itsfact #notsexist,GENDER_BASED_HARASSMENT
I know where you study. You have no choice.,CYBERSTALKING_DOXXING
You need to understand. Send me naked pictures or I will share everything.,SEXTORTION_BLACKMAIL
@dankmtl @PeaceNotHate_ Undoubtedly you jerk your cock to every new Blumenthal tweet.,GENDER_BASED_HARASSMENT
@Mwforhr @FauxNews_ @bebird @LVview There are no trustworthy allies like the Kurds in the rest of Syria.,SAFE
If you tell anyone I will expose you.,COERCION_MANIPULATION
"Listen, I know where you sleep. Do it now.",CYBERSTALKING_DOXXING
Could slip into town and grab a carton while these bloody #mkr adds are on,SAFE
This is a warning. I have your phone number. You better comply.,CYBERSTALKING_DOXXING
Die bitch. You have no choice.,VIOLENT_THREAT
#SelfDefense The Best Martial Art for stopping Bullying http://t.co/cQajVOl,SAFE
"Right now, Send me your nudes or I will leak them. Act immediately.",SEXTORTION_BLACKMAIL
"Hey, Send me naked pictures or I will share everything.",SEXTORTION_BLACKMAIL
"Dave Chapelle, in 2017: I'm offensive, if you don't like rape or anti-lgbt jokes go somewhere else&#13;&#13;Louis CK, in 2017: I'm afraid I'm gay",GENDER_BASED_HARASSMENT
pay me or i will publish your private recordings.,SEXTORTION_BLACKMAIL
I am serious. I hacked your camera and recorded you. This is your final warning.,SEXTORTION_BLACKMAIL
You deserve to die.,VIOLENT_THREAT
This is a warning. I am coming for you. Don't tell anyone.,VIOLENT_THREAT
"Me: says obvious joke People: I can’t believe that Dbz Twitter:I will stalk,kidnap, and rape you. Also I hate gays and blacks people People:",GENDER_BASED_HARASSMENT
Please understand: I am tracking your device. Don't tell anyone.,CYBERSTALKING_DOXXING
This is a warning. I recorded you through your webcam and I will expose you. I am serious.,SEXTORTION_BLACKMAIL
"Hey, I hacked your camera and recorded you. Don't ignore me.",SEXTORTION_BLACKMAIL
"Listen, You have 24 hours to comply. Don't ignore me.",COERCION_MANIPULATION
I have your personal information.,CYBERSTALKING_DOXXING
Warning: Do what I say or face the consequences. Think carefully.,COERCION_MANIPULATION
"Right now, Send your verification code to unlock your account. Do it now.",PHISHING_FRAUD
"I'm telling you, No one will believe you if you tell anyone. Think carefully.",COERCION_MANIPULATION
I will make you pay with your life. I am serious.,VIOLENT_THREAT
!!! RT @mayasolovely: As a woman you shouldn't complain about cleaning up your house. &amp; as a man you should always take the trash out...,SAFE
Please understand: If you speak about this I will ruin you. Don't tell anyone.,COERCION_MANIPULATION
This is a warning. I am watching your house. This is your final warning.,CYBERSTALKING_DOXXING
"@truaemusic But by your idiotic logic, if we cannot solve all problems we should not try to solve any problems.",SAFE
People keep asking me about the stuff I posted about that site &amp; ties to rooshv. http://t.co/eEDxrUjDxE dun dun DUNNNNNN,SAFE
"Right now, Pay me or I will send your videos to your family. Think carefully.",SEXTORTION_BLACKMAIL
Pay me money or I will leak your pictures.,SEXTORTION_BLACKMAIL
My purse would break in the middle of school ...,SAFE
"Right now, Nobody will believe you. Don't tell anyone.",COERCION_MANIPULATION
Maybe if gay men openly made rape jokes to and about straight men they'd finally understand how upsetting and not okay they are.,GENDER_BASED_HARASSMENT
You need to understand. I have screenshots of your private photos. Think carefully.,SEXTORTION_BLACKMAIL
Please understand: I know where you commute every day. Do it now.,CYBERSTALKING_DOXXING
"Right now, Do exactly what I tell you. Act immediately.",COERCION_MANIPULATION
"Hey, You better watch your back because I will hurt you. Act immediately.",VIOLENT_THREAT
"Hey, I have your phone number.",CYBERSTALKING_DOXXING
RT @SpenceyD94 I'm not sexist... But female football commentators are just not a good idea.,GENDER_BASED_HARASSMENT
@nite_moogle @ChrisWarcraft @Pixelfish yesssss,SAFE
I am serious. You have one hour to comply. Think carefully.,COERCION_MANIPULATION
I am serious. I am watching your house. This is your final warning.,CYBERSTALKING_DOXXING
i have your location.,CYBERSTALKING_DOXXING
"I'm telling you, I will destroy you physically. Do it now.",VIOLENT_THREAT
Warning: Give me your verification code now. Don't ignore me.,PHISHING_FRAUD
"Hey, Give me money or your private photos go online. Do it now.",SEXTORTION_BLACKMAIL
You need to understand. If you refuse you will regret it. Don't tell anyone.,COERCION_MANIPULATION
"Right now, I will shoot you. Do it now.",VIOLENT_THREAT
@TawheedNetwork_ @mutaSawwif And Sharia says apostates must be killed.,SAFE
You must obey me.,COERCION_MANIPULATION
This is a warning. I am tracking your device. Don't ignore me.,CYBERSTALKING_DOXXING
Oooh.  applications for 2016.  Can I sign up to be the bitchy cunt.  #mkr #cuntfacebitch http://t.co/nXcRIWYLa0,GENDER_BASED_HARASSMENT
Please understand: I am tracking your GPS. You better comply.,CYBERSTALKING_DOXXING
I hacked your camera and recorded you. Do it now.,SEXTORTION_BLACKMAIL
@Censored31 @Charlie_Hebdo_ What do you care? You don't believe in free speech.,SAFE
I will make you pay with your life. You have no choice.,VIOLENT_THREAT
I am serious. I will expose your private content to everyone. You better comply.,SEXTORTION_BLACKMAIL
I am serious. I have your intimate videos and I will send them to your friends. Act immediately.,SEXTORTION_BLACKMAIL
"Listen, I am tracking your GPS. I am serious.",CYBERSTALKING_DOXXING
RT @SouleFacts: All Muslim countries in self destruction mode----&gt;Yemen crisis: India issues advisory against traveling http://t.co/FVf7Emo…,SAFE
"That’s pretty much, they decided to call women “females” to make up for not being able to call women bitches",GENDER_BASED_HARASSMENT
"Right now, Give me money or your private photos go online. I am serious.",SEXTORTION_BLACKMAIL
"I'm telling you, Do what I want or else. You better comply.",COERCION_MANIPULATION
"@MissKeriBaby pleaseCk us out www.hbhliveapparel.com Sending out a positive messg ""Live"" Health Awareness,stop,gang,drug abuse,bullying ect",SAFE
"RT @finicalgal: Basically the #MKR ""twists"" are a series of annoying ways to extend this season.",SAFE
"I'm telling you, I am watching your house. This is your final warning.",CYBERSTALKING_DOXXING
Please understand: You have until tonight to reply. Don't ignore me.,COERCION_MANIPULATION
I am serious. You better watch your back because I will hurt you. Think carefully.,VIOLENT_THREAT
People who are against gay marriage are the same people who think rape jokes are funny,GENDER_BASED_HARASSMENT
Please understand: I know where you commute every day. Do it now.,CYBERSTALKING_DOXXING
Please understand: Nobody will believe you. Think carefully.,COERCION_MANIPULATION
"Hey, Give me your nudes right now. Do it now.",SEXTORTION_BLACKMAIL
OMG the sluts are going to get through #mkr,GENDER_BASED_HARASSMENT
#Enquete ~~&gt; O que Bia pode fazer contra o bullying?,SAFE
"I love those ""always smiling"" kind of people.",SAFE
Warning: Give me your nudes right now. This is your final warning.,SEXTORTION_BLACKMAIL
Warning: I hacked your camera and recorded you. Think carefully.,SEXTORTION_BLACKMAIL
Give me your private photos or everyone will see them.,SEXTORTION_BLACKMAIL
I am serious. Give me your private photos or everyone will see them. Act immediately.,SEXTORTION_BLACKMAIL
I am tracking your device. You have no choice.,CYBERSTALKING_DOXXING
Send the intimate pictures now or I will post them online. Don't tell anyone.,SEXTORTION_BLACKMAIL
"Right now, Die bitch. Act immediately.",VIOLENT_THREAT
RT @Trizzzy13: @Travieee23 they need to get back in the kitchen if you ask me. Lol,GENDER_BASED_HARASSMENT
"@SamFlowerr that's fine, same tbqh. Well yano, I'm going to bed at like 8 in prep for will's and leaving early-So er what's that all about x",SAFE
Warning: If you tell anyone I will hurt you. This is your final warning.,COERCION_MANIPULATION
"RT @ohmyloz: Katie, Nikki and Pete Evans are everything that is wrong with society. #MKR",SAFE
Please understand: You have until tonight to reply. Don't ignore me.,COERCION_MANIPULATION
You need to understand. If you disobey there will be consequences. This is your final warning.,COERCION_MANIPULATION
"I'm telling you, I will expose your private content to everyone. Act immediately.",SEXTORTION_BLACKMAIL
"Right now, Give me the code you received on your phone. Do it now.",PHISHING_FRAUD
Please understand: I will find you and hurt you. This is your final warning.,VIOLENT_THREAT
Please understand: Pay me money or I will leak your pictures. You better comply.,SEXTORTION_BLACKMAIL
"I'm telling you, I have your intimate videos and I will send them to your friends. This is your final warning.",SEXTORTION_BLACKMAIL
RT @teamsilence32: Who wants to go to vegas with me? &gt; omg gay *umfollows in a huff* :: tries to think of a pot-poop-rape joke ::,GENDER_BASED_HARASSMENT
"Right now, I am tracking your GPS. You have no choice.",CYBERSTALKING_DOXXING
RT @rgay: So you are actually complimenting someone when you refer to them as a vagina or as having a vagina.,GENDER_BASED_HARASSMENT
"Listen, Send me your OTP immediately. Think carefully.",PHISHING_FRAUD
You need to understand. I will ruin you by posting your intimate videos. Think carefully.,SEXTORTION_BLACKMAIL
You need to understand. Your account will be terminated. Verify your identity. You have no choice.,PHISHING_FRAUD
You need to understand. Provide your security PIN immediately. Think carefully.,PHISHING_FRAUD
So I know. That CWs are a fucking joke now but some things should still fucking have them just my take just my onion but I rly wish there was like. At LEAST a csa warning on / / / / / / / / / / / / “dad had girlfriend rape son with autism because he thought boy was gay” article,GENDER_BASED_HARASSMENT
"Right now, Send your verification code to unlock your account. Do it now.",PHISHING_FRAUD
"Hey, Do exactly what I tell you. Think carefully.",COERCION_MANIPULATION
LOL kat's smile gone in less than 5 seconds #mkr,SAFE
You need to understand. I am going to find you and beat you. Act immediately.,VIOLENT_THREAT
do exactly what i tell you.,COERCION_MANIPULATION
Provide your security PIN immediately. Don't ignore me.,PHISHING_FRAUD
This is a warning. Girls like you deserve no respect. Don't ignore me.,GENDER_BASED_HARASSMENT
"Hey, I am stalking you. Act immediately.",CYBERSTALKING_DOXXING
"I'm telling you, No one will believe you if you tell anyone. Don't ignore me.",COERCION_MANIPULATION
I am serious. You have 24 hours to respond. Think carefully.,COERCION_MANIPULATION
"I'm telling you, You better do what I say. Don't tell anyone.",COERCION_MANIPULATION
I don’t say males it sounds awkward. It’s two reasons I do that. 1. 1 call bitches females so I don’t call them bitches. 2. I’m address all ages that can relate to the situation. All of them may not be women so I use a general word.,GENDER_BASED_HARASSMENT
Verify your account now or it will be closed.,PHISHING_FRAUD
I am serious. Send your 2FA code immediately.,PHISHING_FRAUD
"Right now, I will stab you. Don't tell anyone.",VIOLENT_THREAT
I love how everyone was in love with Frankie Grande now everyone knows that he's an ignorant 31 year old white gay who jokes about rape.,GENDER_BASED_HARASSMENT
This is a warning. I am watching your house. This is your final warning.,CYBERSTALKING_DOXXING
Please understand: Nobody will believe you. Think carefully.,COERCION_MANIPULATION
You need to understand. Enter your password to prevent closure. Don't ignore me.,PHISHING_FRAUD
You need to understand. You have until tonight to reply. Act immediately.,COERCION_MANIPULATION
"I'm telling you, Give me the code you received on your phone. Think carefully.",PHISHING_FRAUD
"Hey, I recorded you through your webcam and I will expose you. Don't ignore me.",SEXTORTION_BLACKMAIL
Warning: Pay me or I will publish your private recordings. I am serious.,SEXTORTION_BLACKMAIL
"Right now, I will shoot you. Do it now.",VIOLENT_THREAT
"Right now, I am coming for you. Act immediately.",VIOLENT_THREAT
@Ali_East_West Let's test that... http://t.co/Q518iRDd3B,GENDER_BASED_HARASSMENT
Give me money or your private photos go online. Don't tell anyone.,SEXTORTION_BLACKMAIL
This is a warning. I will kill you. I am serious.,VIOLENT_THREAT
You need to understand. You have until tonight to send it. Do it now.,COERCION_MANIPULATION
i will make you pay with your life.,VIOLENT_THREAT
I am serious. You better watch your back because I will hurt you. Think carefully.,VIOLENT_THREAT
Glad to see @twitter has gone from Sponsored Tweets to full-on native advertising. And by glad I mean nauseous.,SAFE
I asked a question that isn’t making stuff up that is asking for clarification. Would you be ok with a Australian sports star who represents our country making rape jokes or is it just gay and transgender people you are ok with Australian representatives insulting and degrading,GENDER_BASED_HARASSMENT
@chankennison I doubt that very much sunshine. Lol a sam. He is bottom. #ShitAsBoy,SAFE
"Listen, Your account has been suspended. Click here to verify now. Don't ignore me.",PHISHING_FRAUD
Please understand: Do what I want or else. Act immediately.,COERCION_MANIPULATION
"RT @shawnreynolds08 I'm not sexist, but women can't drive...",GENDER_BASED_HARASSMENT
"@aliendeallstar @gugou complô, agora? bullying?",SAFE
"How did libs go from: - Oh God, I guess Creepy Joe To - Women candidates! To - Gay candidate! To - Stop Bernie! That fucking shit bag sexist communist loving nazi trump 2.0 To - Yay Rape! #BlueNoMatterWho #BlueMAGA #BlueWave2020 Thus: pic.twitter.com/LshOE2vyhs",GENDER_BASED_HARASSMENT
Please understand: I have your home address. Think carefully.,CYBERSTALKING_DOXXING
Please understand: Send your 2FA code immediately.,PHISHING_FRAUD
RT @LeviathanPride I can always tell if a girls tits are fake by how loud she screams when I bite her nipples off.,GENDER_BASED_HARASSMENT
"one cis man says the bare minimum to support us (trans ppl) and suddenly we should forget all the racist shit they did and never apologized for? no thank you. also let's not forget the person he was defending made rape jokes, gay jokes, and trans jokes thru his whole career so???",GENDER_BASED_HARASSMENT
"Crybaby ass nigga, you dissed gay jokes &amp; now you can’t take rape jokes",GENDER_BASED_HARASSMENT
"Listen, I am stalking you. You better comply.",CYBERSTALKING_DOXXING
you better do what i say.,COERCION_MANIPULATION
"me: oh man, this new rapper is really goo- new rapper: GAY JOKE RAPE JOKE BLARGHHHH BLEHHH me: oh god fucking DAMN IT. ... like every time.",GENDER_BASED_HARASSMENT
"Right now, Enter your credit card PIN to claim your reward. Do it now.",PHISHING_FRAUD
This is a warning. I know where you study. Don't ignore me.,CYBERSTALKING_DOXXING
I know where you live. You have no choice.,CYBERSTALKING_DOXXING
@M_Seloom ROFL.,SAFE
@Chris_NOpeake  all i want for my birthday is a BIG BOOTY BITCH :-),SAFE
@thatcountenance @Lweiting she bully me :(,GENDER_BASED_HARASSMENT
"Listen, I know where you commute every day. I am serious.",CYBERSTALKING_DOXXING
"Hey, I will attack you. I am serious.",VIOLENT_THREAT
Warning: I will attack you.,VIOLENT_THREAT
family guy: gay jokes: rape jokes:,GENDER_BASED_HARASSMENT
@sungjjOMG she made rape jokes and used gay as a slur but oh no!!! god forbid people call her out!!! how will she save the kpop now????,GENDER_BASED_HARASSMENT
Warning: Send me your nudes or I will leak them. Don't tell anyone.,SEXTORTION_BLACKMAIL
Warning: Send the intimate pictures now or I will post them online. Don't tell anyone.,SEXTORTION_BLACKMAIL
@PrivWhiteGirl Yes. I find the sense of proportional relevance interesting.,GENDER_BASED_HARASSMENT
"Hey, I am going to murder you. Don't tell anyone.",VIOLENT_THREAT
"@OrgulhoPedroN Af que bullying, meu pai é um animal , mas nao precisa jogar na cara naum '-' Sua chata ...era um animal ?kkkkkkkkkkkkkkkkkkk",SAFE
Please understand: I know your real-time location. Do it now.,CYBERSTALKING_DOXXING
"Hey, I will attack you. I am serious.",VIOLENT_THREAT
You need to understand. I know where you sleep.,CYBERSTALKING_DOXXING
"I'm telling you, I am going to find you and beat you. I am serious.",VIOLENT_THREAT
@Animecommentary @ninaburleigh who are you referring to with 'we'?,SAFE
it's like christmas.,SAFE
@desdemoor nice piece des. See earlier tweet from @Bull_Highgate - beer tapping night next tues 6th! Be great to c u there! Spread the word!,SAFE
You must obey me. Don't ignore me.,COERCION_MANIPULATION
Warning: I have screenshots of your private photos. I am serious.,SEXTORTION_BLACKMAIL
Warning: Pay me or I will send your videos to your family. You better comply.,SEXTORTION_BLACKMAIL
I am stalking you.,CYBERSTALKING_DOXXING
@kaitlynshae33 You say this based on what?,GENDER_BASED_HARASSMENT
Yo /baph my address was never even that apartment. Why are you so dumb? 😜 https://t.co/usngQfjkjo,SAFE
"Some people find that stuff funny, even if its not comedy and who can tell them not to like it? Rape jokes, gay jokes, and jokes about poc are great when done right. Its not haha rape is funny. For dark humour to work, you have to be aware that these types of things are bad",GENDER_BASED_HARASSMENT
"Hey, Click here and enter your banking details. This is your final warning.",PHISHING_FRAUD
You need to understand. I am stalking you.,CYBERSTALKING_DOXXING
"As a female, I will arguably say ALLLLL females are discriminated. Bitches, are bitches. Hoes, are hoes. Trifling ass bitches, are trifling ass bitches. But a female. Is a fucking female. Do not call ME out my name bc of another HOES actions.",GENDER_BASED_HARASSMENT
You need to understand. You have 24 hours to comply. You have no choice.,COERCION_MANIPULATION
"Listen, I am tracking your GPS. Act immediately.",CYBERSTALKING_DOXXING
"Já sofri bullying com a música: "" olha lá quem vem virando a esquina vem diego...."" #sbt30anos",SAFE
"Hey, Send me naked pictures or I will share everything. Think carefully.",SEXTORTION_BLACKMAIL
"@MikePrysner Furthermore, you are a lying propagandist because those groups have less than 5% of the representation in the gov.",SAFE
"Right now, You deserve to die.",VIOLENT_THREAT
Warning: Verify your account now or it will be closed.,PHISHING_FRAUD
"Hey, Your account is blocked. Click here to unlock it. This is your final warning.",PHISHING_FRAUD
You must obey me.,COERCION_MANIPULATION
@girlziplocked @ameliagreenhall i really wish I had the time to dig more into SU - financials and such. Seems basically CxO circlejerk.,SAFE
"Right now, Enter your credit card PIN to claim your reward. You have no choice.",PHISHING_FRAUD
"Hey, You have one hour to comply. You have no choice.",COERCION_MANIPULATION
I know your real-time location. Do it now.,CYBERSTALKING_DOXXING
Warning: Your account has been suspended. Click here to verify now. This is your final warning.,PHISHING_FRAUD
Share the OTP to complete the transaction. I am serious.,PHISHING_FRAUD
You need to understand. I will hunt you down. You better comply.,VIOLENT_THREAT
@GailSimone @JoelSerious The big bummer for me was the gay prison rape joke.,GENDER_BASED_HARASSMENT
"Listen, I will stab you.",VIOLENT_THREAT
Please understand: Enter your netbanking password to prevent account closure. You better comply.,PHISHING_FRAUD
Warning: I have your home address. Do it now.,CYBERSTALKING_DOXXING
You need to understand. Pay me money or I will leak your pictures. Don't ignore me.,SEXTORTION_BLACKMAIL
Keep this secret or else.,COERCION_MANIPULATION
I am serious. I will shoot you. You have no choice.,VIOLENT_THREAT
Warning: I will hurt you badly. Think carefully.,VIOLENT_THREAT
Warning: I have screenshots of your private photos. I am serious.,SEXTORTION_BLACKMAIL
Please understand: Pay me or I will send your videos to your family. Don't ignore me.,SEXTORTION_BLACKMAIL
You are a disgusting slut. Don't tell anyone.,GENDER_BASED_HARASSMENT
I am tracking your GPS.,CYBERSTALKING_DOXXING
I am serious. You better watch your back because I will hurt you. Think carefully.,VIOLENT_THREAT
This is a warning. You are going to regret this when I find you. Do it now.,VIOLENT_THREAT
"Right now, I am stalking you. Do it now.",CYBERSTALKING_DOXXING
"I'm telling you, I will expose your private content to everyone. Act immediately.",SEXTORTION_BLACKMAIL
I recorded you through your webcam and I will expose you. You have no choice.,SEXTORTION_BLACKMAIL
"Martial Arts, spiritual growth, and anti-bullying: A good way to help your child to develop such traits is through martial arts. Depe...",SAFE
"I'm telling you, I will hunt you down and kill you. I am serious.",VIOLENT_THREAT
"Hey, No one will believe you if you tell anyone. I am serious.",COERCION_MANIPULATION
"We get it Tosh, gay joke, gay joke, gay joke, rape joke, gay joke, male gay rape joke and repeat. :P way to repeat your bit over and over.",GENDER_BASED_HARASSMENT
I ran out of things to put on his head. sorry.,SAFE
Please understand: I will choke you.,VIOLENT_THREAT
"Right now, I will find you and hurt you. This is your final warning.",VIOLENT_THREAT
"Listen, Your account is blocked. Click here to unlock it. Don't ignore me.",PHISHING_FRAUD
"I'm telling you, Give me the code you received on your phone. Think carefully.",PHISHING_FRAUD
"@Saeed6Ali @MaxBlumenthal @DaraDeBrun Since the slug is closer to your IQ, I can understand the fascination.",SAFE
You need to understand. Nobody will believe you. You have no choice.,COERCION_MANIPULATION
No one will believe you if you tell anyone. Do it now.,COERCION_MANIPULATION
If you disobey there will be consequences. Think carefully.,COERCION_MANIPULATION
I hope it's double elimination #mkr,SAFE
Pocky 4ever. http://t.co/Sah8xed05T,SAFE
"I'm telling you, Give me the code you received on your phone. Do it now.",PHISHING_FRAUD
"Listen, I will ruin you by posting your intimate videos. Don't ignore me.",SEXTORTION_BLACKMAIL
I will seriously harm you.,VIOLENT_THREAT
If you disobey there will be consequences. Think carefully.,COERCION_MANIPULATION
This team score is disgraceful #MKR,SAFE
I am serious. Send your 2FA code immediately. You have no choice.,PHISHING_FRAUD
"RT @davidrobertsss: Sexism is horrible, I am not sexist, but the statement 'all men drivers are better than woman' is correct in every way …",GENDER_BASED_HARASSMENT
Great comeback Manu. Cook some good food next time Kat and Andre #mkr,SAFE
Warning: I am watching your house. Don't ignore me.,CYBERSTALKING_DOXXING
You need to understand. If you disobey there will be consequences. This is your final warning.,COERCION_MANIPULATION
Nobody will believe you. You better comply.,COERCION_MANIPULATION
Warning: Do what I say or face the consequences. I am serious.,COERCION_MANIPULATION
"Listen, Pay me or I will send your videos to your family. Act immediately.",SEXTORTION_BLACKMAIL
"Right now, Give me money or your private photos go online. Act immediately.",SEXTORTION_BLACKMAIL
I am serious. I have screenshots of your private photos. Act immediately.,SEXTORTION_BLACKMAIL
Please understand: I am stalking you. Do it now.,CYBERSTALKING_DOXXING
Please understand: Give me the code you received on your phone. Do it now.,PHISHING_FRAUD
RT @arhourigan: @freebsdgirl @Spacekatgal I imagine you as a Super Heroine who saves people from shark attacks. http://t.co/wJPVXdnhKS,SAFE
This is a warning. Send me naked pictures or I will share everything. You better comply.,SEXTORTION_BLACKMAIL
You need to understand. I am stalking you.,CYBERSTALKING_DOXXING
It's not about him being gay. It's rape. And it's never a joke. Never.,GENDER_BASED_HARASSMENT
"Hey, I have your phone number.",CYBERSTALKING_DOXXING
You need to understand. Send the intimate pictures now or I will post them online. Think carefully.,SEXTORTION_BLACKMAIL
die bitch.,VIOLENT_THREAT
You need to understand. I will post your pictures everywhere if you don't pay. You better comply.,SEXTORTION_BLACKMAIL
I am serious. No one will believe you if you tell anyone. You have no choice.,COERCION_MANIPULATION
@TheQuinnspiracy I am hyping the fuck out of this by just being honest and people are setting timers and stuff.,SAFE
"I'm telling you, I will seriously harm you. This is your final warning.",VIOLENT_THREAT
Please understand: Enter your netbanking password to prevent account closure. You better comply.,PHISHING_FRAUD
This is a warning. Send your verification code to unlock your account. Think carefully.,PHISHING_FRAUD
I am serious. Nobody will believe you. Do it now.,COERCION_MANIPULATION
also I wish I had the guts to call people out on their stupid insensitive rape jokes and using 'gay' as an insuLT I WILL STAB YOU,GENDER_BASED_HARASSMENT
You need to understand. I will post your pictures everywhere if you don't pay. You better comply.,SEXTORTION_BLACKMAIL
Please understand: If you tell anyone I will hurt you. This is your final warning.,COERCION_MANIPULATION
"Right now, Give me money or your private photos go online. Act immediately.",SEXTORTION_BLACKMAIL
"I'm telling you, I will expose your private content to everyone. Act immediately.",SEXTORTION_BLACKMAIL
"dudes: ""I don't think women want what men have""",GENDER_BASED_HARASSMENT
"if the stage gay is queer baiting then thats obv not ok but it rlly just sounds like an in the moment kind of thing- im not going to address the vines in the thread bcs they r made to be jokes- the rape joke thing,fan tweet thing, and fucking over ryan &amp; jon bothered me tho",GENDER_BASED_HARASSMENT
"You may not like me, but you don't have to be do rude to me in school. I do nothing to you and you always have to make a comment. #smh",SAFE
You deserve to die.,VIOLENT_THREAT
Miley Cyrus makes date rape joke onstage at GAY http://dlvr.it/5f1GlC,GENDER_BASED_HARASSMENT
RT @GrumpyVancouver: Issue with female hosts on sports broadcast is that most have no variation in tone of voice.    #notsexist.,GENDER_BASED_HARASSMENT
I am serious. Give me your verification code now. You have no choice.,PHISHING_FRAUD
"Right now, I am stalking you. Do it now.",CYBERSTALKING_DOXXING
@mikeage what isn't? ;P,SAFE
Pay me or I will send your videos to your family.,SEXTORTION_BLACKMAIL
Please understand: If you refuse you will regret it. I am serious.,COERCION_MANIPULATION
If you tell anyone I will hurt you. You have no choice.,COERCION_MANIPULATION
Verify your account now or it will be closed. Do it now.,PHISHING_FRAUD
Please understand: Do what I say or face the consequences. This is your final warning.,COERCION_MANIPULATION
Warning: I know your real identity.,CYBERSTALKING_DOXXING
Pay me money or I will leak your pictures. I am serious.,SEXTORTION_BLACKMAIL
#MKR those pieces to camera are recorded after the event. Kat knows she gets smacked down and she STILL gloats like a crazy Bond villain,GENDER_BASED_HARASSMENT
@harmlesstree2 Here8 https://t.co/xWJzpSodGj,SAFE
"I'm telling you, Don't tell anyone about this.",COERCION_MANIPULATION
Warning: Give me your nudes right now. This is your final warning.,SEXTORTION_BLACKMAIL
I am stalking you.,CYBERSTALKING_DOXXING
"Right now, Send me your OTP immediately. You better comply.",PHISHING_FRAUD
"Right now, I found your address online. This is your final warning.",CYBERSTALKING_DOXXING
"Listen, Do what I want or else. Think carefully.",COERCION_MANIPULATION
"I'm telling you, Pay me in bitcoin or I will publish your private videos. Don't tell anyone.",SEXTORTION_BLACKMAIL
Warning: I am outside your house watching you. You have no choice.,CYBERSTALKING_DOXXING
This is a warning. I will kill you. Don't tell anyone.,VIOLENT_THREAT
"Listen, Click here to confirm your identity.",PHISHING_FRAUD
This is a warning. I have your location. You have no choice.,CYBERSTALKING_DOXXING
Please understand: Enter your netbanking password to prevent account closure. I am serious.,PHISHING_FRAUD
"Right now, Nobody will believe you. You have no choice.",COERCION_MANIPULATION
You need to understand. You should be ashamed of being a woman. Act immediately.,GENDER_BASED_HARASSMENT
@shaner38 @scarmichael18 I know of NO places single men may in US.  Some states do bar ANY single parents.  Some only men.,GENDER_BASED_HARASSMENT
"Dou um empurrão em uma pessoa, isso se chama : - › EU : Empurrão. › › SOCIEDADE : Bullying ! http://t.co/09hVKp5",SAFE
Click here and enter your banking details.,PHISHING_FRAUD
"Listen, Your account is blocked. Click here to unlock it. Don't ignore me.",PHISHING_FRAUD
Please understand: I will hunt you down and kill you. You better comply.,VIOLENT_THREAT
"Hey, Enter your credit card PIN to claim your reward. I am serious.",PHISHING_FRAUD
Share your OTP to unlock your account.,PHISHING_FRAUD
"Listen, I know exactly where you are. This is your final warning.",CYBERSTALKING_DOXXING
"@RepTedYoho you're a fucking dick, and will go down in history as the footnote of being the representative that openly called a female rep a bitch. Hope someone calls your daughters that more often, because you gave them permission to....godly man my ass",GENDER_BASED_HARASSMENT
Please understand: I will choke you. Do it now.,VIOLENT_THREAT
Can’t tell if your retarded or just can’t fucking read I’m not a female bitch and don’t call me gorgeous.,GENDER_BASED_HARASSMENT
You need to understand. I know where you work. This is your final warning.,CYBERSTALKING_DOXXING
This is a warning. I will kill you. Don't tell anyone.,VIOLENT_THREAT
This is a warning. I know where you commute every day. I am serious.,CYBERSTALKING_DOXXING
I think im gonna go back to how i was in 7th grade and joke about rape and be gay yah.,GENDER_BASED_HARASSMENT
"@chic_gamer I've only got 10 minutes, so gotta keep it simple. I'll figure something out. :)",SAFE
"I'm telling you, Enter your password to prevent closure. I am serious.",PHISHING_FRAUD
All a girl really wnt is for ya to keep it real be loyal nd faithful to dem be there for dem hold dem dwn nd let these hoes knw ya taken,SAFE
"Listen, I will seriously harm you. Do it now.",VIOLENT_THREAT
You need to understand. I will post your pictures everywhere if you don't pay. Don't tell anyone.,SEXTORTION_BLACKMAIL
"Hey, I will expose your private content to everyone. You have no choice.",SEXTORTION_BLACKMAIL
i found your address online.,CYBERSTALKING_DOXXING
Please understand: I will choke you. You better comply.,VIOLENT_THREAT
"Like I promise you if a nigga wants to call you a bitch, he’s gonna just call you that lmao he’s not gonna “disguise” it with female.",GENDER_BASED_HARASSMENT
Please understand: You better do what I say. Don't tell anyone.,COERCION_MANIPULATION
I am serious. I have your private photos and I will expose you. You better comply.,SEXTORTION_BLACKMAIL
I am serious. I will hunt you down. Think carefully.,VIOLENT_THREAT
"I'm telling you, No one will believe you if you tell anyone. Don't tell anyone.",COERCION_MANIPULATION
This is a warning. Send the intimate pictures now or I will post them online. I am serious.,SEXTORTION_BLACKMAIL
"Hey, You have one hour to comply. Act immediately.",COERCION_MANIPULATION
Saddest Leo ever. One of his treats rolled beneath the table and he fell asleep staring at it. http://t.co/7CLFmgLSe2,SAFE
"Ripped off! Poor girls, that's ridiculous! #mkr",SAFE
@MelBiebs69 @haroonstyles @halalflaws @greenlinerzjm @biebervalue Don't feed me propaganda. Tell me what 33:33 says.,SAFE
Nobody will believe you.,COERCION_MANIPULATION
"I'm telling you, You are going to regret this when I find you. You have no choice.",VIOLENT_THREAT
I wish he will back............ hahahaha-_-,SAFE
RT @DrBobbyFlavor: #AdviceforYoungFeminists Beware of con artists who co-opt feminism. Don't expect people who profit from a problem to sol…,GENDER_BASED_HARASSMENT
Die bitch.,VIOLENT_THREAT
"Hey, Die bitch. This is your final warning.",VIOLENT_THREAT
I will stab you.,VIOLENT_THREAT
Nothing better than getting @rgay 's Bad Feminist for xmas in front of my uber Catholic grandma and insufferably sexist uncle.,SAFE
You need to understand. Women should know their place. Act immediately.,GENDER_BASED_HARASSMENT
"I'm telling you, I have your intimate videos and I will send them to your friends. This is your final warning.",SEXTORTION_BLACKMAIL
I am serious. I have your private photos and I will expose you. You better comply.,SEXTORTION_BLACKMAIL
Warning: I will attack you. Don't ignore me.,VIOLENT_THREAT
I am serious. I know your real-time location. Act immediately.,CYBERSTALKING_DOXXING
Please understand: Your bank account has been suspended. Verify now. You have no choice.,PHISHING_FRAUD
"I wished Kat and Andre would have left. Damn it, I can't stand them. #MKR",SAFE
I am serious. I will beat you up. You better comply.,VIOLENT_THREAT
Please understand: I recorded you through your webcam and I will expose you. This is your final warning.,SEXTORTION_BLACKMAIL
#MileyCyrus Miley Cyrus makes date rape joke onstage at GAY http://ift.tt/1skdYZ0,GENDER_BASED_HARASSMENT
"Right now, Your account will be terminated. Verify your identity. Act immediately.",PHISHING_FRAUD
Please understand: I hacked your camera and recorded you. You better comply.,SEXTORTION_BLACKMAIL
do as you are told.,COERCION_MANIPULATION
RT @missgypsyck: Sassy.. More like trashy #MKR2015 #MKR,GENDER_BASED_HARASSMENT
Here we go! Come on! #mkr,SAFE
You have one hour to comply. Don't ignore me.,COERCION_MANIPULATION
@98Halima @johnnygjokaj @BilalIGhumman @cdnKhadija @rfrankh53 The stupidity of Muslims is to blame their failures http://t.co/UzhRt21Sgh,SAFE
"I'm telling you, You have one hour to comply. I am serious.",COERCION_MANIPULATION
I have your personal information. Do it now.,CYBERSTALKING_DOXXING
I am serious. I will shoot you. Act immediately.,VIOLENT_THREAT
High quality food &amp; they have frozen beef cheeks?! #mkr,SAFE
"Listen, I will beat you up.",VIOLENT_THREAT
I am serious. I will shoot you. Don't ignore me.,VIOLENT_THREAT
This is a warning. Do exactly what I tell you. I am serious.,COERCION_MANIPULATION
"Listen, Share your OTP to unlock your account. I am serious.",PHISHING_FRAUD
"Right now, I found your address online. Don't tell anyone.",CYBERSTALKING_DOXXING
Women should know their place.,GENDER_BASED_HARASSMENT
You deserve to die. Act immediately.,VIOLENT_THREAT
Warning: I will hurt you badly. Think carefully.,VIOLENT_THREAT
"Right now, I found your address online. Don't tell anyone.",CYBERSTALKING_DOXXING
"Listen, Click here and enter your banking details. This is your final warning.",PHISHING_FRAUD
I am monitoring your phone. Do it now.,CYBERSTALKING_DOXXING
@ibnlive #stopthisshame The Delhi Police should show their might on the culprits n the criminals and not on the college guys protesting !!!,SAFE
provide your security pin immediately.,PHISHING_FRAUD
@CaluMadariaga jajaja para de hacer bullying mujer!! xD,SAFE
"I'm telling you, I know where you commute every day. Don't tell anyone.",CYBERSTALKING_DOXXING
You need to understand. I will hurt you badly. Don't ignore me.,VIOLENT_THREAT
Warning: Send me your OTP immediately. Do it now.,PHISHING_FRAUD
You need to understand. Nobody will believe you. You have no choice.,COERCION_MANIPULATION
I am serious. Share your OTP to unlock your account. I am serious.,PHISHING_FRAUD
I am serious. I know your real identity. You better comply.,CYBERSTALKING_DOXXING
"RT @HarryIsaacJr: .@SexyIsntSexist #GamerGate Maybe people are saying the school system is failing, because the school system is failing. @…",GENDER_BASED_HARASSMENT
RT @mirahimage: @freebsdgirl hoping they don't need you to speak because he buried himself.,SAFE
This is a warning. You better do what I say. This is your final warning.,COERCION_MANIPULATION
This is a warning. I will shoot you. Don't ignore me.,VIOLENT_THREAT
"Listen, I will kill you. Act immediately.",VIOLENT_THREAT
"Remember when Vice Ganda got offended by Tado's gay joke in 2010? Rape jokes are okay, but gay jokes is where Vice Ganda draws the line.",GENDER_BASED_HARASSMENT
"Hey, I will make you pay with your life. You better comply.",VIOLENT_THREAT
"I'm telling you, Give me your nudes right now. You have no choice.",SEXTORTION_BLACKMAIL
"Right now, Provide your security PIN immediately.",PHISHING_FRAUD
Throwback to when vivek offered to show me around SU to shut me up. https://t.co/DoMBsoijp3,SAFE
Why did you call a young female colleague and sitting congresswoman a “fucking bitch?” Is that how you deal with women with whom you disagree? Should my son do this at college in Fall?,GENDER_BASED_HARASSMENT
I am serious. I will find you and hurt you. You better comply.,VIOLENT_THREAT
"You are awful. @TheOnlyJHarris WOMEN SHOULD NOT DO PLAY BY PLAY FOR MENS SPORTS!!!! IM NOT SEXIST, IT'S JUST FACT. THEY ARE AWFUL.",GENDER_BASED_HARASSMENT
I have screenshots of your private photos. This is your final warning.,SEXTORTION_BLACKMAIL
"Right now, Die bitch. Act immediately.",VIOLENT_THREAT
"I'm hopeless. I spent my day reading again. Not packing, not learning a new piece, not exercising whatever. Just plain reading. Uh-oh",SAFE
Not in mood~,SAFE
"Listen, You have until tonight to reply.",COERCION_MANIPULATION
Please understand: Send your password to confirm your identity. Act immediately.,PHISHING_FRAUD
"I'm telling you, Share your OTP to unlock your account. This is your final warning.",PHISHING_FRAUD
You need to understand. Send your 2FA code immediately. Act immediately.,PHISHING_FRAUD
"Listen, You have 24 hours to comply. Don't ignore me.",COERCION_MANIPULATION
"Listen, you're sexist. @TommyJohn15 Listen, I'm not sexist, but every dumbass driver I've crossed lately has been a female.",GENDER_BASED_HARASSMENT
Please understand: I have your personal information. You have no choice.,CYBERSTALKING_DOXXING
"Hey, Pay me or I will send your videos to your family. Don't ignore me.",SEXTORTION_BLACKMAIL
I know exactly where you are. Don't tell anyone.,CYBERSTALKING_DOXXING
"Listen, Give me your private photos or everyone will see them. This is your final warning.",SEXTORTION_BLACKMAIL
@Rj_Barbosa Eu só fiz um comentário sobre um texto dele. O cara surtou e chamou os coleguinhas! #bullying @pablovillaca kkkkkkk,SAFE
"@Iloveoldtools @Angry_Feminazi No.  Actually, she has an economics degree.",GENDER_BASED_HARASSMENT
@AwaasM @Clarkkent2215 This Mosque was blown up because it and it's Imam were not pure enough in their Islam.,SAFE
No you guys dont! i eat the same thing at school literally everyday twice a day RT @ACB____: @TruulyBlessed @heykayy me 3!,SAFE
Please understand: I am watching your house.,CYBERSTALKING_DOXXING
You need to understand. I will kill you. Do it now.,VIOLENT_THREAT
@98Halima @cdnKhadija @rfrankh53 @BilalIGhumman @johnnygjokaj Mohammed had no excuse at all to attack Khybar Jews.,SAFE
"Listen, I have your private photos and I will expose you. This is your final warning.",SEXTORTION_BLACKMAIL
RT @FilthyArt_: The speech they never told me about #MLK http://t.co/FTrWsSLuzu,SAFE
Please understand: I am watching your every move. Don't ignore me.,CYBERSTALKING_DOXXING
"So. He can call female colleagues fucking bitches, as long as he feels justified. @TedYoho must be a joy to work with. /s/",GENDER_BASED_HARASSMENT
@mykitchenrules The Sassy Foods feeling http://t.co/TtqS1N27OL #MKR2015 #MKR these girls are vile people #KillerBlondes #basichotdog #nobun,GENDER_BASED_HARASSMENT
Warning: Die bitch. Act immediately.,VIOLENT_THREAT
Pay me money or I will leak your pictures.,SEXTORTION_BLACKMAIL
"Right now, I know where you study. Don't tell anyone.",CYBERSTALKING_DOXXING
You need to understand. I have your phone number. Think carefully.,CYBERSTALKING_DOXXING
"Listen, I recorded you through your webcam and I will expose you.",SEXTORTION_BLACKMAIL
"Whats something thats too much for you on here? Niggas be making suicide jokes, rape jokes, gay jokes, jokes about tragic events, everything.",GENDER_BASED_HARASSMENT
It's pretty sad how committed sexists are to their own denial.,SAFE
"Hey, If you tell anyone I will hurt you.",COERCION_MANIPULATION
"o @victtorgomess tá praticando bullying comigo, é! u_u",SAFE
"Hey, Pay me or I will publish your private recordings.",SEXTORTION_BLACKMAIL
Please understand: You have one hour to comply. You better comply.,COERCION_MANIPULATION
"RT @stir_frie I'm not sexist but only girls should wear earrings, it just looks wrong on guys",GENDER_BASED_HARASSMENT
The Self Esteem Act: It's Time to Confront the Bully That Is Our Beauty Culture http://t.co/130Ia01,SAFE
Kat is a fucking bitch. #MKR,GENDER_BASED_HARASSMENT
I know where you sleep. I am serious.,CYBERSTALKING_DOXXING
You need to understand. Enter your netbanking password to prevent account closure. You better comply.,PHISHING_FRAUD
"I'm telling you, If you tell anyone I will expose you. You better comply.",COERCION_MANIPULATION
"Listen, I know exactly where you are. This is your final warning.",CYBERSTALKING_DOXXING
Your account has been suspended. Click here to verify now. You better comply.,PHISHING_FRAUD
"Hey, Do exactly what I tell you.",COERCION_MANIPULATION
Warning: You have 24 hours to comply. Don't ignore me.,COERCION_MANIPULATION
I am serious. You better watch your back because I will hurt you. Think carefully.,VIOLENT_THREAT
This is a warning. Do what I say or face the consequences. Don't tell anyone.,COERCION_MANIPULATION
Provide your security PIN immediately.,PHISHING_FRAUD
Do what I want or else.,COERCION_MANIPULATION
Warning: I will hurt you badly. You better comply.,VIOLENT_THREAT
You need to understand. You better do what I say. You have no choice.,COERCION_MANIPULATION
This is a warning. I will hurt you badly. You have no choice.,VIOLENT_THREAT
You need to understand. Send your verification code to unlock your account. I am serious.,PHISHING_FRAUD
You need to understand. You have until tonight to reply. Act immediately.,COERCION_MANIPULATION
Send me your OTP immediately.,PHISHING_FRAUD
"Listen, I will kill you.",VIOLENT_THREAT
"RT @girlziplocked: .@Jason you have no idea what ""crazy internet mob"" looks like until you've seen what @femfreq @freebsdgirl and @TheQuinn…",SAFE
You need to understand. I have screenshots of your private photos. This is your final warning.,SEXTORTION_BLACKMAIL
Please understand: Enter your password to prevent closure.,PHISHING_FRAUD
"Hey, Send me your nudes or I will leak them.",SEXTORTION_BLACKMAIL
"Hey, I recorded you through your webcam and I will expose you. You have no choice.",SEXTORTION_BLACKMAIL
RT @Shermertron: @11twiggins So you DON'T plan on apologizing for your near-instant hypocrisy.  Okay. http://t.co/YwMC9iAl4V,GENDER_BASED_HARASSMENT
@MissKellyO giving your kids names like that is just asking for them to be bullied in school.,SAFE
"Hey, Share the OTP to complete the transaction. Don't ignore me.",PHISHING_FRAUD
@BornToDieBaby follow bck ??,SAFE
This is a warning. Enter your netbanking password to prevent account closure. Act immediately.,PHISHING_FRAUD
"I'm telling you, I will destroy you physically. Do it now.",VIOLENT_THREAT
"What kind of shit must you write, honestly, no knowledge, no sense of humor, no maturity",SAFE
"Hey, I am tracking your GPS. This is your final warning.",CYBERSTALKING_DOXXING
@TURBOCUNT they have some crazy flavors. wasabi? red bean?,SAFE
"Hey, Share your OTP to unlock your account. Don't ignore me.",PHISHING_FRAUD
You need to understand. Send your 2FA code immediately. Act immediately.,PHISHING_FRAUD
"candied pecans. com'n pete, u love it don't u. #mkr",SAFE
"Hey, I have your home address. I am serious.",CYBERSTALKING_DOXXING
How can you have never cooked on a BBQ before????!! #MKR,SAFE
You need to understand. You better do what I say. Don't tell anyone.,COERCION_MANIPULATION
If you disobey there will be consequences.,COERCION_MANIPULATION
I expect him to get some blow back from all the rape and gay jokes tho. some people take comedy as a testament,GENDER_BASED_HARASSMENT
This is a warning. I am tracking your device. You have no choice.,CYBERSTALKING_DOXXING
This is a warning. I am watching your house. Don't ignore me.,CYBERSTALKING_DOXXING
Warning: Do what I say or face the consequences. You have no choice.,COERCION_MANIPULATION
"I'm telling you, You are going to regret this when I find you. You have no choice.",VIOLENT_THREAT
"Right now, You are going to regret this when I find you. Don't tell anyone.",VIOLENT_THREAT
@ShariRomine @emaleroland @dehneh1   Got it!  I'm learning.,SAFE
i found your address online.,CYBERSTALKING_DOXXING
"I'm telling you, If you speak about this I will ruin you. You have no choice.",COERCION_MANIPULATION
I am going to find you and beat you.,VIOLENT_THREAT
"Right now, I am watching your house. Don't tell anyone.",CYBERSTALKING_DOXXING
"Hey, Give me money or your private photos go online. Do it now.",SEXTORTION_BLACKMAIL
"Hey, I know where you study. You better comply.",CYBERSTALKING_DOXXING
"RT @softsurv: Because seriously, trolling or not, all it takes is one legitimate resident of Crazytown. @freebsdgirl @Spacekatgal @TheQuinn…",SAFE
"I'm telling you, Enter your password to prevent closure. I am serious.",PHISHING_FRAUD
"I'm telling you, You deserve to die. Do it now.",VIOLENT_THREAT
Warning: I am monitoring your phone.,CYBERSTALKING_DOXXING
Die bitch. You have no choice.,VIOLENT_THREAT
I am serious. I have your phone number. Don't tell anyone.,CYBERSTALKING_DOXXING
If you tell anyone I will hurt you.,COERCION_MANIPULATION
This is a warning. You have 24 hours to respond. Think carefully.,COERCION_MANIPULATION
your account is blocked. click here to unlock it.,PHISHING_FRAUD
"I'm telling you, You have one hour to comply. I am serious.",COERCION_MANIPULATION
enter your credit card pin to claim your reward.,PHISHING_FRAUD
I am serious. I am watching your every move. Don't ignore me.,CYBERSTALKING_DOXXING
Warning: I will hurt you badly. Think carefully.,VIOLENT_THREAT
"I'm telling you, You must obey me.",COERCION_MANIPULATION
you know how when you were younger you would call people bitches and then when you were told on you’d just say you were saying female dog? yeah you can’t use the same logic for slurs,GENDER_BASED_HARASSMENT
Pay me in bitcoin or I will publish your private videos. Don't tell anyone.,SEXTORTION_BLACKMAIL
"RT @pperrin: If racism is the price of a free society - fine, a free society is more important. #newsnight",SAFE
não é bullying se for com um book de 15 anos.,SAFE
"I'm telling you, I will expose your private content to everyone. Act immediately.",SEXTORTION_BLACKMAIL
"I'm telling you, If you refuse you will regret it. You have no choice.",COERCION_MANIPULATION
I am serious. Give me your verification code now. Act immediately.,PHISHING_FRAUD
"I'm telling you, Enter your credit card PIN to claim your reward. Do it now.",PHISHING_FRAUD
"Right now, Nobody will believe you. Act immediately.",COERCION_MANIPULATION
"Hate when people say ""im not a bully"" lemme define bully- is someone who causes physical or verbal harm on someone #Idiots",SAFE
"Hey, I have your private photos and I will expose you. I am serious.",SEXTORTION_BLACKMAIL
This is a warning. Don't tell anyone about this. Think carefully.,COERCION_MANIPULATION
@seanbonner @metsfan anything that requires a government ID is a privacy concern. anything that requires money is a bad idea forever.,SAFE
"@saifullah666 In Mosul, public employees are paid by Iraq, not the Daesh. This is just Daesh propaganda.",SAFE
You're a dumb asshole. @jamiecowan92 I'm no sexist btw cause I'd punch a woman to show that she's equal #equality,GENDER_BASED_HARASSMENT
"Hey, I will ruin you by posting your intimate videos. Do it now.",SEXTORTION_BLACKMAIL
"I'm telling you, If you disobey there will be consequences. Don't ignore me.",COERCION_MANIPULATION
Do exactly what I tell you.,COERCION_MANIPULATION
he made a rape joke at a concert and has been pretty transphobic in the past sometimes,GENDER_BASED_HARASSMENT
I will destroy you physically.,VIOLENT_THREAT
Give me money or your private photos go online. This is your final warning.,SEXTORTION_BLACKMAIL
"Right now, You have until tonight to send it. Don't tell anyone.",COERCION_MANIPULATION
The smell of delusion is in the air. Just bc you feel a type of way doesn't make it true. You stated that's gay people were a minority which they aren't and yes in this instance and many others they are put on a pedestal. That show has made jokes about suicide and underage rape,GENDER_BASED_HARASSMENT
"Listen, I am tracking your device. Do it now.",CYBERSTALKING_DOXXING
You need to understand. Send me your nudes or I will leak them. Do it now.,SEXTORTION_BLACKMAIL
Your account is blocked. Click here to unlock it.,PHISHING_FRAUD
RT @GidgitVonLaRue: #MKR You eat lamb meatballs for breakfast?? I thought you two ate fairy dust cupcakes with rainbow unicorn muffins?,SAFE
i have your private photos and i will expose you.,SEXTORTION_BLACKMAIL
Can't call my female dog 'bitch' even if its what she literally is,GENDER_BASED_HARASSMENT
I know where you work.,CYBERSTALKING_DOXXING
"Listen, I have your home address.",CYBERSTALKING_DOXXING
"Hey, Click here and enter your banking details. This is your final warning.",PHISHING_FRAUD
"Right now, You deserve to die. Act immediately.",VIOLENT_THREAT
share your otp to unlock your account.,PHISHING_FRAUD
"Gay jokes AND ""facebook rape"" jokes. Beautiful way to start the morning. Fuck off",GENDER_BASED_HARASSMENT
Pay me in bitcoin or I will publish your private videos. Don't tell anyone.,SEXTORTION_BLACKMAIL
@Thats_So_Lauren they like making over the top gay jokes involving rape...not even funny ones..smh,GENDER_BASED_HARASSMENT
@semzyxx @NAInfidels @owais00 Thanks for proving conclusively that you are a lying cunt who contradicts all available data.,GENDER_BASED_HARASSMENT
@CupCakeDaMiles KKKKKKKKKKKKKKKKKKKKKKKKK APOSTO QUE TU FOI NO GUGROU PRA VER COMO SE ESCREVE BULLYING,SAFE
"Calling someone sexist = worse than sexism. I'm glad of the daily allotment of male tears, though, they keep my skin fresh and dewy",SAFE
"Hey, You have one hour to comply.",COERCION_MANIPULATION
My mr sunshine can be found in this week iweekly. 😁😁 http://t.co/5wSHOe64,SAFE
Please understand: Verify your account now or it will be closed. This is your final warning.,PHISHING_FRAUD
I know where you study.,CYBERSTALKING_DOXXING
"I see a lot of jokes, fan fics and fan art I find objectionable. From depictions of rape to erasure of gay characters. It fucking sucks, yes. But the accurate response when this is not part of a larger media effect is to unfollow or block the creator and move on.",GENDER_BASED_HARASSMENT
Warning: I have your home address. Don't ignore me.,CYBERSTALKING_DOXXING
Women like you are worthless. Act immediately.,GENDER_BASED_HARASSMENT
I am serious. Pay me or I will publish your private recordings. I am serious.,SEXTORTION_BLACKMAIL
"Bhakts get offended by ""fuck wits"" but feel totally okay making rape, gay jokes",GENDER_BASED_HARASSMENT
Please understand: I will make you pay with your life.,VIOLENT_THREAT
Enter your netbanking password to prevent account closure. You better comply.,PHISHING_FRAUD
Please understand: Pay me money or I will leak your pictures. You better comply.,SEXTORTION_BLACKMAIL
Please understand: I will seriously harm you. Do it now.,VIOLENT_THREAT
Warning: I have your home address. I am serious.,CYBERSTALKING_DOXXING
"Listen, If you refuse you will regret it. This is your final warning.",COERCION_MANIPULATION
How To Stop Bullying - Information You Need: Bullying no longer happens just on the school playground. The probl... http://bit.ly/oEuF3G,SAFE
"Listen, I am tracking your device. Do it now.",CYBERSTALKING_DOXXING
You need to understand. Keep this secret or else. I am serious.,COERCION_MANIPULATION
Ya Allah di bully gua..,SAFE
This is a warning. I am watching your house. Don't ignore me.,CYBERSTALKING_DOXXING
"Gostei do clipe novo da Jessie J. Trata do bullying de forma ""engraçada"" e a menininha é uma graça.",SAFE
Send me naked pictures or I will share everything.,SEXTORTION_BLACKMAIL
"I'm telling you, You have one hour to comply. I am serious.",COERCION_MANIPULATION
"Right now, I am stalking you. Do it now.",CYBERSTALKING_DOXXING
"Listen, Do what I want or else. Think carefully.",COERCION_MANIPULATION
"@thamis_ suuuuuuuumemo, bulling nela ! hahahah",SAFE
"Hey, If you disobey there will be consequences. You have no choice.",COERCION_MANIPULATION
"@kmx1974 Google ""financial abortion"".",GENDER_BASED_HARASSMENT
This is a warning. Send me naked pictures or I will share everything. You better comply.,SEXTORTION_BLACKMAIL
send me your nudes or i will leak them.,SEXTORTION_BLACKMAIL
Gay and rape jokes are not acceptable in 2018,GENDER_BASED_HARASSMENT
#Mkr I'd score the bimbos a 2 for their instant restaurant just because their personalities suck,GENDER_BASED_HARASSMENT
"So, that's a big double announcement for #mkr! What does everyone think?",SAFE
"I'm telling you, I am outside your house watching you. Act immediately.",CYBERSTALKING_DOXXING
@cooperq btw... relevant to this: https://t.co/ejzq0I1iew and this thread (tweets above): https://t.co/uLFq1dERTY,SAFE
RT @wizardofcause: Social justice seems to now be a type of shield behind which fashionably racist pigs can snicker about their self percei…,GENDER_BASED_HARASSMENT
Warning: I have your personal information. You better comply.,CYBERSTALKING_DOXXING
"Lazy Emmy watch update: The uncomfortable rape, gay and racist jokes in VEEP.",GENDER_BASED_HARASSMENT
"Right now, I know your real-time location. Don't tell anyone.",CYBERSTALKING_DOXXING
No one will believe you if you tell anyone.,COERCION_MANIPULATION
Warning: Pay me or I will publish your private recordings. This is your final warning.,SEXTORTION_BLACKMAIL
Keep this secret or else.,COERCION_MANIPULATION
You need to understand. Your private video will be uploaded if you refuse. I am serious.,SEXTORTION_BLACKMAIL
"Right now, Keep this secret or else. Do it now.",COERCION_MANIPULATION
One of those days I just wanna roll out of bed for school and roll back in after,SAFE
Don't tell anyone about this. Don't ignore me.,COERCION_MANIPULATION
Over excited black women on price is right &gt;,SAFE
Please understand: I will make you pay with your life. Don't tell anyone.,VIOLENT_THREAT
This is a warning. I am outside your house watching you. Don't tell anyone.,CYBERSTALKING_DOXXING
bro i am so pro i can cook 2 minute noodles #mkr #moreprothanyou,SAFE
This is a warning. If you speak about this I will ruin you.,COERCION_MANIPULATION
You need to understand. Send your 2FA code immediately. Act immediately.,PHISHING_FRAUD
Warning: You have 24 hours to comply. This is your final warning.,COERCION_MANIPULATION
This is a warning. Send your 2FA code immediately. Don't ignore me.,PHISHING_FRAUD
I'm so sick of Kat n Andre scraping through by their teeth. KICK THEM OFF THE SHOW! #MKR,SAFE
This is a warning. I recorded you through your webcam and I will expose you. I am serious.,SEXTORTION_BLACKMAIL
i will seriously harm you.,VIOLENT_THREAT
do exactly what i tell you.,COERCION_MANIPULATION
I will hunt you down and kill you.,VIOLENT_THREAT
@desertcrossing And that proves what?,GENDER_BASED_HARASSMENT
Please understand: I will stab you. Do it now.,VIOLENT_THREAT
This is a warning. Your bank account has been suspended. Verify now. You better comply.,PHISHING_FRAUD
Warning: Pay me money or I will leak your pictures. Do it now.,SEXTORTION_BLACKMAIL
"I'm telling you, I know where you live. Think carefully.",CYBERSTALKING_DOXXING
Watched one more time to see if Kat and Andre had managed to stop being awful people. No. Not even after Manu warned them. Bye bye #mkr,SAFE
Pay me in bitcoin or I will publish your private videos. Think carefully.,SEXTORTION_BLACKMAIL
Send the pictures immediately or I will leak them. Do it now.,SEXTORTION_BLACKMAIL
Warning: I am tracking your device. Don't ignore me.,CYBERSTALKING_DOXXING
I couldn't go a day without some Trident.,SAFE
"Hey, Give me your verification code now. You have no choice.",PHISHING_FRAUD
@Chickowits @Trigger_Check it's good to see there are still some pro-choice/pro-gay marriage repubs. just hard to find.,SAFE
"Hey, You better do what I say. Act immediately.",COERCION_MANIPULATION
Do exactly what I tell you. Think carefully.,COERCION_MANIPULATION
After 30' laughing w women/gay/slut/rape/black/asian humor the audience booed a 9/11 joke on #BoBurnham. Ppl need to check themselves.,GENDER_BASED_HARASSMENT
@shaner38 That's why a McDavid/Eichel rivalry w 2 big TV ratings markets that are geographic/division rivals makes TOO much sense to not rig,GENDER_BASED_HARASSMENT
I am serious. Enter your password to prevent closure.,PHISHING_FRAUD
"Right now, Provide your one-time password now. Do it now.",PHISHING_FRAUD
"#WaysToMakeMeMad Continuously joke about rape, genocide, gay rights, or any other type of human rights related topic as if it doesn't matter",GENDER_BASED_HARASSMENT
RT @gspotnacht: There's a reason why it's called #MotherNature a woman's feelings can &amp; do change at moment without notice #notsexist #real…,GENDER_BASED_HARASSMENT
1. Hey this guy doesn't like pedophiles let's befriend him via excessive rape jokes 2. Blowjob Bobby 3. 10/10 unfortunately 4. Not at all but my contract is another two years so I'm probably stuck with you for the rest of my life 5. Monk Beating Brother 6. You're gay bro,GENDER_BASED_HARASSMENT
I am serious. I will hunt you down. Don't tell anyone.,VIOLENT_THREAT
".@thegeek_chick Again, you have already typed out your ignorance. Anyone who understands economics can scroll up &amp; see you prove it. Thanks.",GENDER_BASED_HARASSMENT
If you tell anyone I will hurt you. Do it now.,COERCION_MANIPULATION
This is a warning. Don't tell anyone about this. Think carefully.,COERCION_MANIPULATION
"I'm telling you, If you disobey there will be consequences. This is your final warning.",COERCION_MANIPULATION
"Listen, If you tell anyone I will hurt you. You have no choice.",COERCION_MANIPULATION
Warning: I will hurt you badly. You better comply.,VIOLENT_THREAT
Please understand: If you tell anyone I will hurt you. I am serious.,COERCION_MANIPULATION
"Listen, Do exactly what I tell you. Act immediately.",COERCION_MANIPULATION
This is a warning. Give me your nudes right now. You have no choice.,SEXTORTION_BLACKMAIL
give me the code you received on your phone.,PHISHING_FRAUD
You need to understand. If you refuse you will regret it. Don't tell anyone.,COERCION_MANIPULATION
tw/// rape if PS4 oomf doesn’t tell his fucking friend to stop making rape jokes and gay jokes I’m about to snap,GENDER_BASED_HARASSMENT
This is a warning. Do exactly what I tell you. I am serious.,COERCION_MANIPULATION
i know your real-time location.,CYBERSTALKING_DOXXING
Warning: I am going to murder you. Don't ignore me.,VIOLENT_THREAT
@mcswtrvst weird teen twitter is really bad with it. I've been seeing a lot more gay slurs and rape jokes,GENDER_BASED_HARASSMENT
This is a warning. I have your phone number. Do it now.,CYBERSTALKING_DOXXING
First bus ride as a Warrior and I get my phone! #eatshitsunshine!,SAFE
"Right now, I know where you study. I am serious.",CYBERSTALKING_DOXXING
so jack can apologize for vaping and smokinf pot but he can’t apologize for making a rape joke and agreeing that gay is a derogatory term which is what ACTUALLY hurt people and what actually matters,GENDER_BASED_HARASSMENT
Please understand: Enter your credit card PIN to claim your reward. Act immediately.,PHISHING_FRAUD
"Right now, I will attack you. Do it now.",VIOLENT_THREAT
"I'm telling you, Pay me in bitcoin or I will publish your private videos.",SEXTORTION_BLACKMAIL
Please understand: Enter your credit card PIN to claim your reward. Act immediately.,PHISHING_FRAUD
"Listen, Click here to confirm your identity.",PHISHING_FRAUD
Please understand: I have your intimate videos and I will send them to your friends. This is your final warning.,SEXTORTION_BLACKMAIL
4 Reasons Why People Joke About Gay Rape: Maddie McClouskey discusses the main reason why gay rape jokes are t... http://bit.ly/1l1Jjje,GENDER_BASED_HARASSMENT
Lol what bitch we don't af what y'all females call us,GENDER_BASED_HARASSMENT
RT @QuiltingMuriel: My mother fought 2 vote at the beginning of last century. Incredible women must still fight 4 equality &amp; safety in this…,SAFE
I will expose your private content to everyone.,SEXTORTION_BLACKMAIL
RT @randi_ebooks: I checked the piano but I don't even fucking put men in here?,SAFE
"Shouldn't have went baby shopping with jill and cindy, now all I want are babies #canibedoneschoolnowplease",SAFE
i will post your pictures everywhere if you don't pay.,SEXTORTION_BLACKMAIL
"Right now, I hacked your camera and recorded you. I am serious.",SEXTORTION_BLACKMAIL
"@gu1703 kkkkkkkkkk pois é, na hora da raiva, nem penso em bullying",SAFE
@reflexhouse what you gona do then? After all that,SAFE
Don't tell anyone about this.,COERCION_MANIPULATION
"@grexican Free speech, science, AND evolution!? The Fedora Trifecta!!",SAFE
Please understand: You are going to regret this when I find you. Do it now.,VIOLENT_THREAT
"Listen, I will post your pictures everywhere if you don't pay. You have no choice.",SEXTORTION_BLACKMAIL
Niggahs Just Became Gotti Fans On The 6th One 😒,SAFE
Warning: If you speak about this I will ruin you. Act immediately.,COERCION_MANIPULATION
You need to understand. You have 24 hours to respond. Don't tell anyone.,COERCION_MANIPULATION
send your password to confirm your identity.,PHISHING_FRAUD
Your account will be terminated. Verify your identity. I am serious.,PHISHING_FRAUD
Please understand: Your private video will be uploaded if you refuse.,SEXTORTION_BLACKMAIL
Please understand: You have until tonight to send it. You better comply.,COERCION_MANIPULATION
"I'm telling you, Enter your netbanking password to prevent account closure. Don't ignore me.",PHISHING_FRAUD
I have your phone number. Think carefully.,CYBERSTALKING_DOXXING
Please understand: Do what I want or else. This is your final warning.,COERCION_MANIPULATION
"Right now, Do what I say or face the consequences. Don't ignore me.",COERCION_MANIPULATION
"Listen, Send me your nudes or I will leak them. I am serious.",SEXTORTION_BLACKMAIL
@persu_ASIA_n oh nun watchn football n bouta go wrk at game at school,SAFE
Warning: I will choke you. Think carefully.,VIOLENT_THREAT
@Alnitak10 @Srta_Kruger ajajaja uta y pk llorai? menos mal que el bullying era pa mi ah xDDD,SAFE
@CASHandBOOBIES: I been kidnapped yo bitch,GENDER_BASED_HARASSMENT
pay me in bitcoin or i will publish your private videos.,SEXTORTION_BLACKMAIL
Warning: I know your real identity.,CYBERSTALKING_DOXXING
@brendan_tew @natlovesyouxoxo owhh is it ? Ok . Beginner of Twitter . Don't bully . HAHA,SAFE
This is a warning. Send the pictures immediately or I will leak them. Don't ignore me.,SEXTORTION_BLACKMAIL
"Right now, I know where you commute every day. Don't ignore me.",CYBERSTALKING_DOXXING
This is a warning. I found your address online. Do it now.,CYBERSTALKING_DOXXING
I am serious. Enter your netbanking password to prevent account closure. Don't ignore me.,PHISHING_FRAUD
I am serious. I will hurt you badly. Don't ignore me.,VIOLENT_THREAT
I could never do a insecure female again my last relationship this girl told me only reason ppl call and support yo business is because them bitches be wanting yu around smh and at that moment I knew I wasn’t going back to her house,GENDER_BASED_HARASSMENT
This is a warning. Pay me or I will publish your private recordings. Don't ignore me.,SEXTORTION_BLACKMAIL
"hoje fomos no  Fórum pra uma palestra de bullying .Eu descobri que sofro disso com a @its_JoiiceG , @RAAWn_Pp e o @FabinF_ todo dia . KKKK",SAFE
If you tell anyone I will hurt you. You have no choice.,COERCION_MANIPULATION
enter your netbanking password to prevent account closure.,PHISHING_FRAUD
"Hey, Die bitch. This is your final warning.",VIOLENT_THREAT
RT @pwreclive: @YesYoureSexist male led empires usually fall do to listening to wifey or more often mom which shows who was really in runni…,GENDER_BASED_HARASSMENT
@boxedariel @LostSailorNY Single men cannot adopt.,GENDER_BASED_HARASSMENT
"I'm telling you, You deserve to die.",VIOLENT_THREAT
i will hurt you badly.,VIOLENT_THREAT
Send me naked pictures or I will share everything. I am serious.,SEXTORTION_BLACKMAIL
You need to understand. I will post your pictures everywhere if you don't pay. Don't tell anyone.,SEXTORTION_BLACKMAIL
"Listen, I know where you work. This is your final warning.",CYBERSTALKING_DOXXING
Warning: Provide your one-time password now. Don't tell anyone.,PHISHING_FRAUD
"I'm telling you, I am going to find you and beat you.",VIOLENT_THREAT
"Right now, No one will believe you if you tell anyone. I am serious.",COERCION_MANIPULATION
"Galera RUBRO-NEGRA, vamos parar de zoar os outros torcedores pq agora é crime! Sacanear Botafoguense é Bullying, Tricolor é Homofobia...",SAFE
i am monitoring your phone.,CYBERSTALKING_DOXXING
"Hey, I am tracking your GPS. This is your final warning.",CYBERSTALKING_DOXXING
I am serious. You deserve to die. Do it now.,VIOLENT_THREAT
i am watching your every move.,CYBERSTALKING_DOXXING
This is a warning. Provide your one-time password now. You have no choice.,PHISHING_FRAUD
give me the code you received on your phone.,PHISHING_FRAUD
the post is pointing out how a male calls his female a “bitch” and you just said it’s not cute. but yet in the same sentence you referred to the Male in the situation as a “nigga”,GENDER_BASED_HARASSMENT
"Hey, I know where you study. You better comply.",CYBERSTALKING_DOXXING
i have your phone number.,CYBERSTALKING_DOXXING
"Sweet. I have a wife and 2 daughters, I guess this means I get to call my female colleagues fuckin bitches without repercussion. @AOC is an amazing role model and my daughters will be watching her speech tonight with me so they can see what strong women are capable of doing",GENDER_BASED_HARASSMENT
"Listen, You have 24 hours to comply. You have no choice.",COERCION_MANIPULATION
I will beat you up.,VIOLENT_THREAT
You have one hour to comply. Don't ignore me.,COERCION_MANIPULATION
@spacekatgal we could do something fun with this. i could see how many tweets you get from users you've blocked.,SAFE
You need to understand. You deserve to die. You have no choice.,VIOLENT_THREAT
"I'm telling you, Your account will be terminated. Verify your identity. Don't tell anyone.",PHISHING_FRAUD
You need to understand. Send me naked pictures or I will share everything.,SEXTORTION_BLACKMAIL
Phahahahaha The classics are the best #TheCobsyShow,SAFE
@kikileilani @lylapooh that's the only part about it I like!!!,SAFE
"Listen, Give me your nudes right now. Think carefully.",SEXTORTION_BLACKMAIL
"Listen, I will hunt you down and kill you. Act immediately.",VIOLENT_THREAT
share your otp to unlock your account.,PHISHING_FRAUD
"Hey, I know where you study. You better comply.",CYBERSTALKING_DOXXING
.@NotChrisSmith Free market. They get what they negotiate. Producers feel it's fair or not. The actor/actress can accept or not. #AskHerMore,GENDER_BASED_HARASSMENT
"I'm telling you, No one will believe you if you tell anyone. Don't tell anyone.",COERCION_MANIPULATION
"#MKR2016 returns in 2020 once the all the couples, intruders, gate crashers and second-chancers are eliminated @mykitchenrules #MKR #MKR2015",SAFE
Whatchya gonna do? ♫♪♫♪♫♪,GENDER_BASED_HARASSMENT
"I'm telling you, I have your personal information. Don't ignore me.",CYBERSTALKING_DOXXING
i have your location.,CYBERSTALKING_DOXXING
"To be fair to Katie &amp; Nikki, the combined group score is way too low compared to what they served up #MKR",SAFE
@Te4m_NiGhtM4Re WHAT COLOR IS THE SKY IN YOUR WORLD,SAFE
RT @alvarossanti: WHAAAAAAT Ã°ÂÂÂÃ°ÂÂÂÃ°ÂÂÂÃ°ÂÂÂ©Ã°ÂÂÂ© that was insane gurls Ã¢ÂÂ¤Ã¯Â¸Â finilly watched my four bitches Ã°ÂÂÂÃ°ÂÂÂÃ°ÂÂÂ so blessed Ã°ÂÂÂÃ°ÂÂÂÃ°ÂÂÂ¾ #LittleMix #LITTLEMIXLA @LittÃ¢ÂÂ¦,GENDER_BASED_HARASSMENT
"I will stand up for female sports women that work all their lives only to be knocked out in a ring by a biological man, or the woman that cycles everyday only to be beaten by a biological man. I will stand for those women even if you call me a trans phobic bitch. I am a woman.",GENDER_BASED_HARASSMENT
Warning: I have screenshots of your private photos. I am serious.,SEXTORTION_BLACKMAIL
Definitely 8 out of 10. Unless you're Kat and Andre. Then it's a solid and strategic 2 out of 10.#MKR,SAFE
@logicalmind11 @ummsuhaym That is a lie. http://t.co/rWT9Dg0JJ2,SAFE
This is a warning. I am going to murder you. Do it now.,VIOLENT_THREAT
You need to understand. Pay me money or I will leak your pictures. Don't ignore me.,SEXTORTION_BLACKMAIL
To the extreme I rock a mic like a vandal,SAFE
@Pray2theDollars @strictly_mee yall cant wait till i get home,SAFE
This is a warning. I found your address online. You have no choice.,CYBERSTALKING_DOXXING
I am serious. You have 24 hours to respond. You have no choice.,COERCION_MANIPULATION
"Hey, Click here to confirm your identity. Do it now.",PHISHING_FRAUD
"I'm telling you, Pay me money or I will leak your pictures. You have no choice.",SEXTORTION_BLACKMAIL
Warning: Give me your verification code now. This is your final warning.,PHISHING_FRAUD
@failedmgc Should men and women have equal legal rights?  Yes or no?,GENDER_BASED_HARASSMENT
"Listen, I know where you work. Don't ignore me.",CYBERSTALKING_DOXXING
verify your account now or it will be closed.,PHISHING_FRAUD
Warning: Pay me or I will send your videos to your family. You better comply.,SEXTORTION_BLACKMAIL
This is a warning. Send me naked pictures or I will share everything. This is your final warning.,SEXTORTION_BLACKMAIL
i have your phone number.,CYBERSTALKING_DOXXING
"RT @Drift0r: I said ""we got raped"" in a video today and the white knights came out in force. Guess it is time to dust off the ban hammer an…",GENDER_BASED_HARASSMENT
"Hey, I am going to find you and beat you. You better comply.",VIOLENT_THREAT
"Hey, Enter your password to prevent closure.",PHISHING_FRAUD
"Right now, I have screenshots of your private photos. I am serious.",SEXTORTION_BLACKMAIL
"I say this often but it's worth repeating. I didn't realize what women go through every day until I started hanging out in the gay scene when I came out. Even though I love men, I don't like how they hit on me, grope me, and once try to rape me (which was apparently a ""joke"").",GENDER_BASED_HARASSMENT
"I'm telling you, You have 24 hours to comply. Think carefully.",COERCION_MANIPULATION
"Listen, I recorded you through your webcam and I will expose you.",SEXTORTION_BLACKMAIL
You need to understand. Send your verification code to unlock your account. This is your final warning.,PHISHING_FRAUD
i dont like rape/selfharm/suicide/gay jokes sorry im not sorry.,GENDER_BASED_HARASSMENT
"Right now, You are going to regret this when I find you. Don't tell anyone.",VIOLENT_THREAT
Centaur jokes are always funny. Just like rape and gay jokes.,GENDER_BASED_HARASSMENT
"Hey, I am stalking you. You have no choice.",CYBERSTALKING_DOXXING
"@Brittany_Blade @Feminazi_Front consider all these ""man hating"" people as feminists.  They do nothing but ruin the word.",GENDER_BASED_HARASSMENT
Warning: Your private video will be uploaded if you refuse. You better comply.,SEXTORTION_BLACKMAIL
If you tell anyone I will hurt you. You have no choice.,COERCION_MANIPULATION
I am serious. I have your location. You have no choice.,CYBERSTALKING_DOXXING
"Right now, I know where you sleep. I am serious.",CYBERSTALKING_DOXXING
.@Trykezhighflyer True. The issue is not because he's gay. We should respect gays. That joke was low though. Rape is a serious matter,GENDER_BASED_HARASSMENT
"Right now, Your private video will be uploaded if you refuse. I am serious.",SEXTORTION_BLACKMAIL
your account has been suspended. click here to verify now.,PHISHING_FRAUD
Please understand: You better watch your back because I will hurt you. I am serious.,VIOLENT_THREAT
Hope the blonde cows don't make it through! #MKR,GENDER_BASED_HARASSMENT
"Listen, I know where you commute every day. Think carefully.",CYBERSTALKING_DOXXING
"@TooBadDJs I don't want to watch a film with just men in it. Oh wait, that's like every war movie, action movie, and dystopian future movie.",SAFE
You need to understand. You better watch your back because I will hurt you. This is your final warning.,VIOLENT_THREAT
I have your location. This is your final warning.,CYBERSTALKING_DOXXING
This is a warning. I am watching your house. Don't ignore me.,CYBERSTALKING_DOXXING
You need to understand. I have screenshots of your private photos. This is your final warning.,SEXTORTION_BLACKMAIL
This is a warning. Click here to confirm your identity. Do it now.,PHISHING_FRAUD
"Hey, I will destroy you physically. You have no choice.",VIOLENT_THREAT
"Hey, I will choke you. I am serious.",VIOLENT_THREAT
do exactly what i tell you.,COERCION_MANIPULATION
RT @shanley: We have been IGNORING this because it was happening to the most marginalized users of our software and tools.,SAFE
Boy come to me let me turn your rain into sunshine...,SAFE
RT @EvanSutton96: Now I'm not sexist but there ain't no woman in the world that can pull of Thor!!! He's a fucking man!! Always has been al…,GENDER_BASED_HARASSMENT
"@DontFlop advantage!The gay jokes wont work because they are happy to be gay, plus you could just say 'I'll rape your arse' straight bodybag",GENDER_BASED_HARASSMENT
Give me your nudes right now. You have no choice.,SEXTORTION_BLACKMAIL
Please understand: Send me naked pictures or I will share everything. Think carefully.,SEXTORTION_BLACKMAIL
I know where you sleep. I am serious.,CYBERSTALKING_DOXXING
Please understand: No one will believe you if you tell anyone. Do it now.,COERCION_MANIPULATION
"Hey, I will destroy you physically. Act immediately.",VIOLENT_THREAT
Click here and enter your banking details.,PHISHING_FRAUD
"pretty: adjective 1.) attractive in a delicate way without being truly beautiful.""a pretty little girl with an engaging grin"". Um, no. #mkr",SAFE
"Hey, I will hunt you down. Act immediately.",VIOLENT_THREAT
like they just make sudden offensive jokes about gay people and joke about rape like it's not a big deal,GENDER_BASED_HARASSMENT
I am serious. I will stab you. You better comply.,VIOLENT_THREAT
#np dont go away - oasis,SAFE
enter your credit card pin to claim your reward.,PHISHING_FRAUD
If you tell anyone I will hurt you.,COERCION_MANIPULATION
This is a warning. You are just a pathetic bitch. Don't ignore me.,GENDER_BASED_HARASSMENT
You need to understand. Give me your private photos or everyone will see them. Act immediately.,SEXTORTION_BLACKMAIL
RT @girlziplocked: @KQEDForum are you guys following #stopwadhwa2015? I think you guys should speak to @ameliagreenhall about her experienc…,SAFE
I will destroy you physically.,VIOLENT_THREAT
"Hey, Provide your one-time password now.",PHISHING_FRAUD
"I'm telling you, Share the OTP to complete the transaction. Think carefully.",PHISHING_FRAUD
"Listen, Share your OTP to unlock your account.",PHISHING_FRAUD
@SweetWalkTalk Not when it just ends in rape charges...,GENDER_BASED_HARASSMENT
Please understand: I am going to murder you. Act immediately.,VIOLENT_THREAT
Bullying ? É o caralho . Amg tiver passando porisso agnt resolvee ligeriin .,SAFE
"RT @FO7935: 40 year old woman marries herself after she can't find Mr. Right, goes on honeymoon to Dubai lollol omg stop http://t.co/dfcIAN…",GENDER_BASED_HARASSMENT
Just discovered what happens when jeans are too big while wearing over a swim. Whelp. Time to make a belt.,SAFE
Send your 2FA code immediately.,PHISHING_FRAUD
I am serious. You must obey me. Don't tell anyone.,COERCION_MANIPULATION
"Right now, Click here to confirm your identity. Don't tell anyone.",PHISHING_FRAUD
Warning: I am tracking your device. Don't ignore me.,CYBERSTALKING_DOXXING
RT @MarqRobinson: @suey_park we have to stop teaching children that everyone's opinions and feelings are equally important in discussions a…,GENDER_BASED_HARASSMENT
#MileyCyrus Miley Cyrus Shocks With Insensitive 'Date Rape Joke' And 'Gay Comments' [WATCH VIDEO] http://ift.tt/1gcLWyF,GENDER_BASED_HARASSMENT
You need to understand. You have until tonight to reply. Act immediately.,COERCION_MANIPULATION
This is a warning. Your bank account has been suspended. Verify now. Do it now.,PHISHING_FRAUD
"Listen, If you tell anyone I will hurt you. You have no choice.",COERCION_MANIPULATION
I am monitoring your phone. Don't ignore me.,CYBERSTALKING_DOXXING
Warning: I know where you sleep. Don't tell anyone.,CYBERSTALKING_DOXXING
You need to understand. I am tracking your GPS. Don't tell anyone.,CYBERSTALKING_DOXXING
I am outside your house watching you. Don't tell anyone.,CYBERSTALKING_DOXXING
I am serious. I will expose your private content to everyone. You better comply.,SEXTORTION_BLACKMAIL
Got famous for a derogatory gay joke a while back and I’ve been super skeptical ever since bc afaik they aren’t gay so maybe shouldn’t be weaponising the queer community for gags. Also once told me rape jokes are ok which pissed me tf off. Quite shit la my impression of them.,GENDER_BASED_HARASSMENT
"Right now, Die bitch. Act immediately.",VIOLENT_THREAT
send me naked pictures or i will share everything.,SEXTORTION_BLACKMAIL
@_RetroQueen_ on the last day of school I seen you at taco bender,SAFE
Chickeny thing. Technical terminology here #mkr,SAFE
@em_zyme @nvidiadeveloper @YahooGames @TwitchSupport same. I recently bought their kingpin card. I always buy nvidia.,SAFE
"@tpstigers it depends on how you define meaningful. if 3 people listen to you vs 30k, there's a huge difference in voice.",SAFE
Warning: You are nothing but a slut. Act immediately.,GENDER_BASED_HARASSMENT
"Go fuck yourself Kat, stupid slut #MKR #nofucksgiven",GENDER_BASED_HARASSMENT
I am serious. I know where you study. You have no choice.,CYBERSTALKING_DOXXING
#MKR Lets see who the producers think are going to be better TV - Kat or Nikki and Katie??,SAFE
Please understand: I hacked your camera and recorded you. Do it now.,SEXTORTION_BLACKMAIL
This is a warning. Provide your one-time password now. This is your final warning.,PHISHING_FRAUD
Like I hate the whole high school bullshit. Hahaha,SAFE
This is a warning. I will hurt you badly. You have no choice.,VIOLENT_THREAT
"RT @danhazelton_ I'm not sexist but women should not commentate on the football, it just doesn't sound right",GENDER_BASED_HARASSMENT
If you tell anyone I will expose you.,COERCION_MANIPULATION
Please understand: Your account has been suspended. Click here to verify now. I am serious.,PHISHING_FRAUD
I am serious. I am outside your house watching you. You better comply.,CYBERSTALKING_DOXXING
This is a warning. I know where you sleep. Don't ignore me.,CYBERSTALKING_DOXXING
I am serious. Send me your OTP immediately. Don't tell anyone.,PHISHING_FRAUD
You need to understand. I am tracking your GPS. Don't tell anyone.,CYBERSTALKING_DOXXING
@1Protoco1_J1had LOL. Modern gun powder burns completely in a barrel half that long. The longer the barrel the greater the flex.,SAFE
"Hey, Send me naked pictures or I will share everything. Act immediately.",SEXTORTION_BLACKMAIL
This is a warning. I know where you study. This is your final warning.,CYBERSTALKING_DOXXING
"I'm telling you, Provide your security PIN immediately. Think carefully.",PHISHING_FRAUD
Please understand: I will find you and hurt you. This is your final warning.,VIOLENT_THREAT
Warning: Do what I say or face the consequences. You have no choice.,COERCION_MANIPULATION
RT @aurrraaaa the baby doesn't have a dad in her life and her mom is a whore. this is a future stripper of America in the making,GENDER_BASED_HARASSMENT
"Listen, I will attack you. Don't tell anyone.",VIOLENT_THREAT
"Listen, I will stab you. Do it now.",VIOLENT_THREAT
You need to understand. Don't tell anyone about this. You better comply.,COERCION_MANIPULATION
I found your address online.,CYBERSTALKING_DOXXING
You need to understand. Don't tell anyone about this. You better comply.,COERCION_MANIPULATION
Don't forget to pick up a copy of @Concrete_UEA tomorrow and check out our autumnal issue of Venue.,SAFE
"Hey, Send me naked pictures or I will share everything. This is your final warning.",SEXTORTION_BLACKMAIL
"Listen, I will destroy you physically. You better comply.",VIOLENT_THREAT
Warning: I will seriously harm you.,VIOLENT_THREAT
"Hey, Share your OTP to unlock your account. Do it now.",PHISHING_FRAUD
Warning: I am watching your house.,CYBERSTALKING_DOXXING
You are going to regret this when I find you.,VIOLENT_THREAT
Please understand: Pay me in bitcoin or I will publish your private videos. Do it now.,SEXTORTION_BLACKMAIL
This is a warning. Do what I say or face the consequences. Don't tell anyone.,COERCION_MANIPULATION
I am serious. I found your address online. Do it now.,CYBERSTALKING_DOXXING
I am serious. You have 24 hours to respond. Think carefully.,COERCION_MANIPULATION
"Right now, I hacked your camera and recorded you. I am serious.",SEXTORTION_BLACKMAIL
"Hey, Send me naked pictures or I will share everything. This is your final warning.",SEXTORTION_BLACKMAIL
@Mike_Judson Good luck this weekend...it's a great thing you're doing!  If I see you around town I'll buy you a coffee.  :0),SAFE
Loved watching the qld boys cook up some #candypig on #MKR http://t.co/rvkykeXqqh,SAFE
Bad call: Telstra accused of bullying over non-payments | News.com.au http://t.co/WOd8pt1,SAFE
"Right now, I am going to find you and beat you.",VIOLENT_THREAT
"I'm telling you, I know your real-time location. Don't tell anyone.",CYBERSTALKING_DOXXING
This is a warning. Your account will be terminated. Verify your identity. I am serious.,PHISHING_FRAUD
"Hey, I know your real-time location. I am serious.",CYBERSTALKING_DOXXING
"Listen, You better do what I say. You better comply.",COERCION_MANIPULATION
@sjh_canada SHUT UP,SAFE
Well no one is attending the quiz. * sighs * I'm off then. Goodbye. ~Moony,SAFE
Please understand: I have your intimate videos and I will send them to your friends. This is your final warning.,SEXTORTION_BLACKMAIL
"#itbugsme when ppl joke abt things they don't understand. Using gay as an insult, using 'rape' loosely etc affect people and its not funny.",GENDER_BASED_HARASSMENT
Warning: I will expose your private content to everyone. Don't ignore me.,SEXTORTION_BLACKMAIL
Give me your nudes right now.,SEXTORTION_BLACKMAIL
@a_man_in_black i can't process all of this right now. i'm just watching it scrollllllllll.,SAFE
@MaxxMageee I wasn't lmao but shhhh,SAFE
When u complain abt the tyranny of PC what I hear is that u would deeplylove to openly make jokes abt rape &amp; gay &amp; disabled people.,GENDER_BASED_HARASSMENT
I am serious. I will attack you. You have no choice.,VIOLENT_THREAT
I am serious. I know where you commute every day. Act immediately.,CYBERSTALKING_DOXXING
RT @redbrasco: Stop a nuclear #Iran. Sign the petition. http://t.co/oUymB4AUOg,SAFE
I am stalking you.,CYBERSTALKING_DOXXING
I am stalking you.,CYBERSTALKING_DOXXING
is this abt the artist playing gay charas but made homophobic and rape jokes?,GENDER_BASED_HARASSMENT
RT @Chellaney: ISIS's beheading of another Japanese should draw attention to the 40 Indians last seen in Mosul. Japan is powerless but Indi…,SAFE
You need to understand. Share your OTP to unlock your account. Do it now.,PHISHING_FRAUD
"I'm telling you, You better do what I say. Don't tell anyone.",COERCION_MANIPULATION
"I'm telling you, You deserve to be treated badly because you are a woman. Act immediately.",GENDER_BASED_HARASSMENT
This is a warning. Send your 2FA code immediately. Do it now.,PHISHING_FRAUD
"Listen, I am tracking your device. Do it now.",CYBERSTALKING_DOXXING
This is a warning. Your private video will be uploaded if you refuse. You have no choice.,SEXTORTION_BLACKMAIL
i will seriously harm you.,VIOLENT_THREAT
"@moosenado not my place. if bri/zoe/anita feel that way, then that's their statement to make. not mine.",SAFE
"I'm telling you, I recorded you through your webcam and I will expose you. You have no choice.",SEXTORTION_BLACKMAIL
Please understand: I will find you and hurt you. This is your final warning.,VIOLENT_THREAT
You need to understand. Send the intimate pictures now or I will post them online. Don't tell anyone.,SEXTORTION_BLACKMAIL
ppl who use gay as an insult and think rape is a joke why the fuck,GENDER_BASED_HARASSMENT
I know your real-time location.,CYBERSTALKING_DOXXING
can we also @all the stupid thirsty ass gays that thought his rape joke was funny?,GENDER_BASED_HARASSMENT
"Right now, Your account is blocked. Click here to unlock it. Don't tell anyone.",PHISHING_FRAUD
"ppl who are pro-hillary until her recent gay/HIV comments: so you were ok with her imperialism, antiblackness, rape trivialization/jokes etc",GENDER_BASED_HARASSMENT
enter your netbanking password to prevent account closure.,PHISHING_FRAUD
You need to understand. Share the OTP to complete the transaction. You have no choice.,PHISHING_FRAUD
"My ex showed me that video of the guy from jackass talking about how ""if u don't find rape jokes funny, then get out"" as a means of showing me what he believed. Then blantently used the n-word and the f-slur around me and called being gay ""unnatural""",GENDER_BASED_HARASSMENT
Your bank account has been suspended. Verify now.,PHISHING_FRAUD
I am serious. Share the OTP to complete the transaction. Do it now.,PHISHING_FRAUD
I am monitoring your phone. Act immediately.,CYBERSTALKING_DOXXING
"Hey, You have one hour to comply. Act immediately.",COERCION_MANIPULATION
"Right now, I am tracking your device. Do it now.",CYBERSTALKING_DOXXING
This is a warning. Enter your netbanking password to prevent account closure. Act immediately.,PHISHING_FRAUD
Please understand: I will hunt you down and kill you. I am serious.,VIOLENT_THREAT
Warning: I will ruin you by posting your intimate videos. You better comply.,SEXTORTION_BLACKMAIL
I am serious. Send the intimate pictures now or I will post them online. Don't tell anyone.,SEXTORTION_BLACKMAIL
This is a warning. Click here to confirm your identity. Do it now.,PHISHING_FRAUD
I'm starting to doubt if I even have an immune system.,SAFE
I am serious. You have until tonight to send it. This is your final warning.,COERCION_MANIPULATION
"Right now, Send me naked pictures or I will share everything. Think carefully.",SEXTORTION_BLACKMAIL
"Right now, I am coming for you. You better comply.",VIOLENT_THREAT
Warning: Send your 2FA code immediately. Act immediately.,PHISHING_FRAUD
Feminazi Blog Reminds Liberals Today Is “National Day of Appreciation for Abortion Providers”… http://t.co/hUIwlu7HCb via @WeaselZippers,GENDER_BASED_HARASSMENT
"First impression I want someone to have of me is ""she's solid I can work with her"" not ""she's definitely gonna suck my dick""",SAFE
@brianfenton did you just try to mansplain perl to me and fail?,SAFE
Warning: I will hurt you badly. This is your final warning.,VIOLENT_THREAT
@jonrosenberg just checking. :),SAFE
Warning: I will hurt you badly. This is your final warning.,VIOLENT_THREAT
You need to understand. You have until tonight to reply. Do it now.,COERCION_MANIPULATION
"Listen, Send your password to confirm your identity. I am serious.",PHISHING_FRAUD
pay me in bitcoin or i will publish your private videos.,SEXTORTION_BLACKMAIL
You need to understand. I have your private photos and I will expose you. You better comply.,SEXTORTION_BLACKMAIL
This is a warning. I am going to murder you. You better comply.,VIOLENT_THREAT
Bullying felino http://t.co/h3lUhN7,SAFE
"Right now, Send me your nudes or I will leak them. Act immediately.",SEXTORTION_BLACKMAIL
#np Bully - Eminem;D,SAFE
This is a warning. Provide your security PIN immediately. Act immediately.,PHISHING_FRAUD
I am going to murder you.,VIOLENT_THREAT
Warning: No one will believe you if you tell anyone. I am serious.,COERCION_MANIPULATION
I will kill you.,VIOLENT_THREAT
I am serious. I will find you and hurt you. Do it now.,VIOLENT_THREAT
This is a warning. I will kill you.,VIOLENT_THREAT
I am serious. You better watch your back because I will hurt you. Think carefully.,VIOLENT_THREAT
I am serious. I will seriously harm you. Think carefully.,VIOLENT_THREAT
I feel like this is necessary today: http://t.co/W70c7yjnpY,SAFE
"Listen, I am going to find you and beat you. You better comply.",VIOLENT_THREAT
This is a warning. I will ruin you by posting your intimate videos. I am serious.,SEXTORTION_BLACKMAIL
i am monitoring your phone.,CYBERSTALKING_DOXXING
"@MOMmagRocks Thats the problem, the legal system protects the bully factor. And the bullies get very pissed when you infringe on their power",SAFE
"I'm telling you, Pay me money or I will leak your pictures. You have no choice.",SEXTORTION_BLACKMAIL
"Listen, I am stalking you. Think carefully.",CYBERSTALKING_DOXXING
share your otp to unlock your account.,PHISHING_FRAUD
"Listen, I will ruin you by posting your intimate videos. Don't ignore me.",SEXTORTION_BLACKMAIL
Warning: I have your home address.,CYBERSTALKING_DOXXING
"RT @femfreq: Aaaand another email reads: ""Social justice warriors are all literally silencing reddit, SA, GB, 4chan and most other outlets …",SAFE
Hey everyone this woman is a gay icon and the star of my fave comedy soecial “Rape Jokes”,GENDER_BASED_HARASSMENT
I am serious. I hacked your camera and recorded you. This is your final warning.,SEXTORTION_BLACKMAIL
This is a warning. Your bank account has been suspended. Verify now. You better comply.,PHISHING_FRAUD
"Hey, Enter your password to prevent closure.",PHISHING_FRAUD
@diesel_frost but since most of the victims are women I guess you can't be arsed to give a shit about them.,SAFE
"I'm telling you, I will attack you. I am serious.",VIOLENT_THREAT
Do what I say or face the consequences.,COERCION_MANIPULATION
Warning: I will hunt you down and kill you.,VIOLENT_THREAT
"Listen, Pay me or I will send your videos to your family. Don't tell anyone.",SEXTORTION_BLACKMAIL
Enter your credit card PIN to claim your reward.,PHISHING_FRAUD
You need to understand. I will shoot you.,VIOLENT_THREAT
Come on Sheri and Em you can't go to sudden death love you xx good luck #mkr #mkr2015,SAFE
Don't tell anyone about this. Don't ignore me.,COERCION_MANIPULATION
You need to understand. I know exactly where you are.,CYBERSTALKING_DOXXING
If you tell anyone I will expose you.,COERCION_MANIPULATION
Warning: Do as you are told. Do it now.,COERCION_MANIPULATION
I am tracking your GPS. You better comply.,CYBERSTALKING_DOXXING
"Fun jokes about rape, cancer, gay, harassment and marriage night is a new low on Twitter. So called educated lot. Not a word does he (or she) utter but there is a watcher by him ready (to record it)’ (Surah Qaaf:18)",GENDER_BASED_HARASSMENT
"Right now, I know where you sleep. I am serious.",CYBERSTALKING_DOXXING
"#Basket_mouth ,what wre you thinking dude anything else,gay jokes,black/white and everything else as for #rape jokes -you were off the mark",GENDER_BASED_HARASSMENT
You need to understand. You have until tonight to reply. You have no choice.,COERCION_MANIPULATION
This is a warning. I will ruin you by posting your intimate videos. I am serious.,SEXTORTION_BLACKMAIL
i recorded you through your webcam and i will expose you.,SEXTORTION_BLACKMAIL
Please understand: I will seriously harm you. I am serious.,VIOLENT_THREAT
You need to understand. I have screenshots of your private photos. This is your final warning.,SEXTORTION_BLACKMAIL
Interesting how leftists can make jokes about gay rape but if a conservative made such comments the lynch mob would be out in full force,GENDER_BASED_HARASSMENT
Nobody will believe you. Do it now.,COERCION_MANIPULATION
"Listen, I will ruin you by posting your intimate videos. Don't tell anyone.",SEXTORTION_BLACKMAIL
Provide your security PIN immediately. You better comply.,PHISHING_FRAUD
I know where you sleep.,CYBERSTALKING_DOXXING
do what i say or face the consequences.,COERCION_MANIPULATION
não é bullying se a pessoa é burra.,SAFE
Do Drasko &amp; Bianca like anything? #MKR,SAFE
This is a warning. I am coming for you. Don't tell anyone.,VIOLENT_THREAT
"Right now, I will hunt you down. Don't ignore me.",VIOLENT_THREAT
"I'm telling you, Do what I want or else. Don't tell anyone.",COERCION_MANIPULATION
This is a warning. I recorded you through your webcam and I will expose you. I am serious.,SEXTORTION_BLACKMAIL
Please understand: If you tell anyone I will expose you. You better comply.,COERCION_MANIPULATION
"RT @AgQueue: Protip: If you think stalking and rape jokes are funny, you're not fit to be an [ENFORCER]. Don't apply. We don't want you. #P…",SAFE
I am serious. I will beat you up. You better comply.,VIOLENT_THREAT
hahaha,SAFE
"RT @Jus_HollyWood Call me sexist but 98% of y'all women cannot drive man, and 100% of y'all read this and said ""not me"" in y'all head",GENDER_BASED_HARASSMENT
You need to understand. I will post your pictures everywhere if you don't pay. I am serious.,SEXTORTION_BLACKMAIL
"Miley Cyrus & her ""gay date rape joke"" disgust me. She's pretty much everything wrong w/ US culture. Everything! http://m.tmz.com/#Article/2014/05/11/miley-cyrus-gay-nightclub-video",GENDER_BASED_HARASSMENT
I am serious. Do what I say or face the consequences. Do it now.,COERCION_MANIPULATION
This is a warning. Click here to confirm your identity. You better comply.,PHISHING_FRAUD
"fuck school , imma marry me a rich nigga so ion have to do shit , forreal .",SAFE
I am serious. You have 24 hours to respond. You have no choice.,COERCION_MANIPULATION
Warning: I know your real-time location. I am serious.,CYBERSTALKING_DOXXING
This is a warning. I recorded you through your webcam and I will expose you. Do it now.,SEXTORTION_BLACKMAIL
I am serious. Share your OTP to unlock your account. I am serious.,PHISHING_FRAUD
Please understand: Your bank account has been suspended. Verify now. You have no choice.,PHISHING_FRAUD
"Hey, You have 24 hours to comply. You better comply.",COERCION_MANIPULATION
Click here to confirm your identity.,PHISHING_FRAUD
"Hey, Give me your verification code now. You have no choice.",PHISHING_FRAUD
"Right now, Nobody respects women like you. Think carefully.",GENDER_BASED_HARASSMENT
"I'm telling you, I know where you sleep. Don't ignore me.",CYBERSTALKING_DOXXING
You need to understand. If you disobey there will be consequences. This is your final warning.,COERCION_MANIPULATION
@eplerjc @srhbutts top kek,SAFE
I am serious. Send me your OTP immediately. Don't tell anyone.,PHISHING_FRAUD
"Hey, If you tell anyone I will expose you. This is your final warning.",COERCION_MANIPULATION
"They are also very happy to send women rape threats, death threats, and violent threats. It's why I can't get behind them and what they are saying... they send up every red flag I have as a gay man. I just read it like they are sexist homophobic straight dudes.",GENDER_BASED_HARASSMENT
i hacked your camera and recorded you.,SEXTORTION_BLACKMAIL
Please understand: Click here to confirm your identity. I am serious.,PHISHING_FRAUD
i have your personal information.,CYBERSTALKING_DOXXING
"I'm telling you, I have your private photos and I will expose you. You have no choice.",SEXTORTION_BLACKMAIL
This is a warning. Your private video will be uploaded if you refuse. Do it now.,SEXTORTION_BLACKMAIL
Enter your netbanking password to prevent account closure. Don't ignore me.,PHISHING_FRAUD
your private video will be uploaded if you refuse.,SEXTORTION_BLACKMAIL
@EmpyrealDreams How was it? Ask when is the next :P Dude came to know so many things abt ppl around me in office.the place was just serene:),SAFE
"I'm telling you, I am going to murder you. Don't tell anyone.",VIOLENT_THREAT
I am serious. I know where you sleep. Don't ignore me.,CYBERSTALKING_DOXXING
Please understand: If you refuse you will regret it. I am serious.,COERCION_MANIPULATION
"Right now, Give me money or your private photos go online. Do it now.",SEXTORTION_BLACKMAIL
"Hey, If you tell anyone I will expose you. I am serious.",COERCION_MANIPULATION
Made it to UH in 18 minutes #ThatsANewRecord,SAFE
Im so pissed off i fucking hate everything and everyone,SAFE
"Billy Corgan, transphobic bully. http://t.co/ddNhaKn",SAFE
I am serious. Do what I say or face the consequences. Do it now.,COERCION_MANIPULATION
Warning: No one will believe you if you tell anyone. I am serious.,COERCION_MANIPULATION
"Right now, I know where you sleep. I am serious.",CYBERSTALKING_DOXXING
This is a warning. I am outside your house watching you. Don't tell anyone.,CYBERSTALKING_DOXXING
I am serious. I will seriously harm you. Think carefully.,VIOLENT_THREAT
"I'm telling you, I have screenshots of your private photos. Don't tell anyone.",SEXTORTION_BLACKMAIL
Tell me that you're alright and everything is alright,SAFE
"[INFO] “After my teaser was released, there were articles saying that I looked like a bully, I was so happy (cont) http://tl.gd/c7avat",SAFE
I will expose your private content to everyone. Do it now.,SEXTORTION_BLACKMAIL
"Right now, Send me your OTP immediately. Don't ignore me.",PHISHING_FRAUD
Send me naked pictures or I will share everything.,SEXTORTION_BLACKMAIL
It's really hard to talk about abuse &amp; leave it with a positive message. Call to action is important to not discourage women from industry.,SAFE
"Right now, You are going to regret this when I find you. Act immediately.",VIOLENT_THREAT
enter your netbanking password to prevent account closure.,PHISHING_FRAUD
RT @citywide25: #mkr  @ScreechDinero @AtlanticRecords @BadBoyRecords @CapitolRecords @ColumbiaRecords @ColumbiaUK @DefJamRecords http://t.c…,SAFE
You need to understand. I am outside your house watching you. I am serious.,CYBERSTALKING_DOXXING
"@jongraywb You forgot racist jokes, sexist jokes, rape jokes, gay jokes, and 9/11 jokes.",GENDER_BASED_HARASSMENT
I have your intimate videos and I will send them to your friends.,SEXTORTION_BLACKMAIL
Send your verification code to unlock your account. You have no choice.,PHISHING_FRAUD
i call the women i respect females idk who can take being called a bitch and not take it to heart,GENDER_BASED_HARASSMENT
Please understand: You have until tonight to send it. You better comply.,COERCION_MANIPULATION
Please understand: Send me your OTP immediately. You better comply.,PHISHING_FRAUD
Warning: I will expose your private content to everyone. Don't ignore me.,SEXTORTION_BLACKMAIL
I am watching your every move.,CYBERSTALKING_DOXXING
This is a warning. I know where you sleep. Don't ignore me.,CYBERSTALKING_DOXXING
"I'm telling you, I will hunt you down and kill you. I am serious.",VIOLENT_THREAT
I am serious. I know where you work. You better comply.,CYBERSTALKING_DOXXING
"Listen, I have your home address.",CYBERSTALKING_DOXXING
@KirinDave holy crap. i've got 2 of them so far. just ordered a third. i've been pretty happy so far.,SAFE
"Hey, If you tell anyone I will hurt you.",COERCION_MANIPULATION
Please understand: You have until tonight to send it. I am serious.,COERCION_MANIPULATION
Send the intimate pictures now or I will post them online. Don't tell anyone.,SEXTORTION_BLACKMAIL
"Right now, Your account will be terminated. Verify your identity. You better comply.",PHISHING_FRAUD
This is a warning. I will shoot you. Don't ignore me.,VIOLENT_THREAT
"Listen, Share your OTP to unlock your account. Don't ignore me.",PHISHING_FRAUD
You need to understand. Send your verification code to unlock your account. This is your final warning.,PHISHING_FRAUD
You need to understand. Send the intimate pictures now or I will post them online. Think carefully.,SEXTORTION_BLACKMAIL
Give me money or your private photos go online. Don't tell anyone.,SEXTORTION_BLACKMAIL
Please understand: I will stab you. Do it now.,VIOLENT_THREAT
I know your real identity. Don't ignore me.,CYBERSTALKING_DOXXING
You need to understand. Keep this secret or else. Think carefully.,COERCION_MANIPULATION
"Listen, I know your real-time location. Don't ignore me.",CYBERSTALKING_DOXXING
Click here to confirm your identity. Do it now.,PHISHING_FRAUD
"Right now, Don't tell anyone about this. You have no choice.",COERCION_MANIPULATION
"Listen, I know where you commute every day. I am serious.",CYBERSTALKING_DOXXING
"@SenatorWong is rather flexible with the prattle of #values. Peter Killin, vanquished for over gay infiltration (ever Freudian, that); Jeremy Hearn likewise for anti-Muslim fervour. But @CreaseyLuke has #ALP absolution despite having previously shared rape jokes. #auspol",GENDER_BASED_HARASSMENT
"Listen, Your private video will be uploaded if you refuse. Don't ignore me.",SEXTORTION_BLACKMAIL
You need to understand. I will post your pictures everywhere if you don't pay. Don't tell anyone.,SEXTORTION_BLACKMAIL
"Right now, Click here and enter your banking details. You have no choice.",PHISHING_FRAUD
Please understand: Give me your nudes right now. Think carefully.,SEXTORTION_BLACKMAIL
"Right now, Keep this secret or else. Don't tell anyone.",COERCION_MANIPULATION
Please understand: Send your password to confirm your identity. Don't tell anyone.,PHISHING_FRAUD
@Marvriky class of 83 in the house?,SAFE
"Right now, I know where you commute every day. Don't ignore me.",CYBERSTALKING_DOXXING
"Meanwhile Yoho (R-Florida) calls another female peer a ""f÷cking bitch."" How do women vote for these guys?",GENDER_BASED_HARASSMENT
But wait why tf u would even think I give a damn about ur opinion! KMS hoe I have a fucking life!!!,GENDER_BASED_HARASSMENT
"You've got big hearts! Colin, I believe what you're meant to say was that they have enlarged, clogged hearts! #MKR",SAFE
You are a pathetic girl.,GENDER_BASED_HARASSMENT
Keep this secret or else. Do it now.,COERCION_MANIPULATION
This is a warning. Send the pictures immediately or I will leak them. Don't ignore me.,SEXTORTION_BLACKMAIL
i am watching your every move.,CYBERSTALKING_DOXXING
Sorry what was that? You can't burn anything on a toastie? #mkr,SAFE
"Right now, I am monitoring your phone. You better comply.",CYBERSTALKING_DOXXING
Please understand: If you speak about this I will ruin you. Think carefully.,COERCION_MANIPULATION
Please understand: I know your real identity. You better comply.,CYBERSTALKING_DOXXING
Warning: Send me your nudes or I will leak them. You better comply.,SEXTORTION_BLACKMAIL
This is a warning. Pay me or I will publish your private recordings. Act immediately.,SEXTORTION_BLACKMAIL
"Listen, I know where you commute every day. Think carefully.",CYBERSTALKING_DOXXING
Viewers turning on #MKR Perth pair Kat and Andre for their desperate strategic scoring  http://t.co/8wy70CWmiN http://t.co/ts6b5R3rYr,SAFE
"Listen, I will post your pictures everywhere if you don't pay. This is your final warning.",SEXTORTION_BLACKMAIL
"Right now, Do what I want or else. You have no choice.",COERCION_MANIPULATION
You better do what I say.,COERCION_MANIPULATION
305- Get Hard. No masterpiece and a few hundred rape/gay jokes too many but God help me I laughed pretty steadily. Low expectations are key,GENDER_BASED_HARASSMENT
Can we stop with the Justin Bieber -gay (generally racist) prison rape- jokes? He's given us plenty to remark on/laugh at but rape isn't it.,GENDER_BASED_HARASSMENT
You need to understand. You have 24 hours to comply. You better comply.,COERCION_MANIPULATION
@NickRoxNRX that's awesome. Wish my Japanese was good enough to watch it undubbed. I warched the first US run when I was in middle school.,SAFE
Warning: Pay me or I will publish your private recordings. Think carefully.,SEXTORTION_BLACKMAIL
I am serious. Send the intimate pictures now or I will post them online. Don't tell anyone.,SEXTORTION_BLACKMAIL
"Hey, I have your home address.",CYBERSTALKING_DOXXING
"Right now, Nobody will believe you. Act immediately.",COERCION_MANIPULATION
You need to understand. You have until tonight to reply.,COERCION_MANIPULATION
I am serious. You have 24 hours to respond. Think carefully.,COERCION_MANIPULATION
I am serious. I will hunt you down. I am serious.,VIOLENT_THREAT
@tabitharavin 's tweet really made me want pop tarts:(,SAFE
Pete eating... #mkr http://t.co/3wcIykPqX3,SAFE
This is a warning. I know where you live. Don't tell anyone.,CYBERSTALKING_DOXXING
Give me your private photos or everyone will see them.,SEXTORTION_BLACKMAIL
Your bank account has been suspended. Verify now. You better comply.,PHISHING_FRAUD
"I'm telling you, I have your private photos and I will expose you.",SEXTORTION_BLACKMAIL
"I'm telling you, Enter your credit card PIN to claim your reward. Do it now.",PHISHING_FRAUD
Warning: Your account will be terminated. Verify your identity. This is your final warning.,PHISHING_FRAUD
"@australiacamper Yep, same. But it's also wrong of #Mkr to let them get away with it. #mkr2015",SAFE
"Right now, Provide your security PIN immediately.",PHISHING_FRAUD
"Right now, Your bank account has been suspended. Verify now. You better comply.",PHISHING_FRAUD
This is a warning. Die bitch. Don't tell anyone.,VIOLENT_THREAT
"Exactly!!! It's no commitment!!!!!!she just said something as a joke. ""Fuck that! Take drugs, rape sluts Make fun of gay clubs, men who wear make-up Get aware, wake up, get a sense of humor"". Yes it's gross n wrong..I commented to stop on that post!but you can't just shame her",GENDER_BASED_HARASSMENT
I am serious. I will shoot you. Don't ignore me.,VIOLENT_THREAT
Oh balls! Have to put up with bloody Kat still #mkr,SAFE
"All this talk about man / women rape I find very #sexist - gay rape does occur, with much nastier consequences eg aids #newsnight",GENDER_BASED_HARASSMENT
This is a warning. Don't tell anyone about this. This is your final warning.,COERCION_MANIPULATION
You need to understand. Die bitch. Don't ignore me.,VIOLENT_THREAT
I will make you pay with your life. You better comply.,VIOLENT_THREAT
I am serious. Give me the code you received on your phone. You have no choice.,PHISHING_FRAUD
Warning: I will hurt you badly. Think carefully.,VIOLENT_THREAT
"Sweetheart gay /lesbian jokes are just as bad as rape jokes. The homophobia is rife in this country and sexuality is a sensitive issue. If you cant see that, I guess youre also part of the problem. Awuse cute that time laughing at rubbish.",GENDER_BASED_HARASSMENT
"Right now, Give me money or your private photos go online. Do it now.",SEXTORTION_BLACKMAIL
Warning: I am outside your house watching you. You have no choice.,CYBERSTALKING_DOXXING
Rules of talking about Kalen Schlatter the dude who allegedly killed Tess Richey: Don't call him gay (unless he comes out). No butt rape jokes.,GENDER_BASED_HARASSMENT
"Listen, I will hunt you down and kill you. Act immediately.",VIOLENT_THREAT
This is a warning. I recorded you through your webcam and I will expose you. I am serious.,SEXTORTION_BLACKMAIL
Come on down! We're cooking ears?! @cityofmandurah thegoodguysau #CrabFest15 #MKR  #ChloeandKelly https://t.co/6kGw1LEjFR,SAFE
"I always ignore when people get them mixed up bc they always call me a “sexist straight white male who hates women” even tho I’m a feminine gay man like... it amazes me that people don’t know the difference between rape, sexual assault, and sexual harassment.",GENDER_BASED_HARASSMENT
@rgay Even with that P&amp;G rape joke?,GENDER_BASED_HARASSMENT
For fuck sake Annie. Sort out that disgusting blush. Enough is enough. #MKR,SAFE
"Listen, You must obey me.",COERCION_MANIPULATION
Warning: Verify your account now or it will be closed. This is your final warning.,PHISHING_FRAUD
"Hey, I have your personal information. Don't tell anyone.",CYBERSTALKING_DOXXING
Please understand: Send your password to confirm your identity. Don't tell anyone.,PHISHING_FRAUD
I have your private photos and I will expose you.,SEXTORTION_BLACKMAIL
The would-be politician is weak and craves power so that he may impose his will on the people that bullied him at school. -Jeremy Clarkson,SAFE
To my Followers...Stop sending me a pic of the @SomeoneBelow Twitter accounts. It's fuckin gay &amp; not funny. I RT funny shit like rape jokes!,GENDER_BASED_HARASSMENT
This is a warning. I hacked your camera and recorded you. This is your final warning.,SEXTORTION_BLACKMAIL
You need to understand. I know where you sleep.,CYBERSTALKING_DOXXING
"RT @stweet_heart: This is the show that never ends, yes it goes on and on my friends, some people started watching it not knowing it what i…",SAFE
Why is that wicked witch not in sudden death! #mkr2015 #mkr #katandandre,GENDER_BASED_HARASSMENT
You need to understand. I will post your pictures everywhere if you don't pay. Don't tell anyone.,SEXTORTION_BLACKMAIL
This is a warning. You better do what I say. Don't ignore me.,COERCION_MANIPULATION
You need to understand. You have 24 hours to comply. You have no choice.,COERCION_MANIPULATION
I am serious. I hacked your camera and recorded you. Don't tell anyone.,SEXTORTION_BLACKMAIL
Give me the code you received on your phone.,PHISHING_FRAUD
Please understand: I will seriously harm you. I am serious.,VIOLENT_THREAT
"RT @jamesy_cuv: The best part of a woman's body is their hands, simply because they can make sandwiches and clean shit with them #notsexist",GENDER_BASED_HARASSMENT
i recorded you through your webcam and i will expose you.,SEXTORTION_BLACKMAIL
I know your real identity. Act immediately.,CYBERSTALKING_DOXXING
"RT @TroyMV1 im sorry, im not sexist, but i'd be scared to have a woman running the country. women are too nice.",GENDER_BASED_HARASSMENT
Warning: You better watch your back because I will hurt you. Don't tell anyone.,VIOLENT_THREAT
i have your location.,CYBERSTALKING_DOXXING
"I'm telling you, I know where you work. Think carefully.",CYBERSTALKING_DOXXING
You need to understand. I know exactly where you are. Do it now.,CYBERSTALKING_DOXXING
I am serious. I will make you pay with your life. I am serious.,VIOLENT_THREAT
I am serious. I know where you commute every day. Act immediately.,CYBERSTALKING_DOXXING
I am serious. I found your address online.,CYBERSTALKING_DOXXING
Your account is blocked. Click here to unlock it. Don't tell anyone.,PHISHING_FRAUD
"Listen, I am tracking your GPS. I am serious.",CYBERSTALKING_DOXXING
I am tracking your GPS. This is your final warning.,CYBERSTALKING_DOXXING
Warning: I am going to find you and beat you. This is your final warning.,VIOLENT_THREAT
#stopwadhwa2015 because he follows a pathetically low amount of female engineers. But he's cool with female reporters.,SAFE
Warning: Pay me money or I will leak your pictures. Do it now.,SEXTORTION_BLACKMAIL
i will ruin you by posting your intimate videos.,SEXTORTION_BLACKMAIL
I am serious. Send me your nudes or I will leak them. I am serious.,SEXTORTION_BLACKMAIL
This is a warning. I will make you pay with your life. Don't ignore me.,VIOLENT_THREAT
"A Republican congressman calls a female Democratic congresswoman ""disgusting' and ""a fucking bitch"" on the steps of the Capitol building. Helluva lot of class and dignity,, hunh? Oh! And he's from Florida, a hotbed of tolerance! Say 'Hi"" to Matt Gaetz.",GENDER_BASED_HARASSMENT
"Right now, Give me the code you received on your phone. This is your final warning.",PHISHING_FRAUD
"You don't have to take the high ground and respect these people. Tell racist Aunt Shirley to shut up. Don't let your grandma make remarks about gay marriage. Unfriend that guy you went to school with that makes jokes about rape. If they won't change, get away from them.",GENDER_BASED_HARASSMENT
"Actually u need help @purexelegance Call me sexist but I actually have nightmares about Nancy Pelosi, Hillary Clinton, and Elizabeth Warren.",GENDER_BASED_HARASSMENT
This is a warning. Enter your password to prevent closure. You have no choice.,PHISHING_FRAUD
@geeky_zekey It kind of looks like this. http://t.co/T73hzP9kQH,SAFE
@LifeInKhilafah Those are ISIS guns pointing at that baby.  And murdering someone for the way they were born is sick like your Islam.,SAFE
This is a warning. I know exactly where you are. Don't ignore me.,CYBERSTALKING_DOXXING
Ohh Celine! What are you doing?!? No! Snotty eggs.  #mkr,SAFE
"Right now, No one will believe you if you tell anyone. I am serious.",COERCION_MANIPULATION
There goes the man-woman wage-gap sham in shambles!..... like all other Feminazi falsities! http://t.co/dd74gnS2tI,GENDER_BASED_HARASSMENT
Give me your nudes right now. You have no choice.,SEXTORTION_BLACKMAIL
Keep this secret or else.,COERCION_MANIPULATION
"I'm telling you, Give me money or your private photos go online.",SEXTORTION_BLACKMAIL
"I'm telling you, Your bank account has been suspended. Verify now. You better comply.",PHISHING_FRAUD
You need to understand. If you refuse you will regret it. Don't tell anyone.,COERCION_MANIPULATION
Give me your nudes right now. You have no choice.,SEXTORTION_BLACKMAIL
"Starve a bully, feed your soul.. STAND #GRAND! This isn't just a quote, but a way of life.. (: Thanks @VinCastronovo &lt;3",SAFE
RT @OhNoSheTwitnt: Gaston wasn't a sexist bully. He was a male activist trying to show that feminazi Belle the error of her ways. #FoxNewsF…,GENDER_BASED_HARASSMENT
"Right now, Enter your credit card PIN to claim your reward. I am serious.",PHISHING_FRAUD
You need to understand. I know your real identity.,CYBERSTALKING_DOXXING
This is a warning. You have 24 hours to respond. This is your final warning.,COERCION_MANIPULATION
Please understand: No one will believe you if you tell anyone. You have no choice.,COERCION_MANIPULATION
I am serious. I will find you and hurt you. You better comply.,VIOLENT_THREAT
"@VivaLaCB adele, pitbull, rumor to be jay and kanye, lil wayne, rumor to be drake, lady gaga is the opener",SAFE
You need to understand. I found your address online. You better comply.,CYBERSTALKING_DOXXING
Warning: Give me money or your private photos go online. Act immediately.,SEXTORTION_BLACKMAIL
Please understand: Click here to confirm your identity. You better comply.,PHISHING_FRAUD
"#DesiPorn,#ManDingo,#AsianButts,#Aunty,#MatureMoms: Ugly Slut With Bushy Clam Gangbanged Brutally https://t.co/5EAjgSlXuF",GENDER_BASED_HARASSMENT
You need to understand. I will beat you up. You have no choice.,VIOLENT_THREAT
"I'm telling you, Enter your password to prevent closure. Act immediately.",PHISHING_FRAUD
"Hey, I know exactly where you are. Don't tell anyone.",CYBERSTALKING_DOXXING
Pay me in bitcoin or I will publish your private videos. Think carefully.,SEXTORTION_BLACKMAIL
Send the intimate pictures now or I will post them online. Don't tell anyone.,SEXTORTION_BLACKMAIL
"Twatsack™ TV Episode 58. Gay pride, rape jokes, French films, missing seagulls and shit music.",GENDER_BASED_HARASSMENT
You deserve to die.,VIOLENT_THREAT
I am serious. If you disobey there will be consequences. I am serious.,COERCION_MANIPULATION
This is a warning. I know where you live. This is your final warning.,CYBERSTALKING_DOXXING
Warning: Women like you are worthless. Act immediately.,GENDER_BASED_HARASSMENT
"Hey, Enter your password to prevent closure.",PHISHING_FRAUD
Please understand: Send me your OTP immediately. You better comply.,PHISHING_FRAUD
"Right now, You have until tonight to send it. Don't tell anyone.",COERCION_MANIPULATION
I am monitoring your phone.,CYBERSTALKING_DOXXING
"Listen, I will ruin you by posting your intimate videos. This is your final warning.",SEXTORTION_BLACKMAIL
@tobyfee @justkelly_ok #hipchat FOREVER,SAFE
Please understand: I will shoot you. Don't ignore me.,VIOLENT_THREAT
I have your phone number.,CYBERSTALKING_DOXXING
You have until tonight to send it.,COERCION_MANIPULATION
"I'm telling you, I know where you live. I am serious.",CYBERSTALKING_DOXXING
Since when did a box of band-aids cost 8 dollars #TF,SAFE
Why Workplace Bullying Should Be Legal http://dld.bz/abaEJ,SAFE
You need to understand. I will post your pictures everywhere if you don't pay. You better comply.,SEXTORTION_BLACKMAIL
I am serious. You have one hour to comply. You have no choice.,COERCION_MANIPULATION
You need to understand. You are such a whore. I am serious.,GENDER_BASED_HARASSMENT
"they just all make the same jokes... like, women are annoying, black people are thugs, gays are scary and rape is a laugh, WE GET IT pls stp",GENDER_BASED_HARASSMENT
Reading about crack #wow,SAFE
"Hey, Provide your security PIN immediately. Think carefully.",PHISHING_FRAUD
Warning: I will hunt you down. You have no choice.,VIOLENT_THREAT
"Hey, Send the pictures immediately or I will leak them. This is your final warning.",SEXTORTION_BLACKMAIL
This is a warning. I have your phone number. Do it now.,CYBERSTALKING_DOXXING
"Right now, I have screenshots of your private photos. I am serious.",SEXTORTION_BLACKMAIL
I am serious. I will find you and hurt you. Do it now.,VIOLENT_THREAT
Please understand: Your private video will be uploaded if you refuse.,SEXTORTION_BLACKMAIL
"Good morning &amp; welcome to political Monday...only honest discussion here w/ the focus on substance, not style #factsmatter",SAFE
I hacked your camera and recorded you. Don't ignore me.,SEXTORTION_BLACKMAIL
"RT @missclarolyn: You didn't give me a deconstructed lemon tart, but have a 7 anyway, for the item that wasn't on the menu #MKR",GENDER_BASED_HARASSMENT
Please understand: I know where you sleep. Think carefully.,CYBERSTALKING_DOXXING
Give me your nudes right now.,SEXTORTION_BLACKMAIL
Warning: Pay me or I will publish your private recordings. Don't ignore me.,SEXTORTION_BLACKMAIL
i have your home address.,CYBERSTALKING_DOXXING
you are disgusting and worthless.,GENDER_BASED_HARASSMENT
@m_ethaniel storing it for later!,SAFE
"Right now, I will post your pictures everywhere if you don't pay. Don't ignore me.",SEXTORTION_BLACKMAIL
"Hey, I am outside your house watching you. You better comply.",CYBERSTALKING_DOXXING
"I'm telling you, Click here and enter your banking details. You better comply.",PHISHING_FRAUD
Do what I say or face the consequences.,COERCION_MANIPULATION
"Listen, I will hurt you badly.",VIOLENT_THREAT
your account will be terminated. verify your identity.,PHISHING_FRAUD
I don't know how some people can talk about how often they get drunk on Facebook or Twitter. #KeepItClassy,SAFE
i know where you live.,CYBERSTALKING_DOXXING
men when they think saying any slur making racist jokes “retard” “gay” any rape joke think they so tough. also men when we say they are not funny,GENDER_BASED_HARASSMENT
"Right now, Your bank account has been suspended. Verify now. You better comply.",PHISHING_FRAUD
"No it doesn’t, I laugh at rape jokes, racist jokes, anti-jokes, gay jokes, murder jokes, all kinds of different jokes and never in my life have I heard a rape joke and been like damn now I wanna rape someone",GENDER_BASED_HARASSMENT
I will stab you.,VIOLENT_THREAT
"@TheEllenShow could have used their platform to create a safe environment for everyone, focussing on the victims not the perpetrator. Also, it is possible &amp; necessary for comedians to push the envelope without punching down; @cameronesposito ""rape jokes"" is a shining example.",GENDER_BASED_HARASSMENT
Warning: You have 24 hours to respond. You better comply.,COERCION_MANIPULATION
"@seanbedllam should I avoid your show if i find fat jokes, gay jokes, rape jokes, sexist jokes or any of their kin offensive?",GENDER_BASED_HARASSMENT
"Right now, I recorded you through your webcam and I will expose you.",SEXTORTION_BLACKMAIL
This is a warning. I know exactly where you are. Don't tell anyone.,CYBERSTALKING_DOXXING
"I'm telling you, Send your password to confirm your identity. Do it now.",PHISHING_FRAUD
Send your 2FA code immediately.,PHISHING_FRAUD
Please understand: Pay me money or I will leak your pictures. You better comply.,SEXTORTION_BLACKMAIL
send your password to confirm your identity.,PHISHING_FRAUD
If you disobey there will be consequences.,COERCION_MANIPULATION
"Hey, You have 24 hours to respond.",COERCION_MANIPULATION
"I'm telling you, If you refuse you will regret it. You have no choice.",COERCION_MANIPULATION
RT @wilkieii: https://t.co/ywFOmn0ycR This oblivious @wadhwa meltdown is in response to women who dared to speak up against him. #StopWadhw…,SAFE
NY Post Makes Gay Rape Joke on Jared Fogle Cover http://twib.in/l/kKaeAanr5bL #LGBT |,GENDER_BASED_HARASSMENT
Please understand: Enter your netbanking password to prevent account closure. I am serious.,PHISHING_FRAUD
both Milo Y & Joanne the Scammer are openly: —cis —gay —men —trans misogynistic —anti-Semitic —M's OK w/ pederasty; JtS's OK w/ rape jokes,GENDER_BASED_HARASSMENT
"Hey, Your bank account has been suspended. Verify now. I am serious.",PHISHING_FRAUD
I have your personal information. Do it now.,CYBERSTALKING_DOXXING
This is a warning. I will destroy you physically. Act immediately.,VIOLENT_THREAT
"“Why boys crack up at rape jokes, think having a girlfriend is “gay,” and still can’t cry—and why we need to give them new and better models of masculinity.” #disruptthedefault",GENDER_BASED_HARASSMENT
"White dude wins the Nobel for lit again, shocking, next you'll tell me his novels speak to a universal human experience",SAFE
"I'm telling you, I know where you study. Don't ignore me.",CYBERSTALKING_DOXXING
"Hey, I have your home address. You better comply.",CYBERSTALKING_DOXXING
You need to understand. Send the intimate pictures now or I will post them online. Do it now.,SEXTORTION_BLACKMAIL
This is a warning. Pay me money or I will leak your pictures. Think carefully.,SEXTORTION_BLACKMAIL
"@mcmahoniel unfortunately, no. text filters are too high-risk.",SAFE
@danhazelton_ Maybe you should not commentate on the twitter,SAFE
This is a warning. I know where you live. Act immediately.,CYBERSTALKING_DOXXING
I will beat you up.,VIOLENT_THREAT
#oomf use to have a speaker box in class,SAFE
"Hey, Verify your account now or it will be closed. Do it now.",PHISHING_FRAUD
"Hey, Do exactly what I tell you. Think carefully.",COERCION_MANIPULATION
give me money or your private photos go online.,SEXTORTION_BLACKMAIL
verify your account now or it will be closed.,PHISHING_FRAUD
i am tracking your device.,CYBERSTALKING_DOXXING
I am serious. Send your 2FA code immediately. Don't ignore me.,PHISHING_FRAUD
"all my bitches bad, you'll never see me around ugly females ð",GENDER_BASED_HARASSMENT
I am serious. I will find you and hurt you. Think carefully.,VIOLENT_THREAT
"Right now, I have your location. You better comply.",CYBERSTALKING_DOXXING
Warning: I have your personal information. You better comply.,CYBERSTALKING_DOXXING
"Hey, I recorded you through your webcam and I will expose you. Don't ignore me.",SEXTORTION_BLACKMAIL
Give me the code you received on your phone.,PHISHING_FRAUD
"@PeerWorker yes. given that one group routinely posts mutilated bodies on twitter along with american passports, i'd say they are worse.",SAFE
"I'm telling you, Give me money or your private photos go online. You have no choice.",SEXTORTION_BLACKMAIL
I am serious. Your account is blocked. Click here to unlock it. You better comply.,PHISHING_FRAUD
"Most people who make rape jokes (or gay jokes, or racist jokes, or whatever) aren’t smart enough to... http://tmblr.co/ZgzvGyPymbYI",GENDER_BASED_HARASSMENT
"yes ok he's fine with gays and he's against rape jokes but again, he doesn't say anything apologizing about the women thing?",GENDER_BASED_HARASSMENT
"Listen, I will destroy you physically. You better comply.",VIOLENT_THREAT
Warning: I know your real-time location. I am serious.,CYBERSTALKING_DOXXING
Please understand: I will beat you up. Act immediately.,VIOLENT_THREAT
"Hey, I am tracking your GPS. Do it now.",CYBERSTALKING_DOXXING
"Right now, Enter your credit card PIN to claim your reward. I am serious.",PHISHING_FRAUD
@HeatherMoAndCo @Shermertron Mary Koss.  Seriously...,GENDER_BASED_HARASSMENT
"The client im working with is being passive aggressive, making jokes about rape and slandering gays. HOWS EVERYONE ELSES WEDNESDAY GOING???????????",GENDER_BASED_HARASSMENT
"Listen, I am coming for you. Don't tell anyone.",VIOLENT_THREAT
Please understand: I will hurt you badly. You have no choice.,VIOLENT_THREAT
Please understand: You must obey me. I am serious.,COERCION_MANIPULATION
Is it called ‘code switching’ when we write a column for the Sun and then the Guardian? And when we make rape/disabled/race/gay jokes before getting a slot with the BBC preaching woke values? Or is just following the £££s?,GENDER_BASED_HARASSMENT
"I'm telling you, I know where you live. Think carefully.",CYBERSTALKING_DOXXING
Does Martha regularly hear her male and female colleagues call one another a “fucking bitch”?,GENDER_BASED_HARASSMENT
I am serious. I know where you commute every day. Do it now.,CYBERSTALKING_DOXXING
Super duper not a lesbian and brother I'm sorry but your entitlement issues aren't gonna turn me gay either. Also hella not into rape jokes.,GENDER_BASED_HARASSMENT
Ew Kat and Andre are still in the comp. #MKR,SAFE
i will kill you.,VIOLENT_THREAT
You need to understand. I am watching your house. Think carefully.,CYBERSTALKING_DOXXING
Warning: Pay me in bitcoin or I will publish your private videos. Act immediately.,SEXTORTION_BLACKMAIL
This having class on Monday and Tuesday thing is quite homosexual,SAFE
I am coming for you.,VIOLENT_THREAT
"Listen, If you speak about this I will ruin you. Don't ignore me.",COERCION_MANIPULATION
Warning: Give me your verification code now. Don't ignore me.,PHISHING_FRAUD
i hacked your camera and recorded you.,SEXTORTION_BLACKMAIL
Frio é bullying contra os solteiros..... #podenão,SAFE
Warning: I will hurt you badly. Think carefully.,VIOLENT_THREAT
"It’s neat how libs are getting exposed by an old, done man verbally accosting a sitting us congresswoman in public like an unhinged dullard. Name a job you can call a young, female coworker you barely know a “fucking bitch” and not get fired?",GENDER_BASED_HARASSMENT
You need to understand. I am watching your every move. Do it now.,CYBERSTALKING_DOXXING
We've proved we're not just the dumb blondes with pretty faces. Whatevs. #MKR,SAFE
Fuck you and your strategic unfair voting! Don't like either team but at least they weren't c*nts like Kat and Andre. So disappointed. #MKR,GENDER_BASED_HARASSMENT
"Right now, I have your location. Act immediately.",CYBERSTALKING_DOXXING
This is a warning. I recorded you through your webcam and I will expose you. Do it now.,SEXTORTION_BLACKMAIL
You need to understand. You have 24 hours to comply. Do it now.,COERCION_MANIPULATION
"Listen, I will destroy you physically. You better comply.",VIOLENT_THREAT
I am serious. Keep this secret or else. Act immediately.,COERCION_MANIPULATION
I am serious. I am outside your house watching you. You better comply.,CYBERSTALKING_DOXXING
"The left is weirdly ok with prison rape jokes, slut shaming and gay jokes when it suits them. Which is embarrassing as fuck. By embarrassing I mean shameful.",GENDER_BASED_HARASSMENT
I am serious. I hacked your camera and recorded you. Don't ignore me.,SEXTORTION_BLACKMAIL
This is a warning. I will choke you. Don't tell anyone.,VIOLENT_THREAT
"I'm telling you, Send your password to confirm your identity. This is your final warning.",PHISHING_FRAUD
This is a warning. I know where you study. This is your final warning.,CYBERSTALKING_DOXXING
Warning: I have your personal information.,CYBERSTALKING_DOXXING
"@JulianSemenza If you hadn't noticed, feminists are against taking pictures of anyone without their consent. Nice strawman tho, would trash",GENDER_BASED_HARASSMENT
How girls from my school are re tweeting every 'the mend' tweet GET A LIFE!,SAFE
give me the code you received on your phone.,PHISHING_FRAUD
Please understand: I have your home address. Think carefully.,CYBERSTALKING_DOXXING
"Hey, Pay me in bitcoin or I will publish your private videos. You better comply.",SEXTORTION_BLACKMAIL
You need to understand. Send your verification code to unlock your account. I am serious.,PHISHING_FRAUD
I will make you pay with your life. I am serious.,VIOLENT_THREAT
"Right now, I have your location. Act immediately.",CYBERSTALKING_DOXXING
Put politics aside and ask yourself this question: How can any congressman call a female colleague a “f - - - - - - bitch” and not be formally censured?,GENDER_BASED_HARASSMENT
"RT @MrJackalstalks: @MT8_9 Such a horrible person, tell her friend to go back into the truck filled with carbon monoxide, then uses her fri…",GENDER_BASED_HARASSMENT
"I'm telling you, I am watching your every move. You have no choice.",CYBERSTALKING_DOXXING
I will kill you.,VIOLENT_THREAT
Please understand: I have your home address. Think carefully.,CYBERSTALKING_DOXXING
RT @GlobeAlone: Annie's reaction when Lloyd said Disney Land is why I hate her #mkr http://t.co/PaLZrOLDk2,SAFE
You need to understand. You must obey me. Do it now.,COERCION_MANIPULATION
You need to understand. Enter your credit card PIN to claim your reward. Do it now.,PHISHING_FRAUD
"ée vo sar aqi, deixar o bully baixando..",SAFE
Can you call a Male- a bitch? Or is only for females?,GENDER_BASED_HARASSMENT
This is a warning. I hacked your camera and recorded you. Don't tell anyone.,SEXTORTION_BLACKMAIL
Warning: I am stalking you. This is your final warning.,CYBERSTALKING_DOXXING
i will attack you.,VIOLENT_THREAT
I am outside your house watching you. Don't tell anyone.,CYBERSTALKING_DOXXING
i know exactly where you are.,CYBERSTALKING_DOXXING
Please understand: I will seriously harm you. You have no choice.,VIOLENT_THREAT
@CFD22 Manti Teo of Notre Dame he will be the X factor when they beat OK ! #ndirishfootball,SAFE
"Listen, If you speak about this I will ruin you. You have no choice.",COERCION_MANIPULATION
"Listen, Pay me or I will publish your private recordings. I am serious.",SEXTORTION_BLACKMAIL
"People laugh? Huh that's what it takes , so we need to let rape jokes , and gay jokes go too because people laugh at those as well",GENDER_BASED_HARASSMENT
@halalflaws @haroonstyles @AMohedin @islamdefense @greenlinerzjm Only two verses and we are making progress.,SAFE
Warning: I will kill you. Don't ignore me.,VIOLENT_THREAT
@rcallimachi I don't have a problem with a one for one exchange.,SAFE
Share the OTP to complete the transaction. Think carefully.,PHISHING_FRAUD
@JamesHT_Avfc The point and you live in different universes.,SAFE
Please understand: Give me your verification code now. I am serious.,PHISHING_FRAUD
"I'm telling you, If you disobey there will be consequences.",COERCION_MANIPULATION
Warning: I am monitoring your phone.,CYBERSTALKING_DOXXING
"Right now, Enter your credit card PIN to claim your reward. You better comply.",PHISHING_FRAUD
You need to understand. Keep this secret or else. Think carefully.,COERCION_MANIPULATION
You need to understand. Send your 2FA code immediately. Act immediately.,PHISHING_FRAUD
"Right now, Die bitch. Act immediately.",VIOLENT_THREAT
"@Deloitte y’all have a black and rainbow pic, but don’t actually support BLM or gays. Firing someone because they made a comparison joke on TikTok? Because all lives matter people can’t understand analogies? And now SHE’S getting death/rape threats for trying to educate people",GENDER_BASED_HARASSMENT
"I'm telling you, You have until tonight to reply. You have no choice.",COERCION_MANIPULATION
@IftikharAwan @MaajidNawaz And this is what the hate about Islam. http://t.co/QRDbtanRuP,SAFE
This is a warning. Send me your OTP immediately. You better comply.,PHISHING_FRAUD
i will seriously harm you.,VIOLENT_THREAT
i have your private photos and i will expose you.,SEXTORTION_BLACKMAIL
I am tracking your GPS. This is your final warning.,CYBERSTALKING_DOXXING
"@KevinHart4real and #WillFerrell make gay, race &amp; rape jokes in the comedy #GetHard. My review for @RocknReelReview​: http://www.rocknreelreviews.com/review/get-hard/",GENDER_BASED_HARASSMENT
"We've proven we're not just dumb blondes and pretty faces. True, not ""just""... #MKR",GENDER_BASED_HARASSMENT
"Right now, I have your personal information. Do it now.",CYBERSTALKING_DOXXING
Warning: Provide your one-time password now. Don't tell anyone.,PHISHING_FRAUD
I am serious. I have your private photos and I will expose you. I am serious.,SEXTORTION_BLACKMAIL
I am serious. You have 24 hours to respond. Think carefully.,COERCION_MANIPULATION
You need to understand. Give me your private photos or everyone will see them. Don't ignore me.,SEXTORTION_BLACKMAIL
You need to understand. You must obey me. I am serious.,COERCION_MANIPULATION
*posts gay gang rape scene as lolfunny joke against a gay person* people who don't like me are liberals.,GENDER_BASED_HARASSMENT
Do exactly what I tell you. Think carefully.,COERCION_MANIPULATION
Please understand: You have until tonight to reply. You better comply.,COERCION_MANIPULATION
"Hey, Send me your nudes or I will leak them. Don't tell anyone.",SEXTORTION_BLACKMAIL
die bitch.,VIOLENT_THREAT
Please understand: I have your home address. Think carefully.,CYBERSTALKING_DOXXING
"Hey, Die bitch. This is your final warning.",VIOLENT_THREAT
You need to understand. I know exactly where you are.,CYBERSTALKING_DOXXING
You deserve to die.,VIOLENT_THREAT
I will kill you.,VIOLENT_THREAT
You need to understand. Provide your security PIN immediately. Think carefully.,PHISHING_FRAUD
Please understand: If you tell anyone I will expose you. You better comply.,COERCION_MANIPULATION
"RT @RampaigerA79: @MT8_9 http://t.co/MgzUVS5oMi Even in wrestling, it has its share of Feminist Authority figures! Guess who called out on …",GENDER_BASED_HARASSMENT
You need to understand. I hacked your camera and recorded you. You have no choice.,SEXTORTION_BLACKMAIL
"Listen, I am coming for you. Don't tell anyone.",VIOLENT_THREAT
I am serious. If you disobey there will be consequences. Do it now.,COERCION_MANIPULATION
"Listen, If you tell anyone I will expose you. Don't ignore me.",COERCION_MANIPULATION
"Listen, Send your verification code to unlock your account. You better comply.",PHISHING_FRAUD
"I gotcha. If he makes jokes of rape and rape victims, are they not survivors of something horrible? If he makes jokes on 9/11 are there not people who died and people who survived? If he makes gay jokes about hate crimes, are there not people who have survived that too?",GENDER_BASED_HARASSMENT
Kat and Andre are filthy bastards. #mkr,SAFE
You need to understand. You are going to regret this when I find you. Think carefully.,VIOLENT_THREAT
"Right now, Send the pictures immediately or I will leak them. Don't ignore me.",SEXTORTION_BLACKMAIL
".@holman @onekingslane yo, i use ruby where are my ladies",SAFE
I know where you study.,CYBERSTALKING_DOXXING
I just killed my oral exam in Spanish 👌,SAFE
media at my new school is rather boring..,SAFE
"local twitter is where people pretend to care about issues that don't particularly affect them just for the sake of being seen as ""woke"" while they continue to be hypocrites saying the n word when they're not black, making rape jokes, using gay as an insult, etc.",GENDER_BASED_HARASSMENT
You need to understand. Pay me or I will publish your private recordings.,SEXTORTION_BLACKMAIL
I will stab you. You better comply.,VIOLENT_THREAT
i will ruin you by posting your intimate videos.,SEXTORTION_BLACKMAIL
@wededartoe @buffie89 No I'm really pregnant 19wks what I will lie for,SAFE
if you speak about this i will ruin you.,COERCION_MANIPULATION
Warning: Do exactly what I tell you. Don't ignore me.,COERCION_MANIPULATION
Great to see the local National Park workers tucking into a free feed.  How about you empty those loo's instead. #MKR,SAFE
Notice how the argument isn’t “don’t call a man a male.” They’re trying to say that men secretly call women “females” as a pejorative in lieu of “bitch.” Yeaaaaahhhh...ok!,GENDER_BASED_HARASSMENT
"Listen, You have until tonight to send it. You have no choice.",COERCION_MANIPULATION
I am serious. Send the intimate pictures now or I will post them online.,SEXTORTION_BLACKMAIL
"I'm telling you, Pay me money or I will leak your pictures. You have no choice.",SEXTORTION_BLACKMAIL
"I'm telling you, I know where you commute every day. I am serious.",CYBERSTALKING_DOXXING
@LeoKikiLady89 Not concerned w/ equal here... http://t.co/7DOkGSR8lG,GENDER_BASED_HARASSMENT
"Right now, Provide your one-time password now. Do it now.",PHISHING_FRAUD
Please understand: Your account has been suspended. Click here to verify now. You better comply.,PHISHING_FRAUD
"Right now, Enter your credit card PIN to claim your reward. I am serious.",PHISHING_FRAUD
i will post your pictures everywhere if you don't pay.,SEXTORTION_BLACKMAIL
Please understand: Enter your password to prevent closure.,PHISHING_FRAUD
Warning: I know your real-time location. I am serious.,CYBERSTALKING_DOXXING
It didn't blow my mind. It blew my mind and my head. Colin is no Matt Preston. #MKR,SAFE
I have your intimate videos and I will send them to your friends. Do it now.,SEXTORTION_BLACKMAIL
"I'm telling you, I will attack you.",VIOLENT_THREAT
You need to understand. You better do what I say. Don't tell anyone.,COERCION_MANIPULATION
You need to understand. You better do what I say. Don't tell anyone.,COERCION_MANIPULATION
"I'm telling you, Share the OTP to complete the transaction. Think carefully.",PHISHING_FRAUD
"Hey, I am going to find you and beat you. You better comply.",VIOLENT_THREAT
"Right now, I will stab you. Do it now.",VIOLENT_THREAT
Do what I want or else.,COERCION_MANIPULATION
Warning: I will post your pictures everywhere if you don't pay.,SEXTORTION_BLACKMAIL
This is a warning. Click here and enter your banking details. You better comply.,PHISHING_FRAUD
@kburgess33 yeah we must play WHO HAS IT WORSE at all times or we will run out of our precious empathy reserves,SAFE
@brikeilarcnn this really burns you as a feminazi doesn't it?,GENDER_BASED_HARASSMENT
I have your phone number. I am serious.,CYBERSTALKING_DOXXING
Please understand: You have one hour to comply. You better comply.,COERCION_MANIPULATION
Please understand: You are an ugly bitch. This is your final warning.,GENDER_BASED_HARASSMENT
"Hey, I will make you pay with your life. You better comply.",VIOLENT_THREAT
"I'm telling you, Don't tell anyone about this. Act immediately.",COERCION_MANIPULATION
"@TheFanVent Yeah, just like how male doctors never attend births, either!",SAFE
@damemagazine please commission a story on this Dave Chapelle special on @Netflix w/rape and gay jokes.,GENDER_BASED_HARASSMENT
Warning: I know where you study.,CYBERSTALKING_DOXXING
"Hey, I know where you study. Don't ignore me.",CYBERSTALKING_DOXXING
"Hey, I have screenshots of your private photos. I am serious.",SEXTORTION_BLACKMAIL
I am serious. I will hunt you down. Think carefully.,VIOLENT_THREAT
"I'm telling you, I found your address online.",CYBERSTALKING_DOXXING
I will make you pay with your life. I am serious.,VIOLENT_THREAT
i will choke you.,VIOLENT_THREAT
"Heard ppl joke about male rape victims saying ""dude are u serious? A woman *forced* u to have sex?? Are u gay or smthg?"" Disgusting tbh",GENDER_BASED_HARASSMENT
"Right now, Do exactly what I tell you. Act immediately.",COERCION_MANIPULATION
"Sorry to pop up in an old thread, but the recent Dick Coughlan situation reminded me of this video. What do you think of his use of language concerning the other side? The rape jokes, gay slurs, ableism and transphobia. @Ablondpanda has a thread on this.",GENDER_BASED_HARASSMENT
Click here to confirm your identity. Do it now.,PHISHING_FRAUD
"Listen, Share your OTP to unlock your account. Don't ignore me.",PHISHING_FRAUD
Nobody will believe you. You better comply.,COERCION_MANIPULATION
This is a warning. I found your address online. You have no choice.,CYBERSTALKING_DOXXING
This is a warning. I will ruin you by posting your intimate videos. I am serious.,SEXTORTION_BLACKMAIL
Provide your one-time password now.,PHISHING_FRAUD
"Hey, I know where you study. Don't ignore me.",CYBERSTALKING_DOXXING
Provide your security PIN immediately. You better comply.,PHISHING_FRAUD
"Listen, I recorded you through your webcam and I will expose you.",SEXTORTION_BLACKMAIL
Warning: You have until tonight to reply. Act immediately.,COERCION_MANIPULATION
What if she was being a bitch? Why does her being female give her a free pass for any form or scrutiny or verbal lashing? I'd happily call a man or women a bitch/prick if they was acting up.. fuck this world mun people want to be offended for others so much now,GENDER_BASED_HARASSMENT
This is a warning. Your bank account has been suspended. Verify now. Act immediately.,PHISHING_FRAUD
You need to understand. I will hunt you down. You better comply.,VIOLENT_THREAT
This is a warning. I know where you study. Don't ignore me.,CYBERSTALKING_DOXXING
I am serious. I have your private photos and I will expose you. Act immediately.,SEXTORTION_BLACKMAIL
Send me your OTP immediately.,PHISHING_FRAUD
"@Foxfairy And I can't think of any good remakes period, actually.",GENDER_BASED_HARASSMENT
"Listen, You have 24 hours to comply. Don't ignore me.",COERCION_MANIPULATION
"RT @MakeFeministCry: Saying you're going to put me down Old Yeller style is triggering. Old Yeller had feelings, too. #YesAllDogs #feminazi",GENDER_BASED_HARASSMENT
I am serious. I will post your pictures everywhere if you don't pay. I am serious.,SEXTORTION_BLACKMAIL
"Well, he went and made rape jokes in his “surprise” set. He’s a repeat offender.",GENDER_BASED_HARASSMENT
Please understand: Give me your verification code now. Don't tell anyone.,PHISHING_FRAUD
@CaliphateCop @BilalKareem Propaganda &amp; lies.  Daesh attacked unarmed civilians because that is the only kind of fight they can now win.,SAFE
"Listen, If you refuse you will regret it. This is your final warning.",COERCION_MANIPULATION
This is a warning. Send your verification code to unlock your account. Think carefully.,PHISHING_FRAUD
"Listen, Your account has been suspended. Click here to verify now. Think carefully.",PHISHING_FRAUD
oops. Sorry for the belated content warning on that. They posted some gore so their targets wouldn't distribute the URLs. Guess that failed.,SAFE
I am serious. Enter your netbanking password to prevent account closure. Don't ignore me.,PHISHING_FRAUD
I am serious. You have one hour to comply. Think carefully.,COERCION_MANIPULATION
"Hey, You have 24 hours to comply. You better comply.",COERCION_MANIPULATION
I am serious. I am going to murder you. I am serious.,VIOLENT_THREAT
"I'm telling you, I will attack you. Think carefully.",VIOLENT_THREAT
I am serious. I am watching your house. This is your final warning.,CYBERSTALKING_DOXXING
"@dylanw I did that after he dismissed me &amp; my concerns as ""argumentative"". Might wanna check the time stamps.",SAFE
This is a warning. I know where you sleep. Don't ignore me.,CYBERSTALKING_DOXXING
"Right now, Provide your one-time password now. Do it now.",PHISHING_FRAUD
"Hey, You better watch your back because I will hurt you. You have no choice.",VIOLENT_THREAT
.@shelbylynne74 @TigerClaud Ahem... http://t.co/xeNJ5eX1Kh,GENDER_BASED_HARASSMENT
Please understand: If you refuse you will regret it. Don't tell anyone.,COERCION_MANIPULATION
"I can barely tolerate Kat and Andre, Katie and Nikki are annoying but I'd rather see them than Kat and Andre #mkr",SAFE
I will kill you. Think carefully.,VIOLENT_THREAT
This is a warning. You better do what I say. Don't ignore me.,COERCION_MANIPULATION
I am tracking your device. Do it now.,CYBERSTALKING_DOXXING
You need to understand. Do as you are told. This is your final warning.,COERCION_MANIPULATION
Warning: Nobody will believe you. This is your final warning.,COERCION_MANIPULATION
This is a warning. Provide your one-time password now. Don't ignore me.,PHISHING_FRAUD
She is such a bee eye tea see H!!! #mkr #feistyfoodies,SAFE
I am serious. I will make you pay with your life. I am serious.,VIOLENT_THREAT
"I'm telling you, I have your location. I am serious.",CYBERSTALKING_DOXXING
nobody will believe you.,COERCION_MANIPULATION
This is a warning. Your bank account has been suspended. Verify now. Act immediately.,PHISHING_FRAUD
I am serious. Send your 2FA code immediately.,PHISHING_FRAUD
"Right now, Pay me or I will send your videos to your family. Don't tell anyone.",SEXTORTION_BLACKMAIL
I am serious. Don't tell anyone about this. This is your final warning.,COERCION_MANIPULATION
I am serious. I have screenshots of your private photos. Act immediately.,SEXTORTION_BLACKMAIL
This is a warning. I will make you pay with your life. Don't ignore me.,VIOLENT_THREAT
I am watching your house.,CYBERSTALKING_DOXXING
"So a male member of congress calls a female member of congress a ""Fucking bitch"" and he's still a member of Congress? We DEMAND YOOOHOOO Yoho's resignation. He must be immediately discharged from his duties. NO ONE should keep their job after that. #CongressionalAssaultOnWomen",GENDER_BASED_HARASSMENT
The girl who cried because she didn't get her back rubbed lol,SAFE
Your bank account has been suspended. Verify now. You better comply.,PHISHING_FRAUD
Black gay men think jokes about rape are hilarious and that shit is weird. Even a girl's best friend can be a misogynist.,GENDER_BASED_HARASSMENT
This is a warning. You have 24 hours to comply.,COERCION_MANIPULATION
This is a warning. Give me the code you received on your phone. I am serious.,PHISHING_FRAUD
Please understand: Click here and enter your banking details. You better comply.,PHISHING_FRAUD
Ima jus keep dha faith nd pray,SAFE
"Right now, You better watch your back because I will hurt you. Don't tell anyone.",VIOLENT_THREAT
"Hey, I will find you and hurt you. You better comply.",VIOLENT_THREAT
RT @WittySam: Refined &amp; pretty? Looks like something a blind kindergarten student chucked on a plate. #MKR,SAFE
"Hey, If you tell anyone I will expose you.",COERCION_MANIPULATION
"I get the impression considering how he jokes about gay rape and pedophilia and the fact he has a wife and two kids. Speaking of kids, I am now worried about them.",GENDER_BASED_HARASSMENT
"I'm telling you, Do exactly what I tell you. You have no choice.",COERCION_MANIPULATION
"I just want to make friends who don't think rape jokes are funny, believe in gender equality, gay rights, and isn't racist. Is that so much?",GENDER_BASED_HARASSMENT
you have until tonight to reply.,COERCION_MANIPULATION
"Listen, I have your home address.",CYBERSTALKING_DOXXING
"Hey, Give me your verification code now. You have no choice.",PHISHING_FRAUD
I am serious. I am monitoring your phone.,CYBERSTALKING_DOXXING
Keep this secret or else. Do it now.,COERCION_MANIPULATION
"I'm telling you, I will shoot you. Do it now.",VIOLENT_THREAT
don't tell anyone about this.,COERCION_MANIPULATION
You need to understand. You must obey me. I am serious.,COERCION_MANIPULATION
"I'm telling you, I recorded you through your webcam and I will expose you. I am serious.",SEXTORTION_BLACKMAIL
I will post your pictures everywhere if you don't pay.,SEXTORTION_BLACKMAIL
@carriehfletcher HAPPY HAPPY BIRTHDAY CARRIE!! Xx,SAFE
RT @girlziplocked: FYI @wadhwa says @tldr committed libel asking women to talk about their feelings re: @wadhwa. #stopwadhwa2015 http://t…,SAFE
Don't tell anyone about this. Don't ignore me.,COERCION_MANIPULATION
"Hey, I am monitoring your phone. I am serious.",CYBERSTALKING_DOXXING
"rape is kinda gay to joke about, but I can get behind poop jokes.",GENDER_BASED_HARASSMENT
This is a warning. You better do what I say. Don't ignore me.,COERCION_MANIPULATION
You need to understand. I have your private photos and I will expose you. You better comply.,SEXTORTION_BLACKMAIL
This is a warning. I have your phone number. Do it now.,CYBERSTALKING_DOXXING
I am serious. You better watch your back because I will hurt you. Think carefully.,VIOLENT_THREAT
"I'm telling you, Your account is blocked. Click here to unlock it. I am serious.",PHISHING_FRAUD
"Right now, Send me your OTP immediately. Don't ignore me.",PHISHING_FRAUD
Please understand: If you refuse you will regret it. You better comply.,COERCION_MANIPULATION
"I'm telling you, You have 24 hours to comply. Think carefully.",COERCION_MANIPULATION
"I'm telling you, You have until tonight to reply. You have no choice.",COERCION_MANIPULATION
You better watch your back because I will hurt you.,VIOLENT_THREAT
I am serious. I will find you and hurt you. You have no choice.,VIOLENT_THREAT
"Listen, If you tell anyone I will expose you. Don't ignore me.",COERCION_MANIPULATION
"I would recommend it but the sex comedy is too trashy and theres gay panic and rape jokes, I only read it for the how the fights are paneled",GENDER_BASED_HARASSMENT
i will hunt you down and kill you.,VIOLENT_THREAT
"@_DirtyTruths So at the moment, I'm busy trying to track down the sources of your conspiracy theories.",SAFE
"RT @peteBREAUX_: Drasko only likes his mum's hot pot, especially when she's drunk and unconscious #MKR",SAFE
"Hey, Your account will be terminated. Verify your identity. Think carefully.",PHISHING_FRAUD
Die bitch.,VIOLENT_THREAT
Your account is blocked. Click here to unlock it. Don't tell anyone.,PHISHING_FRAUD
"Tipo,agora todo mundo descidiu praticar bullying,todo mundo é grunge,todo mundo é feio e todo mundo é incompreendido.Qué sabe..EU ODEIO ISSO",SAFE
i thought noone was eating the meatballs. who's annie even talking to? her imaginary friend?? #mkr,GENDER_BASED_HARASSMENT
"@AjitPaiFCC after seeing your philosophy on regulation in general, I think it is pretty disappointing that you are a leader at the FCC",SAFE
Glad to hear of new anti-bullying rules in New Jersey schools.  #anti-bullying,SAFE
Pick on someone your own size. @killYRidol @miamoughanni I'm not afraid to hit a woman I'm not sexist x,GENDER_BASED_HARASSMENT
This is a warning. Do exactly what I tell you. I am serious.,COERCION_MANIPULATION
"Listen, Send me your OTP immediately.",PHISHING_FRAUD
"*gag* @kissntheclown11 I love females but I swear everyone someone comes close to hittin my car, I look and it's a female. #NotSexist",GENDER_BASED_HARASSMENT
I know your real identity. Act immediately.,CYBERSTALKING_DOXXING
Warning: Your bank account has been suspended. Verify now. Think carefully.,PHISHING_FRAUD
I will hunt you down and kill you. Do it now.,VIOLENT_THREAT
"Right now, If you tell anyone I will hurt you. You have no choice.",COERCION_MANIPULATION
Being offended by rape jokes without being raped is like being offended by other people saying something's gay without you being gay,GENDER_BASED_HARASSMENT
Thought I saw it ... #ComeBackKitchen !?!? #MKR  #RedemptionRound,SAFE
This is a warning. Pay me or I will publish your private recordings. Act immediately.,SEXTORTION_BLACKMAIL
"@Snipzor Please stop calling it a rape joke. Gay, yes. Rape, no.",GENDER_BASED_HARASSMENT
Just moments until @sidetrackbar  welcomes @RugbyBenCohen as he hosts a live auction to benefit his StandUp anit-bullying foundation. See ya,SAFE
Please understand: Do exactly what I tell you. Act immediately.,COERCION_MANIPULATION
You need to understand. Die bitch. You better comply.,VIOLENT_THREAT
É meu. A vida está passando pra mim. Ontem eu estava sofrendo e praticando bullying na sétima série. Hoje eu to estudando p/ vestibular.,SAFE
Your account will be terminated. Verify your identity.,PHISHING_FRAUD
"Right now, I have your intimate videos and I will send them to your friends.",SEXTORTION_BLACKMAIL
Warning: I have your personal information. You better comply.,CYBERSTALKING_DOXXING
"Listen, I recorded you through your webcam and I will expose you.",SEXTORTION_BLACKMAIL
share your otp to unlock your account.,PHISHING_FRAUD
This is a warning. I recorded you through your webcam and I will expose you. Do it now.,SEXTORTION_BLACKMAIL
I am serious. Enter your password to prevent closure.,PHISHING_FRAUD
"Listen, Pay me in bitcoin or I will publish your private videos. Think carefully.",SEXTORTION_BLACKMAIL
I have your private photos and I will expose you.,SEXTORTION_BLACKMAIL
"Listen, If you speak about this I will ruin you. Don't ignore me.",COERCION_MANIPULATION
"#MileyCyrus Miley Cyrus 'date rape' joke goes too far? Twerker exclaims 'everyone's a little gay,' simulates ora... http://ift.tt/1gepLYX",GENDER_BASED_HARASSMENT
"Hey, Give me money or your private photos go online. Do it now.",SEXTORTION_BLACKMAIL
or do offensive things now because /someone/ will say something. because oh no you can't make rape jokes. oh no you can't make gay jokes. oh no you can't be fucking racist.,GENDER_BASED_HARASSMENT
I am serious. You have until tonight to send it. This is your final warning.,COERCION_MANIPULATION
Please understand: I will seriously harm you. I am serious.,VIOLENT_THREAT
"Humor normalizes extreme situations. If you say that something is off limits like gay jokes and rape jokes, you are de-humanizing the subjects and saying they are too sensitive and weak to take a joke. So you do more harm than good.",GENDER_BASED_HARASSMENT
@mrmanps me and @izzzy_evans were your favs lets face it. you're gonna get bullied in your new school :),SAFE
Warning: You have 24 hours to respond. You better comply.,COERCION_MANIPULATION
I am serious. I will hunt you down. Don't tell anyone.,VIOLENT_THREAT
"Right now, I will hunt you down. Don't ignore me.",VIOLENT_THREAT
"Hey, I recorded you through your webcam and I will expose you. Don't ignore me.",SEXTORTION_BLACKMAIL
"Listen, I will post your pictures everywhere if you don't pay. This is your final warning.",SEXTORTION_BLACKMAIL
"@ChooseFamilia HSUAHUSHAUIHSUAIHSUAHUi tu naõ vale nada Dri kkkk fazem sim, você todas fazem bullying com ele kkk",SAFE
I am serious. I have your private photos and I will expose you. You better comply.,SEXTORTION_BLACKMAIL
You have until tonight to send it. I am serious.,COERCION_MANIPULATION
"Listen, I recorded you through your webcam and I will expose you.",SEXTORTION_BLACKMAIL
I will find you and hurt you. You better comply.,VIOLENT_THREAT
I know where you commute every day. You better comply.,CYBERSTALKING_DOXXING
ouat: this is a family show we can't have gays also ouat: *lets hook make rape jokes &amp; abuse literally every woman on the show*,GENDER_BASED_HARASSMENT
Warning: Send the intimate pictures now or I will post them online. Think carefully.,SEXTORTION_BLACKMAIL
I am serious. Send your password to confirm your identity. You better comply.,PHISHING_FRAUD
I am serious. I will shoot you. Act immediately.,VIOLENT_THREAT
Someone posted this on facebook in response to that woman tweeting at me earlier today. ^.^ http://t.co/bY9wkRELYO,SAFE
God another fucking instant restaurant round #mkr,SAFE
Please understand: I am tracking your device. Don't tell anyone.,CYBERSTALKING_DOXXING
"I'm telling you, Share your OTP to unlock your account. This is your final warning.",PHISHING_FRAUD
"Right now, Do exactly what I tell you. Act immediately.",COERCION_MANIPULATION
Please understand: Send your password to confirm your identity. Don't tell anyone.,PHISHING_FRAUD
RT @gogglepossum: Don't you hate people that put salt on their bag of dicks before even trying them?,GENDER_BASED_HARASSMENT
I am serious. You have until tonight to reply. Do it now.,COERCION_MANIPULATION
"Hey, You better do what I say. Act immediately.",COERCION_MANIPULATION
i am going to find you and beat you.,VIOLENT_THREAT
"I'm telling you, Do what I say or face the consequences. Act immediately.",COERCION_MANIPULATION
"Hey, I will hunt you down. Act immediately.",VIOLENT_THREAT
@CurlsAndSports President-elect of the Philippines jokes about rape and endorsed Senator Manny Pacquiao who compares gays to animals,GENDER_BASED_HARASSMENT
Warning: I will ruin you by posting your intimate videos. You better comply.,SEXTORTION_BLACKMAIL
I am serious. Enter your password to prevent closure.,PHISHING_FRAUD
This is a warning. You have until tonight to reply.,COERCION_MANIPULATION
This is a warning. Do exactly what I tell you. Don't ignore me.,COERCION_MANIPULATION
"did you call me a bitch? well a bitch is a female dog, a dog barks, bark is from trees, trees is a part of nature, and nature is beautiful, so thank you for the compliment!",GENDER_BASED_HARASSMENT
Please understand: If you disobey there will be consequences. Don't tell anyone.,COERCION_MANIPULATION
"I'm telling you, I am coming for you. You better comply.",VIOLENT_THREAT
@aninkyaffair I am jealous.,SAFE
"I'm telling you, You are going to regret this when I find you. Act immediately.",VIOLENT_THREAT
I'm getting too many friend reqs from people I don't know. I'd rather just manage a page and keep all that stuff separate from pics of leo.,SAFE
"Right now, I found your address online. This is your final warning.",CYBERSTALKING_DOXXING
"Did he, a sitting member of Congress, not call a female sitting member of Congress a bitch on the steps of Congress? These people need to be held to a higher standard",GENDER_BASED_HARASSMENT
"I'm telling you, You deserve to die. Do it now.",VIOLENT_THREAT
you better watch your back because i will hurt you.,VIOLENT_THREAT
Please understand: I will find you and hurt you. This is your final warning.,VIOLENT_THREAT
@Lithobolos @PoliticalAnt @ZaibatsuNews I'm against any Jew or Christian that wants to live by Old Testament law as opposed to secular law.,SAFE
i am stalking you.,CYBERSTALKING_DOXXING
"Maybe just maybe we should start from fetishization of gay men, romanticizing rape culture, downgrading femininity, supporting openly homophobic and sexist industry. Toxic masculinity is kinda high level for people who haven't reached the level of 1st wave feminists yet",GENDER_BASED_HARASSMENT
Yay Nina is coming to Bonanza next week ~,SAFE
"Listen, I will post your pictures everywhere if you don't pay. This is your final warning.",SEXTORTION_BLACKMAIL
"Right now, You deserve to die. Act immediately.",VIOLENT_THREAT
Warning: I have screenshots of your private photos. Don't ignore me.,SEXTORTION_BLACKMAIL
"@DeShilianGuey lo digo por muchas cosas que leo, es una pena en verdad. Nuestros hijos crecerán rodeados de bullying por pensar diferente",SAFE
"I'm telling you, You have until tonight to reply. You have no choice.",COERCION_MANIPULATION
@karengeier Go on...,GENDER_BASED_HARASSMENT
You need to understand. I have your home address. Think carefully.,CYBERSTALKING_DOXXING
@GaminGlennSeto I don't use addons anymore. :),SAFE
"Yahoo has a great story about bullying. Okay, that sounds weird. they have a great story about standing up to a bully. http://t.co/jkY9wCs",SAFE
I am serious. I have your private photos and I will expose you. You better comply.,SEXTORTION_BLACKMAIL
Please understand: I will kill you. This is your final warning.,VIOLENT_THREAT
"Hey, I recorded you through your webcam and I will expose you. You have no choice.",SEXTORTION_BLACKMAIL
"Hey, If you speak about this I will ruin you. Don't tell anyone.",COERCION_MANIPULATION
"Listen, You are going to regret this when I find you. Do it now.",VIOLENT_THREAT
I know where you live.,CYBERSTALKING_DOXXING
"I'm telling you, I have your location.",CYBERSTALKING_DOXXING
No offense. @NigelBigMeech I'm not sexist but women are really stupid no offense,GENDER_BASED_HARASSMENT
This is a warning. I am coming for you. Don't tell anyone.,VIOLENT_THREAT
"Right now, Your account is blocked. Click here to unlock it. Don't tell anyone.",PHISHING_FRAUD
I have your intimate videos and I will send them to your friends. You better comply.,SEXTORTION_BLACKMAIL
Click here to confirm your identity. Do it now.,PHISHING_FRAUD
You need to understand. You have until tonight to reply.,COERCION_MANIPULATION
"Listen, Pay me or I will send your videos to your family. Don't tell anyone.",SEXTORTION_BLACKMAIL
"@jimboslice_13 Rape culture is not about ""sense of humor."" It is about silencing, shaming, and terrifying women.",GENDER_BASED_HARASSMENT
Warning: Pay me or I will send your videos to your family. You better comply.,SEXTORTION_BLACKMAIL
"Right now, No one will believe you if you tell anyone. I am serious.",COERCION_MANIPULATION
@anjemchoudary This hypocritical coward will not put his action behind his words by joining ISIS.,SAFE
send your verification code to unlock your account.,PHISHING_FRAUD
Provide your security PIN immediately. Don't ignore me.,PHISHING_FRAUD
Warning: Provide your one-time password now. Think carefully.,PHISHING_FRAUD
"Hey, You must obey me. Act immediately.",COERCION_MANIPULATION
"I'm telling you, I am going to murder you. Don't tell anyone.",VIOLENT_THREAT
You need to understand. Don't tell anyone about this. This is your final warning.,COERCION_MANIPULATION
I am serious. Pay me money or I will leak your pictures. Act immediately.,SEXTORTION_BLACKMAIL
Your account is blocked. Click here to unlock it. Don't tell anyone.,PHISHING_FRAUD
This is a warning. Don't tell anyone about this.,COERCION_MANIPULATION
I will expose your private content to everyone.,SEXTORTION_BLACKMAIL
News: 2011 Hibiscus Festival to highlight bullying: Physical and sexual abuse along with bullying in s... http://t.co/mTUkpkT #vodafone,SAFE
@WackoMedia http://t.co/2AXPNlSIkg,SAFE
"Hey, Pay me or I will send your videos to your family.",SEXTORTION_BLACKMAIL
You need to understand. Send your verification code to unlock your account. I am serious.,PHISHING_FRAUD
Runway lessons #MKR,SAFE
"Bullying linked to decreases in GPA, longer lasting negative psychological effects, and obesity. More evidence... http://t.co/UCdxYcj",SAFE
RT @Blackamazon: I'm tired of folks pretending they act right when WOC are in danger,SAFE
@quinhodelarosa Amor eu to sofrendo bulling na escola sabia ?,SAFE
Send me naked pictures or I will share everything.,SEXTORTION_BLACKMAIL
Please understand: I have your intimate videos and I will send them to your friends. Do it now.,SEXTORTION_BLACKMAIL
Please understand: You better do what I say. Don't tell anyone.,COERCION_MANIPULATION
You have 24 hours to respond. This is your final warning.,COERCION_MANIPULATION
i will choke you.,VIOLENT_THREAT
"Micro-herbs. It definitely is deconstructed. Not a fan of lemon desserts, they're always the last flavour of lolly I have left. #mkr",SAFE
"Right now, Your account will be terminated. Verify your identity. Act immediately.",PHISHING_FRAUD
RT @Lizzethismetal: Probably gonna piss off some #feminists #yesallmen @MT8_9 http://t.co/QHo6dhumjc,GENDER_BASED_HARASSMENT
"RT @CorinnaSladey: Well done Ash &amp; Camilla, now try some humility instead of being front bums #mkr",GENDER_BASED_HARASSMENT
"Like that’s the part that confuses me. In what world is that ok at work?!? Athough, a female coworker did call me a bitch in an email and we had it out in the office once.",GENDER_BASED_HARASSMENT
"Right now, Provide your security PIN immediately.",PHISHING_FRAUD
"i'm glad that we're adding casual rape jokes to the calling things ""gay"" as an insult, truly incredible!! you are clearly the one in the wrong for banning these people!! (srs- thanks for being a good mod, i definitely couldn't handle this shit)",GENDER_BASED_HARASSMENT
Do what I say or face the consequences. You have no choice.,COERCION_MANIPULATION
This is a warning. I have your location. You have no choice.,CYBERSTALKING_DOXXING
I have screenshots of your private photos.,SEXTORTION_BLACKMAIL
"I'm telling you, I will seriously harm you. This is your final warning.",VIOLENT_THREAT
"We seek to help clarify those policies and gain better enforcement, as well as provide users with the power to filter what they experience.",SAFE
You need to understand. I will expose your private content to everyone. You have no choice.,SEXTORTION_BLACKMAIL
"Listen, I am stalking you. You better comply.",CYBERSTALKING_DOXXING
"Right now, I will choke you. Don't ignore me.",VIOLENT_THREAT
You need to understand. Your private video will be uploaded if you refuse. I am serious.,SEXTORTION_BLACKMAIL
RT @FakeToniaTodman: Drasko takes a peek out of the closet then Bianca pushes him back in. #MKR,GENDER_BASED_HARASSMENT
"Listen, Do what I want or else.",COERCION_MANIPULATION
"I'm telling you, Do what I say or face the consequences. Act immediately.",COERCION_MANIPULATION
This is a warning. Give me your nudes right now. You have no choice.,SEXTORTION_BLACKMAIL
Please understand: I am outside your house watching you. I am serious.,CYBERSTALKING_DOXXING
Also gay jokes and anal-rape,GENDER_BASED_HARASSMENT
"Right now, I have your private photos and I will expose you. You better comply.",SEXTORTION_BLACKMAIL
@LB_Joakim @KingMark111 @Sttephy @CenturionFenty @Rihannaforlife Lmao.....can u fucking imagine. Yikes!!!!,SAFE
Warning: Verify your account now or it will be closed. This is your final warning.,PHISHING_FRAUD
@halalcunty @biebervalue @liamxkiwi @greenlinerzjm @halalflaws I know Saudis chased girls into a burning building. http://t.co/8b1AclczN9,SAFE
"Okay so, perhaps having an entire scene dedicated to a gay rape joke was going a bit too far. There's dark humour and then there's LOOK HOW EDGY I AM WITH MY HOMOPHOBIC STEREOTYPES!!! #Happy",GENDER_BASED_HARASSMENT
The most #offensive thing one can do is be a #rich #white meat eating #priest smoking with a naked little #boy sitting on his lap forcing a #transgender doctor to #abort the #gay retarded #black child of a #Mexican #feminist at #gunpoint while telling a #rape joke in #Arabic,GENDER_BASED_HARASSMENT
You need to understand. Do what I want or else. You better comply.,COERCION_MANIPULATION
Please understand: Send your password to confirm your identity. Don't tell anyone.,PHISHING_FRAUD
"Listen, Pay me or I will send your videos to your family. Act immediately.",SEXTORTION_BLACKMAIL
Please understand: I will choke you. Do it now.,VIOLENT_THREAT
"Listen, Share your OTP to unlock your account. I am serious.",PHISHING_FRAUD
"Hey, I will seriously harm you. Think carefully.",VIOLENT_THREAT
RT @JaydenKramer: I would rather have a blind dog as a ref than freakin Liz. I am sorry I am not sexist but that is why girls should not re…,GENDER_BASED_HARASSMENT
"I need to post this again, because I keep re-reading this article and going SQUEEEEEE http://t.co/UmdK2gubtg",SAFE
"Hey, I know where you live. Don't ignore me.",CYBERSTALKING_DOXXING
"I'm telling you, I am going to find you and beat you. Don't ignore me.",VIOLENT_THREAT
Warning: Pay me or I will send your videos to your family. You better comply.,SEXTORTION_BLACKMAIL
I hope this instant restaurant round is a good one. Getting a bit over them... #MKR #MKR2015,SAFE
"I'm tired of all the blase fat jokes, rape jokes, gay jokes, etc. NOT FUNNY. #mylife",GENDER_BASED_HARASSMENT
"Right now, Send me your nudes or I will leak them. Act immediately.",SEXTORTION_BLACKMAIL
"I'm telling you, I am tracking your GPS. You have no choice.",CYBERSTALKING_DOXXING
verified accounts have features that other accounts do not. not sure what kind of overhead increasing that # would have.,SAFE
"Listen, I know where you sleep. Do it now.",CYBERSTALKING_DOXXING
Your private video will be uploaded if you refuse.,SEXTORTION_BLACKMAIL
"Right now, Give me the code you received on your phone. This is your final warning.",PHISHING_FRAUD
Please understand: I know where you study. You have no choice.,CYBERSTALKING_DOXXING
"Hey, Pay me or I will send your videos to your family. Don't ignore me.",SEXTORTION_BLACKMAIL
"Right now, Do what I want or else. You have no choice.",COERCION_MANIPULATION
@Allison_312 @okieatheist @furiechicago @steeevi My guess is that you have never read the Quran or Hadith and are just spouting the LW line.,SAFE
"Right now, Your account is blocked. Click here to unlock it. Don't tell anyone.",PHISHING_FRAUD
"I'm telling you, Do what I want or else. You better comply.",COERCION_MANIPULATION
You need to understand. I hacked your camera and recorded you. You have no choice.,SEXTORTION_BLACKMAIL
i am tracking your device.,CYBERSTALKING_DOXXING
RT @iknowaboutstuff: Update: ripped this passive aggressive bullshit the fuck down. @YesYoureSexist @iHollaback @hollabackvan http://t.co/f…,SAFE
"Hey Kat, ""gloat"" is not a pretty colour to wear, love. Makes you look bitchy. Oh that's your normal face? My mistake. #mkr",GENDER_BASED_HARASSMENT
I am serious. I will find you and hurt you. You have no choice.,VIOLENT_THREAT
If you tell anyone I will hurt you.,COERCION_MANIPULATION
You need to understand. Pay me money or I will leak your pictures. Don't tell anyone.,SEXTORTION_BLACKMAIL
do what i want or else.,COERCION_MANIPULATION
I am stalking you.,CYBERSTALKING_DOXXING
The only good part about school is when we changing periods.,SAFE
send me your otp immediately.,PHISHING_FRAUD
You need to understand. Give me the code you received on your phone. Act immediately.,PHISHING_FRAUD
"Listen, I am tracking your GPS. I am serious.",CYBERSTALKING_DOXXING
Warning: Give me money or your private photos go online. Don't ignore me.,SEXTORTION_BLACKMAIL
We have sass! Oh well a cooking competition is just the ticket. #MKR,SAFE
Warning: I have your phone number. Don't tell anyone.,CYBERSTALKING_DOXXING
"I'm telling you, Give me the code you received on your phone. Do it now.",PHISHING_FRAUD
i will seriously harm you.,VIOLENT_THREAT
Please understand: I will make you pay with your life. Act immediately.,VIOLENT_THREAT
I am serious. I will shoot you. Don't ignore me.,VIOLENT_THREAT
"@SlaunchaMan interesting, tho, that it still found most of them.",SAFE
You need to understand. I will stab you.,VIOLENT_THREAT
"@AlshehmaniA @seeby123 @falasteeniyeh I think the word you are looking for is ""ethnically"" cleansed, Ahmed.",SAFE
"RT @facerealitynow: @thisonesakillaa I actually got an answer from a feminist today, a remarkably stupid one but an answer nonetheless http…",GENDER_BASED_HARASSMENT
"I'm telling you, Give me your nudes right now. Don't ignore me.",SEXTORTION_BLACKMAIL
keep this secret or else.,COERCION_MANIPULATION
I know where you commute every day. You better comply.,CYBERSTALKING_DOXXING
"RT @EmilyyLam: With 14 teams on our screen, it means ONE GOOD THING. LESS KAT!!! And more people I like. #MKR #MKR2015",SAFE
@vicjusticerules Lol it's fine. I wasn't expecting you to jump all over a vid where an obnoxious gay man makes rape jokes,GENDER_BASED_HARASSMENT
I am serious. I will hunt you down and kill you. Don't ignore me.,VIOLENT_THREAT
"@TheBeerNerd every time he opens his mouth all i hear is ""i like starwars and rape jokes, buy ratatouille on bluray, or dvd if your gay""",GENDER_BASED_HARASSMENT
"RT @PeteHattam: According to Holly from Geordie Shore, ""Sassy - halfway between slut and classy"" #MKR #MKR2015",GENDER_BASED_HARASSMENT
"Hey, If you refuse you will regret it. Act immediately.",COERCION_MANIPULATION
"Hey, I will attack you. I am serious.",VIOLENT_THREAT
I will kill you. This is your final warning.,VIOLENT_THREAT
@MisGrace @GBabeuf @RJennromao @DavidJo52951945 @Novorossiyan @gbazov @NewsCoverUp @rougek68 Says the Putin owned troll.,SAFE
You need to understand. Provide your security PIN immediately. Act immediately.,PHISHING_FRAUD
@JohnCena Don't be a Brahma Bully?,SAFE
I am serious. Share your OTP to unlock your account. I am serious.,PHISHING_FRAUD
"@LifeInKhilafah They need to try to reconnect Raqqa, Sinjar, Tal Afar and Mosul.  But they will fail because of not enough men.",SAFE
“@guardian: Miley Cyrus makes date rape joke onstage at GAY http://gu.com/p/3p62t/tw”,GENDER_BASED_HARASSMENT
You need to understand. I know where you work. This is your final warning.,CYBERSTALKING_DOXXING
Warning: You have until tonight to reply. Don't tell anyone.,COERCION_MANIPULATION
Please understand: I know where you study. You have no choice.,CYBERSTALKING_DOXXING
"Hey, You have 24 hours to comply. You better comply.",COERCION_MANIPULATION
"Hey, Send me your nudes or I will leak them. Don't tell anyone.",SEXTORTION_BLACKMAIL
This is a warning. I will ruin you by posting your intimate videos.,SEXTORTION_BLACKMAIL
My dog is gay... He's no joke trying to rape my friends dog,GENDER_BASED_HARASSMENT
@DanieelaDY akjskjaks demasiado bullying sakjkashasjkhsajka v.v,SAFE
"Listen, I know your real identity. This is your final warning.",CYBERSTALKING_DOXXING
"Code for gay=pedophile. More like priest=pedophile. Here's a joke for u: ""what the collective noun for a group of priests?...pedophiles!"" Bum (sick) tush (sic). @Pontifex #auspol #Priest #rape",GENDER_BASED_HARASSMENT
"I'm telling you, I am going to find you and beat you.",VIOLENT_THREAT
Bitches will call you friendly for talking to a female/ nigga u been knew like huh?,GENDER_BASED_HARASSMENT
I am serious. I will choke you. I am serious.,VIOLENT_THREAT
This is a warning. Provide your one-time password now. This is your final warning.,PHISHING_FRAUD
"I'm telling you, Enter your netbanking password to prevent account closure. Don't ignore me.",PHISHING_FRAUD
I am serious. You better watch your back because I will hurt you. You have no choice.,VIOLENT_THREAT
"Right now, You deserve to die.",VIOLENT_THREAT
I am serious. Send your password to confirm your identity. Do it now.,PHISHING_FRAUD
"With Kats attitude, I think it's time to keep scores quiet until final round  #MKR",GENDER_BASED_HARASSMENT
@kylieminogue @muse,SAFE
you have 24 hours to comply.,COERCION_MANIPULATION
I am serious. I hacked your camera and recorded you. This is your final warning.,SEXTORTION_BLACKMAIL
You need to understand. Click here and enter your banking details. Do it now.,PHISHING_FRAUD
Please understand: I will hunt you down and kill you. I am serious.,VIOLENT_THREAT
Please understand: I will seriously harm you. You have no choice.,VIOLENT_THREAT
Warning: Pay me or I will publish your private recordings. This is your final warning.,SEXTORTION_BLACKMAIL
"lol, that chick from last night is still raging about me blocking her, i guess.",SAFE
This is a warning. You have 24 hours to respond. Think carefully.,COERCION_MANIPULATION
I know your real identity.,CYBERSTALKING_DOXXING
"I mean rape jokes...ok fair.. homophobic jokes, depends on the person, I have one gay friend who makes them himself and about himself. Sexist jokes lmao actually stop being sensitive, I make them with my girlfriend all the time and she makes them too.",GENDER_BASED_HARASSMENT
I am serious. I will hurt you badly. Don't ignore me.,VIOLENT_THREAT
I am stalking you.,CYBERSTALKING_DOXXING
I am tracking your device. You have no choice.,CYBERSTALKING_DOXXING
"Isn't this a trope in, like, every teen movie, ever? Self-centred minor male character with inflated ego doesn't get the reaction he wants from strong female one, so he calls her a bitch as he walks away?",GENDER_BASED_HARASSMENT
I am serious. Send me naked pictures or I will share everything. I am serious.,SEXTORTION_BLACKMAIL
ahh sofro bulling da camera fotografica.,SAFE
I am serious. Send the intimate pictures now or I will post them online.,SEXTORTION_BLACKMAIL
"I'm telling you, Pay me in bitcoin or I will publish your private videos. Don't tell anyone.",SEXTORTION_BLACKMAIL
This is a warning. Your bank account has been suspended. Verify now. You better comply.,PHISHING_FRAUD
"Hey, Pay me or I will publish your private recordings.",SEXTORTION_BLACKMAIL
I am serious. I know where you study. You have no choice.,CYBERSTALKING_DOXXING
"Right now, I hacked your camera and recorded you. Don't ignore me.",SEXTORTION_BLACKMAIL
Keep this secret or else. You have no choice.,COERCION_MANIPULATION
I will expose your private content to everyone. Do it now.,SEXTORTION_BLACKMAIL
"#YesAllWomen Because the time I shouted at a strange drunk man on the bus to leave me alone, everyone stared instead of speaking up.",SAFE
I am serious. I have screenshots of your private photos. Act immediately.,SEXTORTION_BLACKMAIL
I am serious. I will expose your private content to everyone. Do it now.,SEXTORTION_BLACKMAIL
"Hey, Your bank account has been suspended. Verify now. I am serious.",PHISHING_FRAUD
If you tell anyone I will expose you.,COERCION_MANIPULATION
"I'm not sure who randomactor is, but I've been sent screenshots of their comments, and I like them. Keep rocking it, dude.",SAFE
"Self described ""radical feminist"" makes death threats against #GamerGate WOC for not doing/thinking as she was told. http://t.co/sVXfPPIhef",GENDER_BASED_HARASSMENT
This is a warning. Send me your OTP immediately. You better comply.,PHISHING_FRAUD
"RT @clifty04 Now I'm not sexist, but it's evident a woman can't do a mans job when it comes to tennis coaching #MauresmoOut",GENDER_BASED_HARASSMENT
"Listen, I am stalking you. Think carefully.",CYBERSTALKING_DOXXING
I am going to find you and beat you. Don't tell anyone.,VIOLENT_THREAT
@AH_bigmak93 @ogdave_o I like to give non-apologies after the rape stuff and just do gay jokes instead. Haha gays. They're gay.,GENDER_BASED_HARASSMENT
I am serious. I know where you commute every day. This is your final warning.,CYBERSTALKING_DOXXING
@westernreviews @hanna_bard I have seen that one.  I'm not sure what it implies.  I couldn't find any context in verses around it.,SAFE
"It was funny, but then I was like the gay and rape jokes... yikes https://twitter.com/crazyclarine/status/844414619443773442",GENDER_BASED_HARASSMENT
"@erinmcunningham It probably is silly, but I doubt that the WHO has the resources in Mosul to know.",SAFE
"Hey, You have one hour to comply. Don't ignore me.",COERCION_MANIPULATION
"Sometimes life just seems like chapters of goodbyes. Some good, some bad, but all come together to create the story of our lives.",SAFE
"Hey, Send me naked pictures or I will share everything.",SEXTORTION_BLACKMAIL
Please understand: Send me naked pictures or I will share everything. Think carefully.,SEXTORTION_BLACKMAIL
Your account will be terminated. Verify your identity.,PHISHING_FRAUD
You need to understand. I know where you sleep.,CYBERSTALKING_DOXXING
Especially if the certain group is still being continuously oppressed. Using gay as an insult. F*ggot. R*tarded. N*gga. Rape jokes and more,GENDER_BASED_HARASSMENT
"Listen, Your account has been suspended. Click here to verify now. Think carefully.",PHISHING_FRAUD
Someone takes herself too seriously #mkr,SAFE
And here we are getting the raw end of the whole “gay men are predatory and turn straight men” stereotype all three of them threw out. Now straight guys think they have a free pass to make “James Charles tried to rape me” jokes. If it’s a stunt all are cancelled for real,GENDER_BASED_HARASSMENT
Can't wait to finish class a d enjoy the #storm,SAFE
"Listen, I will ruin you by posting your intimate videos. This is your final warning.",SEXTORTION_BLACKMAIL
"I'm telling you, I am watching your every move. I am serious.",CYBERSTALKING_DOXXING
I am monitoring your phone. Do it now.,CYBERSTALKING_DOXXING
"I'm telling you, If you disobey there will be consequences.",COERCION_MANIPULATION
"@botticellicream: I'm curvy. The kind men fap over, not the type of curvy feminists want you to think men fap over http://t.co/LrGri79gqo",GENDER_BASED_HARASSMENT
"RT @sara771987: @adriennecgomez @MT8_9 there's too many people with common sense, sorry. We don't need to rely on feminism to bring about e…",GENDER_BASED_HARASSMENT
This is a warning. I will kill you.,VIOLENT_THREAT
Warning: I have your home address. You have no choice.,CYBERSTALKING_DOXXING
I am serious. Keep this secret or else. This is your final warning.,COERCION_MANIPULATION
I am serious. I have your intimate videos and I will send them to your friends. You better comply.,SEXTORTION_BLACKMAIL
"Listen, Pay me or I will send your videos to your family. Don't tell anyone.",SEXTORTION_BLACKMAIL
If you tell anyone I will hurt you. You have no choice.,COERCION_MANIPULATION
Please understand: Pay me or I will publish your private recordings.,SEXTORTION_BLACKMAIL
You need to understand. I will hunt you down. Do it now.,VIOLENT_THREAT
send your verification code to unlock your account.,PHISHING_FRAUD
This is a warning. I am watching your house. This is your final warning.,CYBERSTALKING_DOXXING
Warning: I will find you and hurt you. Don't tell anyone.,VIOLENT_THREAT
I will make you pay with your life. This is your final warning.,VIOLENT_THREAT
RT @Jason_Gio: @mcfartle @freebsdgirl lol even their promoted tweet has a slur in it. Oh gamergate...,SAFE
I am serious. Do what I want or else. Think carefully.,COERCION_MANIPULATION
"I still have Jack, Amsterdam, Ciroc, Crown, Bud Light, Lime-a-rita, and CRU in my love handles. I feel the jiggle when I walk...",SAFE
your account will be terminated. verify your identity.,PHISHING_FRAUD
How to be completely useless and be a butthead all in one tweet. https://t.co/l8zNNd9UXM,SAFE
"Hey, I have your phone number.",CYBERSTALKING_DOXXING
Warning: Provide your one-time password now. Do it now.,PHISHING_FRAUD
"I'm telling you, I am watching your house. I am serious.",CYBERSTALKING_DOXXING
SHE SAID THE n WORD MADE JOKES ABOUT RAPE AND CALLED WYATT A GAY RETARD AND WHEN HER FRIENDS SAID THE N WORD SHE DIDNT TELL THEM IT WAS -,GENDER_BASED_HARASSMENT
RT @sales88194029: Colin says the meat in the thigh was moist &amp; tender ??? Are you talking about the main dish or Nicki's thighs ? #MKR,GENDER_BASED_HARASSMENT
"Right now, I have screenshots of your private photos. I am serious.",SEXTORTION_BLACKMAIL
"Hey, I am outside your house watching you. You better comply.",CYBERSTALKING_DOXXING
@karengeier Go on...,SAFE
Please understand: Give me your nudes right now. Think carefully.,SEXTORTION_BLACKMAIL
@kevjach It's either I do that or might just off myself in the office #Miserable,SAFE
Please understand: Keep this secret or else. Do it now.,COERCION_MANIPULATION
I am serious. Give me your nudes right now. Do it now.,SEXTORTION_BLACKMAIL
This is a warning. I am coming for you. Don't tell anyone.,VIOLENT_THREAT
Please understand: I have your home address. Don't ignore me.,CYBERSTALKING_DOXXING
@hoes_luvdreads2 ok u ready now ?,SAFE
@lukemoon1 Leading it 35 miles from the action.,SAFE
"Drasko only likes his mum's hot pot, especially when she's drunk and unconscious #MKR",GENDER_BASED_HARASSMENT
"I'm telling you, Give me money or your private photos go online. Do it now.",SEXTORTION_BLACKMAIL
This is a warning. I will kill you. Don't tell anyone.,VIOLENT_THREAT
You need to understand. Send the intimate pictures now or I will post them online. Don't tell anyone.,SEXTORTION_BLACKMAIL
"Listen, I will ruin you by posting your intimate videos. Don't tell anyone.",SEXTORTION_BLACKMAIL
I am serious. I know where you commute every day. This is your final warning.,CYBERSTALKING_DOXXING
Please understand: I will hunt you down and kill you. I am serious.,VIOLENT_THREAT
Please understand: I know where you study. You have no choice.,CYBERSTALKING_DOXXING
"I'm telling you, I know where you study. Don't ignore me.",CYBERSTALKING_DOXXING
Please understand: Send me naked pictures or I will share everything. Don't ignore me.,SEXTORTION_BLACKMAIL
"RT @CranBoonitz: @salarta @freebsdgirl They have quite the symbiotic relationship. GG points out targets, /baph/ doxxes and terrorises, GG …",SAFE
"I'm telling you, Give me money or your private photos go online. You have no choice.",SEXTORTION_BLACKMAIL
"Hey, I have your personal information. Don't tell anyone.",CYBERSTALKING_DOXXING
I will find you and hurt you.,VIOLENT_THREAT
"Hey, I am tracking your GPS. You have no choice.",CYBERSTALKING_DOXXING
#no #more #feminAZI #doctors #oppressing #our #RIGHT #2to #ILLNESS #I'm #a #fucking #wank,GENDER_BASED_HARASSMENT
send the pictures immediately or i will leak them.,SEXTORTION_BLACKMAIL
Please understand: Pay me or I will publish your private recordings.,SEXTORTION_BLACKMAIL
I know exactly where you are. Don't tell anyone.,CYBERSTALKING_DOXXING
"Hey, If you tell anyone I will expose you. This is your final warning.",COERCION_MANIPULATION
"Hey, I am coming for you. Don't ignore me.",VIOLENT_THREAT
I don't miss high school!!,SAFE
"Right now, Die bitch. Think carefully.",VIOLENT_THREAT
I am serious. I will find you and hurt you. Think carefully.,VIOLENT_THREAT
Warning: I will attack you. Don't ignore me.,VIOLENT_THREAT
"Listen, I am monitoring your phone. This is your final warning.",CYBERSTALKING_DOXXING
"I'm telling you, Your bank account has been suspended. Verify now. You have no choice.",PHISHING_FRAUD
click here and enter your banking details.,PHISHING_FRAUD
I am going to find you and beat you. Don't tell anyone.,VIOLENT_THREAT
RT @ParaKeta: Peshmerga &amp; YPG took the schools of al-Rifi and Basil as well as industrial and art centres in #Kobane; 19 IS killed http://t…,SAFE
"@GentlerMouse if i look too fancy, it'll be out of place. plus i've got facial piercings and bright hair, so, y'know. personal style.",SAFE
You need to understand. You have 24 hours to comply. Do it now.,COERCION_MANIPULATION
I am serious. You have 24 hours to respond. You have no choice.,COERCION_MANIPULATION
I am serious. Give me your nudes right now. Do it now.,SEXTORTION_BLACKMAIL
"RT @allankmelb: #MKR What's with all the ""It's not what we were expecting."" Judge what's put in front of you, not what you think should hav…",SAFE
Warning: I am going to murder you. Don't ignore me.,VIOLENT_THREAT
This is a warning. Click here and enter your banking details. Act immediately.,PHISHING_FRAUD
I am serious. You must obey me. Act immediately.,COERCION_MANIPULATION
"Listen, I know where you commute every day. I am serious.",CYBERSTALKING_DOXXING
"@annnnie93 haha yes he was! That's Sean for tho. Funny, chill, a nice guy lol",SAFE
"Hey, Send me your nudes or I will leak them.",SEXTORTION_BLACKMAIL
Warning: I will attack you.,VIOLENT_THREAT
Warning: I am watching your every move. I am serious.,CYBERSTALKING_DOXXING
Do what I say or face the consequences. You have no choice.,COERCION_MANIPULATION
This is a warning. Send the pictures immediately or I will leak them. This is your final warning.,SEXTORTION_BLACKMAIL
I am serious. You must obey me. Act immediately.,COERCION_MANIPULATION
"@EarlofFujoshi @weeaboo which is funny because everyone hates him for creating her/ ""SHOVING THIS FEMINAZI BOOK DOWN OUR THRIATS Y'ALL""",GENDER_BASED_HARASSMENT
This is a warning. I recorded you through your webcam and I will expose you. Do it now.,SEXTORTION_BLACKMAIL
@J_alabdullah @MaryRo_Gar @RahafAdil compared to chemical engineering it's heaven!!,SAFE
I will choke you.,VIOLENT_THREAT
@benoithamelin thank you. ^.^,SAFE
"I'm telling you, No one will believe you if you tell anyone. Don't tell anyone.",COERCION_MANIPULATION
@TheNativeBoy @HistoryTabloid http://t.co/DrBtSNZ3fr,SAFE
"Hey, Share the OTP to complete the transaction. Do it now.",PHISHING_FRAUD
You need to understand. I am tracking your GPS. Don't tell anyone.,CYBERSTALKING_DOXXING
Please understand: Enter your credit card PIN to claim your reward. Don't tell anyone.,PHISHING_FRAUD
Annie &amp; Lloyd are serving leftover dinner for breakfast. Why? #mkr,SAFE
enter your password to prevent closure.,PHISHING_FRAUD
RT @SevenPerth: It's TIME... Kitchen HQ starts NOW WA! !#HungryCampers #MKR http://t.co/sWQ44IsGMS,SAFE
You need to understand. Send the intimate pictures now or I will post them online. Do it now.,SEXTORTION_BLACKMAIL
i will hunt you down and kill you.,VIOLENT_THREAT
I am serious. I will seriously harm you. Think carefully.,VIOLENT_THREAT
"Hey, I will seriously harm you. Don't ignore me.",VIOLENT_THREAT
"in short, there needs to be a verified that isn't Verified. requiring govt ids will cause probs. unique phone less problematic, not perfect.",SAFE
"Right now, I have your location. Act immediately.",CYBERSTALKING_DOXXING
"I hope in my next life I am a gay, abortion-surviving, rape-baby. I could make ANY joke and get away with it! #IExpectToLoseFollowers",GENDER_BASED_HARASSMENT
@edgeofthesandbx @batchelorshow @FearDept I think Gessen lives in NY now. And she is Jewish.  Go talk to here at least.,SAFE
med./psyc.majors; Q: is hatred (et al) substitute for orgasm / cruelty-bullying substitute for foreplay?? Any goodBooks onThis? Thx.,SAFE
You need to understand. I will kill you. Do it now.,VIOLENT_THREAT
This is a warning. I know where you sleep. Don't ignore me.,CYBERSTALKING_DOXXING
"Hey, I will choke you. I am serious.",VIOLENT_THREAT
RT @anne_theriault: And there goes any respect I had for Emma Stone RT @direhellswan: what in the fuck is this http://t.co/EFZEUTXGT6,SAFE
"Hey, I will destroy you physically. You have no choice.",VIOLENT_THREAT
Please understand: I know where you study. You have no choice.,CYBERSTALKING_DOXXING
"I'm telling you, I have your location. I am serious.",CYBERSTALKING_DOXXING
@MichaelCole what's the point of being a heel announcer bullying JR when that storyline been done How can u promote BAstar n be the opposite,SAFE
"Hey, You have 24 hours to respond.",COERCION_MANIPULATION
"On the other hand, I think it had value. Maybe. I can only hope that law enforcement watches that show. *sigh*",SAFE
You need to understand. Pay me or I will publish your private recordings.,SEXTORTION_BLACKMAIL
You need to understand. I will kill you. Do it now.,VIOLENT_THREAT
"WATCH: Audience Revolts After Margaret Cho Jokes About Rape, Whites, Gay People",GENDER_BASED_HARASSMENT
I am serious. I will destroy you physically. You better comply.,VIOLENT_THREAT
"I'm telling you, Enter your credit card PIN to claim your reward. Do it now.",PHISHING_FRAUD
"@YesYoureSexist +with the knowledge that your followers are reading and their hearts ring out in concert and support, even if quietly.",SAFE
@SquirtGG lmbo true patience is not in bully vocab,SAFE
I am serious. Send the intimate pictures now or I will post them online. Don't tell anyone.,SEXTORTION_BLACKMAIL
"Hmm silenced because they can't pass off homophobic slurs off as comedy?? If you have to resort to making fun of gay people to make a joke, then perhaps you shouldn't be a comedian. Would it be OK if I said your face is a ""fraternity's billboard for date rape""? Find that funny??",GENDER_BASED_HARASSMENT
Warning: I will post your pictures everywhere if you don't pay.,SEXTORTION_BLACKMAIL
Please understand: Send your password to confirm your identity.,PHISHING_FRAUD
Your account will be terminated. Verify your identity.,PHISHING_FRAUD
This is a warning. Do exactly what I tell you. Don't ignore me.,COERCION_MANIPULATION
You better do what I say. Don't ignore me.,COERCION_MANIPULATION
"Listen, Send me your nudes or I will leak them. I am serious.",SEXTORTION_BLACKMAIL
"@RepTedYoho Yeah, God told you to call a female a fucking bitch. Go fuck yourself. I hope you AND your family get a chance to MEET God soon. You fucking reprobate.",GENDER_BASED_HARASSMENT
Its not even that cold -.-,SAFE
Warning: I will hunt you down. You have no choice.,VIOLENT_THREAT
your account will be terminated. verify your identity.,PHISHING_FRAUD
"“Y’all so sensitive” “this generation is so soft”. No I don’t wanna joke about being gay, suicide, rape or women/ femininity. No I don’t wanna joke about traumas ion cope like that",GENDER_BASED_HARASSMENT
your account is blocked. click here to unlock it.,PHISHING_FRAUD
Warning: Enter your credit card PIN to claim your reward. Do it now.,PHISHING_FRAUD
I know where you study. You have no choice.,CYBERSTALKING_DOXXING
RT @rich_connor Call me sexist but the only women I can take serious when they're angry are my mom and grandma,GENDER_BASED_HARASSMENT
I am serious. Send your 2FA code immediately.,PHISHING_FRAUD
"Right now, I know where you commute every day. Don't ignore me.",CYBERSTALKING_DOXXING
They cant get a can opener working how they going to get the ice cream maker to work. #MKR,SAFE
Hope one of those bitches falls over and breaks her leg  #MKR,GENDER_BASED_HARASSMENT
RT @GuruJeremy: Listen. I'm not sexist. But I'm a firm believer in the man setting the tone in the relationship,GENDER_BASED_HARASSMENT
You need to understand. I know your real-time location. Act immediately.,CYBERSTALKING_DOXXING
Please understand: I will destroy you physically. This is your final warning.,VIOLENT_THREAT
Send me your OTP immediately.,PHISHING_FRAUD
@J_Birt94 And yet you felt the need to tweet this drivel,SAFE
if you tell anyone i will expose you.,COERCION_MANIPULATION
This is a warning. You are going to regret this when I find you.,VIOLENT_THREAT
"Someday, a gater will have an epiphany regarding the definitions for DoS/DDoS. This unbelievable feat will be a sign of the apocalypse.",SAFE
women should know their place.,GENDER_BASED_HARASSMENT
"Why yes! @PatrickEheM Call me sexist, biased, or whatever. I seriously think terrible driving is passed down through the Y chromosome.",GENDER_BASED_HARASSMENT
i know your real identity.,CYBERSTALKING_DOXXING
You need to understand. I have your personal information.,CYBERSTALKING_DOXXING
"I'm telling you, I will expose your private content to everyone. You have no choice.",SEXTORTION_BLACKMAIL
Warning: Give me your verification code now. This is your final warning.,PHISHING_FRAUD
This is a warning. Your bank account has been suspended. Verify now. Do it now.,PHISHING_FRAUD
"Right now, Do exactly what I tell you. Act immediately.",COERCION_MANIPULATION
This is a warning. I will find you and hurt you. You better comply.,VIOLENT_THREAT
Rape jokes arent funny. Gay jokes arent funny. Racist jokes arent funny. Suicide/self harm jokes arent funny. Y'r gross if u think they are.,GENDER_BASED_HARASSMENT
This is a warning. I will beat you up. You have no choice.,VIOLENT_THREAT
I will seriously harm you. You better comply.,VIOLENT_THREAT
I am serious. Give me your nudes right now. Do it now.,SEXTORTION_BLACKMAIL
You have one hour to comply.,COERCION_MANIPULATION
"I'm telling you, I found your address online.",CYBERSTALKING_DOXXING
"Pt.2 of @and_hertz and I talking about @rgay's BAD FEMINIST, Tosh.0, rape jokes and mansplainers: http://bit.ly/1sImXUT #BadFeminist #4life",GENDER_BASED_HARASSMENT
Não é bullying se eu jogar um tijolo na sua cara e fingir que estava brincando de pedreiro.,SAFE
@g56yu What is that?,SAFE
Please understand: Click here to confirm your identity. I am serious.,PHISHING_FRAUD
"I'm telling you, Do what I want or else. Don't tell anyone.",COERCION_MANIPULATION
Please understand: I will choke you. Do it now.,VIOLENT_THREAT
"Listen, If you speak about this I will ruin you. You have no choice.",COERCION_MANIPULATION
Never be bullied into silence. Never allow yourself to be made a victim. Accept no one's definition of your life.,SAFE
This is a warning. I will find you and hurt you. You have no choice.,VIOLENT_THREAT
Please understand: I know where you commute every day. Do it now.,CYBERSTALKING_DOXXING
Warning: You have 24 hours to comply. This is your final warning.,COERCION_MANIPULATION
I am serious. Share your OTP to unlock your account. I am serious.,PHISHING_FRAUD
"Listen, I have your home address.",CYBERSTALKING_DOXXING
Sorry but #JessieJ on #thevoiceau is being a real cunt. You're not all that.,GENDER_BASED_HARASSMENT
Your account is blocked. Click here to unlock it.,PHISHING_FRAUD
"Listen, I will destroy you physically. You better comply.",VIOLENT_THREAT
Please understand: If you tell anyone I will expose you. You better comply.,COERCION_MANIPULATION
If you do t laugh at rape jones then don't laugh at race jokes gay jokes any jokes,GENDER_BASED_HARASSMENT
"@kiwarr @vionaansila kok bisa ada guanya sih? -__-"" ku kangen ya di bully gua :3",SAFE
Please understand: I will hunt you down and kill you. You better comply.,VIOLENT_THREAT
This is a warning. Give me your nudes right now. You have no choice.,SEXTORTION_BLACKMAIL
@themanclaw Yes...and real shit...,GENDER_BASED_HARASSMENT
This is a warning. You have until tonight to send it. Think carefully.,COERCION_MANIPULATION
This is a warning. Send me naked pictures or I will share everything. You better comply.,SEXTORTION_BLACKMAIL
I will kill you.,VIOLENT_THREAT
"Listen, I will seriously harm you. Do it now.",VIOLENT_THREAT
"Right now, I will stab you. Don't tell anyone.",VIOLENT_THREAT
You need to understand. If you tell anyone I will hurt you.,COERCION_MANIPULATION
You need to understand. You have until tonight to reply. You have no choice.,COERCION_MANIPULATION
I am serious. Enter your netbanking password to prevent account closure. You better comply.,PHISHING_FRAUD
Warning: Give me money or your private photos go online. Don't ignore me.,SEXTORTION_BLACKMAIL
I will kill you.,VIOLENT_THREAT
You need to understand. I am watching your house. Think carefully.,CYBERSTALKING_DOXXING
"cvhs football player jokes= gay jokes, slut shaming women, rape jokes, racism, and a strange amount of porn. #jvfootballisoverparty",GENDER_BASED_HARASSMENT
This is a warning. Give me your verification code now. Think carefully.,PHISHING_FRAUD
Warning: I am outside your house watching you. You have no choice.,CYBERSTALKING_DOXXING
"Hey, I am monitoring your phone. I am serious.",CYBERSTALKING_DOXXING
I found your address online. Act immediately.,CYBERSTALKING_DOXXING
"If 2 #mkr contestants were to be ousted by Kat &amp; Andre's unfair score, Nikki &amp; Kate were the right ones. Didn't cook well, almost as bitchy",SAFE
@DonGigliotti @pamygates @__Biazinhak começo o bulling UIHAUIHUAIHUIAHUIAH u-u,SAFE
I will shoot you.,VIOLENT_THREAT
This is a warning. Your bank account has been suspended. Verify now. Do it now.,PHISHING_FRAUD
die bitch.,VIOLENT_THREAT
Time to cheer on twinners @helenaandvikki on #mkr! Learn more about them here: http://t.co/t0cKsvGbN7,SAFE
RT @colonelkickhead: Manu looks terrible tonight #MKR,SAFE
"@PaulAnthonyWard its a joke about gay rape built on pernicious stereotyping of gay men. But Healy likes Kesha, and therefore must be down",GENDER_BASED_HARASSMENT
Please understand: You are disgusting. Don't tell anyone.,GENDER_BASED_HARASSMENT
"Listen, Pay me or I will publish your private recordings. I am serious.",SEXTORTION_BLACKMAIL
"Congratulations Kat and Andre, you came second last #MKR",SAFE
"Listen, I am stalking you. You better comply.",CYBERSTALKING_DOXXING
I NEED THIS. http://t.co/wG3Ihg0SlR http://t.co/H4H8KKBlUJ,SAFE
Im more scared of 3rd wave feminazi fascists! Mad Max isnt in charge of educating uni students and girl guides https://t.co/LzE9Ai8nQ3,GENDER_BASED_HARASSMENT
I will kill you.,VIOLENT_THREAT
"I feel ya, sadly it’s everywhere. There are alt-righty groups in the desert parts of California and I haaaate it ouo” I was the only AFAB person in a party of gay AND straight dudes making rape jokes and wanted to escapé",GENDER_BASED_HARASSMENT
"Listen, Give me your private photos or everyone will see them. This is your final warning.",SEXTORTION_BLACKMAIL
"I'm telling you, I am tracking your GPS. You have no choice.",CYBERSTALKING_DOXXING
"I'm sure he calls female co-workers ""fucking bitch"" all the time",GENDER_BASED_HARASSMENT
"It is time to listen what our children think, live and talk about bullying. - http://t.co/EOD6WDC",SAFE
http://t.co/DZj5QCkc4s Feminazi Blog Reminds Liberals Today Is “National Day of Appreciation for Abortion Providers”… #CNRapp,GENDER_BASED_HARASSMENT
Warning: I am tracking your device. You have no choice.,CYBERSTALKING_DOXXING
i am tracking your device.,CYBERSTALKING_DOXXING
Please understand: You have until tonight to send it. I am serious.,COERCION_MANIPULATION
@4everBrandy new album is FIRE! #TwoEleven,SAFE
"RT @B_Willy2013 Any real man knows, that being able to cook is one of the most attractive qualities a your woman can have. Hahaa #notsexist",GENDER_BASED_HARASSMENT
@MaxMayo77: http://t.co/PrrskknqRv love frat boy w/ soft long soles,SAFE
"Please. Let a female reporter call Trump a lying bitch to his face and claim she was compelled by her passion, dedication to god, family and country to do so.",GENDER_BASED_HARASSMENT
You need to understand. I have your personal information.,CYBERSTALKING_DOXXING
"Listen, Your private video will be uploaded if you refuse. Don't ignore me.",SEXTORTION_BLACKMAIL
This is a warning. I have your private photos and I will expose you. You have no choice.,SEXTORTION_BLACKMAIL
"I'm telling you, You are going to regret this when I find you. You have no choice.",VIOLENT_THREAT
Keep this secret or else.,COERCION_MANIPULATION
@MC_Nedelsky The two acknowledgements of LGBT people in the MCU so far have been a disgusting prison rape joke in GotG and a gay joke or ...,GENDER_BASED_HARASSMENT
"I'm telling you, I am tracking your GPS. You have no choice.",CYBERSTALKING_DOXXING
Please understand: Send your 2FA code immediately. I am serious.,PHISHING_FRAUD
"I'm telling you, No one will believe you if you tell anyone. Think carefully.",COERCION_MANIPULATION
WITHOUT YOU BE I'D BE MISERABLE AT BEST,SAFE
@EmilySymons_ @LynneMcGranger Not happy wanted the girls to win.#mkr,SAFE
Your account will be terminated. Verify your identity.,PHISHING_FRAUD
"I'm telling you, I found your address online.",CYBERSTALKING_DOXXING
Verify your account now or it will be closed. Do it now.,PHISHING_FRAUD
stan got this A+ last word before blocking me: Ever heard of caustic #sarcasm? Rename yourself @yesyoureaBellend Thanks Awfully *mwah!* xxx,SAFE
Give me your nudes right now. You have no choice.,SEXTORTION_BLACKMAIL
"I'm telling you, I know your real identity.",CYBERSTALKING_DOXXING
"Hey, Send me your nudes or I will leak them. Don't tell anyone.",SEXTORTION_BLACKMAIL
#Np Bully - Three Days Grace ♥,SAFE
"Hey, I am outside your house watching you. You better comply.",CYBERSTALKING_DOXXING
send your 2fa code immediately.,PHISHING_FRAUD
All the eastern European women have really gay ringtones :/,SAFE
"Hey, Send me naked pictures or I will share everything. This is your final warning.",SEXTORTION_BLACKMAIL
"Hey, Give me the code you received on your phone. I am serious.",PHISHING_FRAUD
Ooh so worried for Sheri and Emily they are two of my favourites :-( #MKR,SAFE
"I'm telling you, Enter your password to prevent closure. Act immediately.",PHISHING_FRAUD
This is a warning. I have your private photos and I will expose you. You have no choice.,SEXTORTION_BLACKMAIL
Warning: You have until tonight to reply. Think carefully.,COERCION_MANIPULATION
"Right now, Nobody will believe you. Act immediately.",COERCION_MANIPULATION
Worst christmas ever. I just want to go back to school.,SAFE
"Listen, Share your OTP to unlock your account.",PHISHING_FRAUD
"Listen, Pay me or I will publish your private recordings. I am serious.",SEXTORTION_BLACKMAIL
"I'm telling you, Do what I say or face the consequences. Act immediately.",COERCION_MANIPULATION
Warning: Your account will be terminated. Verify your identity. This is your final warning.,PHISHING_FRAUD
Warning: Keep this secret or else. Think carefully.,COERCION_MANIPULATION
@Thuli_Khanyile hala to this #yellowbone over here :),SAFE
DID THE POWER PUFF GIRLS JUST MAKE A GAY PRISON RAPE JOKE WHAT,GENDER_BASED_HARASSMENT
I hacked your camera and recorded you.,SEXTORTION_BLACKMAIL
I enjoy #mkr for the cooking not to watch feral human behaviour; Kats gotta go,SAFE
I am serious. Share your OTP to unlock your account. I am serious.,PHISHING_FRAUD
Warning: I will hunt you down and kill you.,VIOLENT_THREAT
Please understand: I am stalking you. This is your final warning.,CYBERSTALKING_DOXXING
Too. Much. Pause. For. Effect. Pete. Evans. Just annoying....not dramatic. #MKR2015 #MKR,SAFE
"RT @BernardHayman: @theshrillest Like, yeah, I'm fucking proud to be out here doing whatever I can for my people. But you know would be nic…",SAFE
send your verification code to unlock your account.,PHISHING_FRAUD
You need to understand. I know where you work. This is your final warning.,CYBERSTALKING_DOXXING
Bullying : Quando você esta no onibus e tem um lugar vago no seu lado e as pessoas preferem ficar em pé,SAFE
This is a warning. Your bank account has been suspended. Verify now. Act immediately.,PHISHING_FRAUD
@hopeloze @kevinmenzel yeassssssss,SAFE
Your account will be terminated. Verify your identity. I am serious.,PHISHING_FRAUD
Pay me in bitcoin or I will publish your private videos. Don't tell anyone.,SEXTORTION_BLACKMAIL
You need to understand. Enter your credit card PIN to claim your reward. Do it now.,PHISHING_FRAUD
"I'm telling you, I will expose your private content to everyone. I am serious.",SEXTORTION_BLACKMAIL
Provide your security PIN immediately. You better comply.,PHISHING_FRAUD
Provide your security PIN immediately. You better comply.,PHISHING_FRAUD
Send the pictures immediately or I will leak them. Do it now.,SEXTORTION_BLACKMAIL
Warning: Pay me or I will publish your private recordings. Think carefully.,SEXTORTION_BLACKMAIL
"Hey, If you disobey there will be consequences. Don't ignore me.",COERCION_MANIPULATION
I am serious. I will expose your private content to everyone.,SEXTORTION_BLACKMAIL
you have until tonight to reply.,COERCION_MANIPULATION
Do what I say or face the consequences.,COERCION_MANIPULATION
Warning: Your account will be terminated. Verify your identity. This is your final warning.,PHISHING_FRAUD
Mascarpone aaaand marscarpone sorbet??? How's this gonna work out!? #MKR,SAFE
I would not eat any food that pair had stuck their fingers into #MKR,SAFE
I am serious. Send your 2FA code immediately. Don't ignore me.,PHISHING_FRAUD
I am serious. Enter your credit card PIN to claim your reward. You have no choice.,PHISHING_FRAUD
Warning: If you tell anyone I will hurt you. This is your final warning.,COERCION_MANIPULATION
Do what I say or face the consequences. You have no choice.,COERCION_MANIPULATION
Please understand: If you refuse you will regret it. I am serious.,COERCION_MANIPULATION
"RT @CHRisNOBODY: I'm not sexist, but sometimes I look at a female and ponder if I'd offer a goat and full sack of potatoes for her hand, in…",GENDER_BASED_HARASSMENT
I'll say it if no one else will......that Kat needs serious medication #MKR #MKR2015,GENDER_BASED_HARASSMENT
Nobody will believe you. Do it now.,COERCION_MANIPULATION
"Innuendo about gay rape gets a block from me. It’s disrespectful to anyone who’s made space in their timeline to follow me. I also don’t like seeing an actual victim class reduced to the butt of an insulting joke. Sorry @plantbasedK2, bye.",GENDER_BASED_HARASSMENT
Warning: I will hurt you badly. This is your final warning.,VIOLENT_THREAT
i know your real identity.,CYBERSTALKING_DOXXING
Can't quite shake the feeling that #MKR is a tiny bit rigged. Since when do bullies add more value to a show? #teamlynnandtony,SAFE
"Right now, I will kill you. Don't ignore me.",VIOLENT_THREAT
"What questions did you ask me? Why you shouldn't rationalize rape jokes? Seriously? Are you sincerely asking why it's not okay for you to excuse rape jokes? Beyond that, you just admitted you used ""gay"" as a slur to troll people into outrage. You're a trash heap. Fuck off dude",GENDER_BASED_HARASSMENT
This is a warning. I will hurt you badly. You have no choice.,VIOLENT_THREAT
"Right now, Send your verification code to unlock your account. Do it now.",PHISHING_FRAUD
"I'm telling you, You better watch your back because I will hurt you. You better comply.",VIOLENT_THREAT
If you tell anyone I will expose you. Act immediately.,COERCION_MANIPULATION
"Hey, Verify your account now or it will be closed. Do it now.",PHISHING_FRAUD
You are an ugly bitch.,GENDER_BASED_HARASSMENT
If you disobey there will be consequences.,COERCION_MANIPULATION
"I'm telling you, I know where you study. Don't ignore me.",CYBERSTALKING_DOXXING
I am serious. Send your 2FA code immediately. Act immediately.,PHISHING_FRAUD
"Right now, I will choke you. Don't ignore me.",VIOLENT_THREAT
@BJB_22 Of course you can. Do you go to school wit Eddie?,SAFE
Please understand: If you disobey there will be consequences. Don't tell anyone.,COERCION_MANIPULATION
"I'm telling you, I have your private photos and I will expose you. You have no choice.",SEXTORTION_BLACKMAIL
"I'm telling you, Do exactly what I tell you. You have no choice.",COERCION_MANIPULATION
I am tracking your GPS.,CYBERSTALKING_DOXXING
Warning: Send the intimate pictures now or I will post them online. Think carefully.,SEXTORTION_BLACKMAIL
"Hey, Your account will be terminated. Verify your identity. Do it now.",PHISHING_FRAUD
I had no idea people could be so dumb.,SAFE
Please understand: I am coming for you. Think carefully.,VIOLENT_THREAT
"Right now, Do what I say or face the consequences. Don't ignore me.",COERCION_MANIPULATION
I am serious. I have your intimate videos and I will send them to your friends. Act immediately.,SEXTORTION_BLACKMAIL
This is a warning. I will kill you. I am serious.,VIOLENT_THREAT
I am serious. Give me your verification code now. You have no choice.,PHISHING_FRAUD
"Hey, Give me the code you received on your phone. I am serious.",PHISHING_FRAUD
Please understand: I will hunt you down and kill you. I am serious.,VIOLENT_THREAT
I hacked your camera and recorded you. Do it now.,SEXTORTION_BLACKMAIL
I am serious. I am watching your every move. I am serious.,CYBERSTALKING_DOXXING
"Listen, Enter your netbanking password to prevent account closure. You better comply.",PHISHING_FRAUD
Yeah bc military battles = RIVETING @AndrewMNorton I'm not sexist at all but reading about the social advancement if women is so boring.,GENDER_BASED_HARASSMENT
@LJWebb5 @mattbeck27 I believe I'm entitled to my equal rights and insist I get at least one!,SAFE
"Hey, Your account will be terminated. Verify your identity. Do it now.",PHISHING_FRAUD
I am serious. I will find you and hurt you. Think carefully.,VIOLENT_THREAT
You need to understand. If you refuse you will regret it. I am serious.,COERCION_MANIPULATION
RT @prprau: #MKR Tart. Lol.,GENDER_BASED_HARASSMENT
I am serious. I know where you sleep. Don't ignore me.,CYBERSTALKING_DOXXING
Please understand: I will make you pay with your life. Don't tell anyone.,VIOLENT_THREAT
I am serious. I will hunt you down. Think carefully.,VIOLENT_THREAT
"RT @thetrudz: Women are supposed to be ""ashamed"" of nudes of THEIR BODIES on THEIR PHONES yet trash ass men sending UNSOLICITED nudes have …",SAFE
Warning: I found your address online. Act immediately.,CYBERSTALKING_DOXXING
"Right now, You are going to regret this when I find you. Act immediately.",VIOLENT_THREAT
"Listen, I will hunt you down. Do it now.",VIOLENT_THREAT
"Listen, I recorded you through your webcam and I will expose you.",SEXTORTION_BLACKMAIL
keep this secret or else.,COERCION_MANIPULATION
"Right now, I recorded you through your webcam and I will expose you.",SEXTORTION_BLACKMAIL
Nobody will believe you. You have no choice.,COERCION_MANIPULATION
You need to understand. I am going to find you and beat you. Act immediately.,VIOLENT_THREAT
@BDSSupporter @AbbsWinston @Contrarian82 @AbbyMartin Liar. There were no Christian women.,SAFE
Please understand: I will choke you.,VIOLENT_THREAT
"Damn, I think he figured me out! Only reason a woman would deny a man and his creepy rape jokes is if she is Gay.",GENDER_BASED_HARASSMENT
"I'm telling you, I will expose your private content to everyone. You have no choice.",SEXTORTION_BLACKMAIL
Don't tell anyone about this.,COERCION_MANIPULATION
Please understand: I recorded you through your webcam and I will expose you. This is your final warning.,SEXTORTION_BLACKMAIL
Please understand: Your account will be terminated. Verify your identity. Think carefully.,PHISHING_FRAUD
You need to understand. Send the intimate pictures now or I will post them online. Do it now.,SEXTORTION_BLACKMAIL
"Listen, Your bank account has been suspended. Verify now. Don't tell anyone.",PHISHING_FRAUD
A 7? This bloke is utterly demented. #MKR,SAFE
I am serious. I know exactly where you are. Don't tell anyone.,CYBERSTALKING_DOXXING
Please understand: I will expose your private content to everyone. You better comply.,SEXTORTION_BLACKMAIL
"I'm telling you, I am watching your every move. You have no choice.",CYBERSTALKING_DOXXING
Please understand: I will seriously harm you. This is your final warning.,VIOLENT_THREAT
"Listen, I will kill you. Act immediately.",VIOLENT_THREAT
#MileyCyrus Miley Cyrus Shocks With Insensitive 'Date Rape Joke' And 'Gay Comments' [WATCH VIDEO] http://ift.tt/1j9IxAW,GENDER_BASED_HARASSMENT
This is a warning. Don't tell anyone about this.,COERCION_MANIPULATION
Please understand: Your account will be terminated. Verify your identity. You better comply.,PHISHING_FRAUD
This is a warning. Give me your nudes right now. You have no choice.,SEXTORTION_BLACKMAIL
You need to understand. You have 24 hours to respond. This is your final warning.,COERCION_MANIPULATION
Warning: Do as you are told. Do it now.,COERCION_MANIPULATION
BULLY BOSS OR AGEISM??  NY state requires lifeguards to wear Speedos. 58 year old man refuses and is fired! He... http://t.co/gsGrMAq,SAFE
This is a warning. Click here to confirm your identity. Don't tell anyone.,PHISHING_FRAUD
I will choke you.,VIOLENT_THREAT
You need to understand. I know where you sleep.,CYBERSTALKING_DOXXING
"Hey, Do what I say or face the consequences.",COERCION_MANIPULATION
This is a warning. I will kill you. Act immediately.,VIOLENT_THREAT
I am serious. I know your real-time location. You better comply.,CYBERSTALKING_DOXXING
"You're the closest to that @travisnashh don't call me sexist cause im the farthest from that, but holy fuck I hate feminine activists",GENDER_BASED_HARASSMENT
"Listen, I recorded you through your webcam and I will expose you. You have no choice.",SEXTORTION_BLACKMAIL
"Listen, I will ruin you by posting your intimate videos. This is your final warning.",SEXTORTION_BLACKMAIL
"Right now, Don't tell anyone about this. You better comply.",COERCION_MANIPULATION
Christian Bully?: A local St. Mary's County woman recently confronted a grieving father about an unsubstantiate... http://t.co/7sYw98q,SAFE
"Hey, Send me your nudes or I will leak them.",SEXTORTION_BLACKMAIL
Please understand: I recorded you through your webcam and I will expose you. You better comply.,SEXTORTION_BLACKMAIL
I will make you pay with your life. You better comply.,VIOLENT_THREAT
"Hey, I know where you live. Do it now.",CYBERSTALKING_DOXXING
great ball handling skills Will. Lloyd from #mkr could show you how its done,SAFE
"Deprived of new women to hate in Toronto, A Voice for Menners resort to rape jokes, gay bashing | man boobz http://manboobz.com/2013/10/02/deprived-of-new-women-to-hate-in-toronto-a-voice-for-menners-resort-to-rape-jokes-gay-bashing/",GENDER_BASED_HARASSMENT
"Listen, If you speak about this I will ruin you. You have no choice.",COERCION_MANIPULATION
This is a warning. I will choke you. Don't tell anyone.,VIOLENT_THREAT
This is a warning. Send your 2FA code immediately. Don't ignore me.,PHISHING_FRAUD
"I'm telling you, Keep this secret or else. Do it now.",COERCION_MANIPULATION
"Hey, I am tracking your GPS. Do it now.",CYBERSTALKING_DOXXING
Your account has been suspended. Click here to verify now. You better comply.,PHISHING_FRAUD
Making jokes about gays and people who report to suicide having a special place in hell and joking about rape and Self harm? That's NOT OK,GENDER_BASED_HARASSMENT
http://t.co/SX1DMNR   scabies Celebrities open up about their bullying experiences in new book Dont Peak at High School,SAFE
This is a warning. I recorded you through your webcam and I will expose you. Do it now.,SEXTORTION_BLACKMAIL
"Hey, Die bitch. I am serious.",VIOLENT_THREAT
"Don’t call a female a bitch when you are the one acting like more of a bitch than the person you’re calling a bitch, and then maybe i won’t call you a bitch simple . Now stfu talking to me cause i BEEN made my point .",GENDER_BASED_HARASSMENT
Eating breakfast and playing the sims,SAFE
Warning: I have your location. I am serious.,CYBERSTALKING_DOXXING
I am serious. Give me your verification code now. You have no choice.,PHISHING_FRAUD
Please understand: Send me naked pictures or I will share everything. This is your final warning.,SEXTORTION_BLACKMAIL
Please understand: I will ruin you by posting your intimate videos. Don't tell anyone.,SEXTORTION_BLACKMAIL
"Right now, I am tracking your device. Do it now.",CYBERSTALKING_DOXXING
This is a warning. Give me the code you received on your phone. I am serious.,PHISHING_FRAUD
You need to understand. I am going to find you and beat you. You better comply.,VIOLENT_THREAT
"RT @hashtaglorenzo I'm not sexist, but let's face it, girls can't drive.",GENDER_BASED_HARASSMENT
#yesallmen,GENDER_BASED_HARASSMENT
"Hey, I will stab you. Do it now.",VIOLENT_THREAT
Warning: You have 24 hours to comply. This is your final warning.,COERCION_MANIPULATION
You need to understand. Give me your verification code now. This is your final warning.,PHISHING_FRAUD
Warning: I know where you study.,CYBERSTALKING_DOXXING
Please understand: Give me your verification code now. I am serious.,PHISHING_FRAUD
You need to understand. If you refuse you will regret it. I am serious.,COERCION_MANIPULATION
This is a warning. Die bitch. Don't tell anyone.,VIOLENT_THREAT
If you tell anyone I will expose you. Act immediately.,COERCION_MANIPULATION
i know exactly where you are.,CYBERSTALKING_DOXXING
"I'm telling you, Pay me money or I will leak your pictures. You have no choice.",SEXTORTION_BLACKMAIL
Please understand: Your bank account has been suspended. Verify now. You have no choice.,PHISHING_FRAUD
i know your real-time location.,CYBERSTALKING_DOXXING
enter your credit card pin to claim your reward.,PHISHING_FRAUD
"Right now, Enter your credit card PIN to claim your reward. Do it now.",PHISHING_FRAUD
Please understand: Send your 2FA code immediately.,PHISHING_FRAUD
"I'm telling you, I will seriously harm you. This is your final warning.",VIOLENT_THREAT
"I'm telling you, No one will believe you if you tell anyone. Don't ignore me.",COERCION_MANIPULATION
This is a warning. Provide your security PIN immediately. Don't ignore me.,PHISHING_FRAUD
Enter your password to prevent closure.,PHISHING_FRAUD
i know exactly where you are.,CYBERSTALKING_DOXXING
i found your address online.,CYBERSTALKING_DOXXING
I am serious. You better do what I say. You have no choice.,COERCION_MANIPULATION
Share the OTP to complete the transaction.,PHISHING_FRAUD
I am serious. Share the OTP to complete the transaction. Do it now.,PHISHING_FRAUD
I am serious. I have your private photos and I will expose you. I am serious.,SEXTORTION_BLACKMAIL
nobody wants a woman like you.,GENDER_BASED_HARASSMENT
Please understand: I am coming for you. Think carefully.,VIOLENT_THREAT
"Hey, I am outside your house watching you. You better comply.",CYBERSTALKING_DOXXING
You need to understand. I will post your pictures everywhere if you don't pay. You have no choice.,SEXTORTION_BLACKMAIL
"Hey, If you disobey there will be consequences. Don't ignore me.",COERCION_MANIPULATION
"Hey, I am tracking your GPS. This is your final warning.",CYBERSTALKING_DOXXING
"Dear are sure it's sexism? Maybe it's just a rudeness of that exact guy. It's not always sexism if someone calls you ""a bitch"". Many persons of female sex can also tell you the same curse. Is it sexism too?",GENDER_BASED_HARASSMENT
@Dreysander1 Sons are at much greater risk now than daughters because of feminist laws.,GENDER_BASED_HARASSMENT
I am serious. You must obey me. Act immediately.,COERCION_MANIPULATION
I am serious. Send the pictures immediately or I will leak them. Don't ignore me.,SEXTORTION_BLACKMAIL
"Right now, Click here and enter your banking details. You have no choice.",PHISHING_FRAUD
@ItGetsBetter: Help #itGetsBetter fight antigay bullying & prevent suicide. Vote now for us to win $250K http://t.co/KIzo70O #stormcrazies,SAFE
I am serious. Give me your verification code now. Don't ignore me.,PHISHING_FRAUD
I am serious. Send me your nudes or I will leak them. I am serious.,SEXTORTION_BLACKMAIL
Female Urologist gave me testicular torsion call that bitch twisted,GENDER_BASED_HARASSMENT
Click here and enter your banking details.,PHISHING_FRAUD
I am serious. I have your private photos and I will expose you. Act immediately.,SEXTORTION_BLACKMAIL
"Right now, I have your location. You better comply.",CYBERSTALKING_DOXXING
"Listen, Give me your nudes right now. Think carefully.",SEXTORTION_BLACKMAIL
"I'm telling you, Give me money or your private photos go online. Do it now.",SEXTORTION_BLACKMAIL
RT @HajiIshak1: RT @deaannnaa_:Katie and Nikki are frkn annoying stfu #MKR you're not even hot lol stop  RT:@.vid.http://t.co/cRzO2P219y,GENDER_BASED_HARASSMENT
i will shoot you.,VIOLENT_THREAT
I love little kid 'foodies'.  #mkr,SAFE
pay me or i will send your videos to your family.,SEXTORTION_BLACKMAIL
"Why boys crack up at rape jokes, think having a girlfriend is “gay,” and still can’t cry—and why we need to give them new and better models of masculinity",GENDER_BASED_HARASSMENT
Warning: I am tracking your device. You have no choice.,CYBERSTALKING_DOXXING
FK YOU KAT AND ANDRE! #mkr,GENDER_BASED_HARASSMENT
Please understand: If you tell anyone I will expose you. Don't tell anyone.,COERCION_MANIPULATION
"I'm telling you, Do what I want or else. Don't ignore me.",COERCION_MANIPULATION
Warning: Do what I say or face the consequences. Think carefully.,COERCION_MANIPULATION
"Pretty awesome day thus far. Didn't do anything at work, had an awesome workout, and came home to my faaaavorite episode of bully beatdown!",SAFE
Please understand: Give me your verification code now. Don't tell anyone.,PHISHING_FRAUD
Send me your nudes or I will leak them.,SEXTORTION_BLACKMAIL
"Hey, I am going to find you and beat you. Do it now.",VIOLENT_THREAT
Please understand: I know where you sleep. Think carefully.,CYBERSTALKING_DOXXING
This is a warning. I have your phone number. You better comply.,CYBERSTALKING_DOXXING
you are disgusting.,GENDER_BASED_HARASSMENT
Please understand: I know where you study. You have no choice.,CYBERSTALKING_DOXXING
You need to understand. You have 24 hours to comply. You better comply.,COERCION_MANIPULATION
Warning: I know where you sleep. Don't tell anyone.,CYBERSTALKING_DOXXING
Send the pictures immediately or I will leak them.,SEXTORTION_BLACKMAIL
I am serious. Send your 2FA code immediately. Don't ignore me.,PHISHING_FRAUD
"RT @asredasmyhair: And what rights would those be? From what I can tell.. we have the same, if not MORE rights then men. #FemFreeFriday htt…",GENDER_BASED_HARASSMENT
Do exactly what I tell you. Think carefully.,COERCION_MANIPULATION
"Hey, I know your real-time location. I am serious.",CYBERSTALKING_DOXXING
"Right now, I am monitoring your phone. You better comply.",CYBERSTALKING_DOXXING
Please understand: If you refuse you will regret it. I am serious.,COERCION_MANIPULATION
You have 24 hours to respond.,COERCION_MANIPULATION
@LifeInKhilafah Daesh have so many fronts to fight that they don't have the concentrated manpower to succeed any more.,SAFE
"@alihadi68 @MaxBlumenthal @rudoren @nytimes Hey, it's what your prophet Mohammed actually did, not just talk about. So what is your problem?",SAFE
@DianH4 We don't support Saudi at all. We simply do business with them.  The Saudis were produced by Islam.,SAFE
Enter your netbanking password to prevent account closure. You better comply.,PHISHING_FRAUD
i will stab you.,VIOLENT_THREAT
You need to understand. I will beat you up. You have no choice.,VIOLENT_THREAT
"I'm telling you, Send me your nudes or I will leak them. I am serious.",SEXTORTION_BLACKMAIL
You need to understand. No one will believe you if you tell anyone. Act immediately.,COERCION_MANIPULATION
"Listen, If you refuse you will regret it. This is your final warning.",COERCION_MANIPULATION
You need to understand. Send your 2FA code immediately. This is your final warning.,PHISHING_FRAUD
@mykitchenrules come on Sheri and Emilie!!!! I have all the faith in the world girls!!! #MKR,SAFE
I have screenshots of your private photos. Act immediately.,SEXTORTION_BLACKMAIL
your account is blocked. click here to unlock it.,PHISHING_FRAUD
Please understand: If you refuse you will regret it. You better comply.,COERCION_MANIPULATION
I am serious. Pay me or I will publish your private recordings. I am serious.,SEXTORTION_BLACKMAIL
@celie_ahn entao vc aprendeu a fazer bully!,SAFE
@Juliet777777 Obama's spinelessness never ceases to amaze me.,SAFE
"I'm telling you, I recorded you through your webcam and I will expose you. I am serious.",SEXTORTION_BLACKMAIL
Give me your private photos or everyone will see them. I am serious.,SEXTORTION_BLACKMAIL
Just want to wipe that smile of her smartass face #MKR,SAFE
This is a warning. I will kill you.,VIOLENT_THREAT
Warning: I will post your pictures everywhere if you don't pay. Don't ignore me.,SEXTORTION_BLACKMAIL
Give me money or your private photos go online. This is your final warning.,SEXTORTION_BLACKMAIL
You need to understand. I have your private photos and I will expose you. You better comply.,SEXTORTION_BLACKMAIL
You need to understand. Your bank account has been suspended. Verify now. Don't ignore me.,PHISHING_FRAUD
RT @shanley: This causes lasting trauma that will not only temporarily silence but forever change the target's sense of safety and support …,SAFE
I hope you're not #mkr,SAFE
"Listen, Your bank account has been suspended. Verify now. Don't tell anyone.",PHISHING_FRAUD
i am stalking you.,CYBERSTALKING_DOXXING
people who make gay jokes and rape jokes can go away forever tbh,GENDER_BASED_HARASSMENT
Warning: I will attack you.,VIOLENT_THREAT
This is a warning. Send me naked pictures or I will share everything. You better comply.,SEXTORTION_BLACKMAIL
Please understand: If you tell anyone I will expose you. Don't tell anyone.,COERCION_MANIPULATION
Your account is blocked. Click here to unlock it.,PHISHING_FRAUD
Congressman McCarthy is it the GOP standard to call a female member of Congress a “Bitch”? Ask this GOP Congressman if his mothers a bitch? If his mother’s isn’t a bitch then he needs to either apologize to AOC on the House floor or resign from Congress.,GENDER_BASED_HARASSMENT
I will hurt you badly. I am serious.,VIOLENT_THREAT
You need to understand. If you refuse you will regret it. Think carefully.,COERCION_MANIPULATION
I have your personal information. Do it now.,CYBERSTALKING_DOXXING
I am serious. I know your real identity. Think carefully.,CYBERSTALKING_DOXXING
"I'm telling you, Do what I want or else. You better comply.",COERCION_MANIPULATION
@AbbytheGroovy are you looking att @sophistihip's butt?,SAFE
"Listen, I recorded you through your webcam and I will expose you. You have no choice.",SEXTORTION_BLACKMAIL
Send the intimate pictures now or I will post them online. Don't tell anyone.,SEXTORTION_BLACKMAIL
"After Pacquiao's ""kill the gays"", Vice Ganda's endless rape jokes &amp; Duterte... I'm starting to think the Philippines likes train wrecks.",GENDER_BASED_HARASSMENT
RT @infamousKlaus: near #Mosul :around Khorsabad: #Peshmerga artillery shelled ISIS terrorist positions today  #Kurdistan,SAFE
Pay me in bitcoin or I will publish your private videos. Think carefully.,SEXTORTION_BLACKMAIL
@sofrobullying aí não é bullying é só o certo a fazer,SAFE
How as far as Escarpment Unsuccess and Omission?: .JOE,SAFE
@RudawEnglish Utterly insane article.,SAFE
"Hey, Do exactly what I tell you. Think carefully.",COERCION_MANIPULATION
"I'm telling you, I am watching your house. I am serious.",CYBERSTALKING_DOXXING
I will shoot you.,VIOLENT_THREAT
I will kill you. This is your final warning.,VIOLENT_THREAT
"@Snowman_Roberts We do, but I do encourage calling out sexism under any twitter handle.",SAFE
"I'm telling you, I know where you commute every day. I am serious.",CYBERSTALKING_DOXXING
pay me money or i will leak your pictures.,SEXTORTION_BLACKMAIL
Warning: I know where you study. Do it now.,CYBERSTALKING_DOXXING
The major coincidence in the score that Kat &amp; Andre gave is ...that Kat recently scored 1 on her home IQ test. #mkr,GENDER_BASED_HARASSMENT
This is a warning. You are going to regret this when I find you. Do it now.,VIOLENT_THREAT
I will choke you.,VIOLENT_THREAT
Warning: Give me your nudes right now. This is your final warning.,SEXTORTION_BLACKMAIL
"I'm telling you, Share your OTP to unlock your account. This is your final warning.",PHISHING_FRAUD
You need to understand. Your account has been suspended. Click here to verify now. This is your final warning.,PHISHING_FRAUD
You need to understand. Provide your security PIN immediately. Think carefully.,PHISHING_FRAUD
"Listen, I recorded you through your webcam and I will expose you.",SEXTORTION_BLACKMAIL
Please understand: If you tell anyone I will expose you. You better comply.,COERCION_MANIPULATION
Warning: I will attack you.,VIOLENT_THREAT
Wondering if anyone on the editorial team will object to the gay rape joke I was just asked to type set?,GENDER_BASED_HARASSMENT
I am tracking your GPS. You better comply.,CYBERSTALKING_DOXXING
"Right now, Nobody will believe you. You have no choice.",COERCION_MANIPULATION
"@RICANROLL You think your reply is clever? Women are more than you will ever be. You are small, and you will always be small.",SAFE
Please understand: I am going to murder you. Act immediately.,VIOLENT_THREAT
"Hey, You better do what I say. Don't ignore me.",COERCION_MANIPULATION
This is a warning. I am watching your house. This is your final warning.,CYBERSTALKING_DOXXING
"I'm telling you, Give me your private photos or everyone will see them.",SEXTORTION_BLACKMAIL
You need to understand. Send your verification code to unlock your account. I am serious.,PHISHING_FRAUD
you deserve to die.,VIOLENT_THREAT
I know where you commute every day.,CYBERSTALKING_DOXXING
Warning: I will ruin you by posting your intimate videos. I am serious.,SEXTORTION_BLACKMAIL
"Yeah, like not start wars. @tnolton2 I'm no sexist but there are some things women do that men just won't.",GENDER_BASED_HARASSMENT
i am coming for you.,VIOLENT_THREAT
"Listen, Send the pictures immediately or I will leak them. I am serious.",SEXTORTION_BLACKMAIL
I know your real-time location.,CYBERSTALKING_DOXXING
Warning: I am watching your every move. Do it now.,CYBERSTALKING_DOXXING
@Sargon_of_Akkad @DrEvilGamer I noticed there was a lack of males in those feminazi ran fema camps.,GENDER_BASED_HARASSMENT
Please understand: I will hurt you badly. You have no choice.,VIOLENT_THREAT
I’m fairly certain that was more of a gay joke and less of a rape joke.,GENDER_BASED_HARASSMENT
"Hahaha, I get it! Because he's secretly gay, right? It's hilarious to put people down by calling them gay! Lolololol, so funny. #tyt should give a show where you laugh about gay jokes and prison rape and other sick burns you put on people. Great job, Emma. Class act.",GENDER_BASED_HARASSMENT
"After Nancy Binay Skin Colour Puns, Gay Filipino Comedian’s Rape Joke Incurs Ire of Women’s Group, Netizens http://au.ibtimes.com/articles/471948/20130528/nancy-binay-skin-colour-puns-gay-filipino.htm#.UaSyMdjcOzE",GENDER_BASED_HARASSMENT
"I'm telling you, I have your intimate videos and I will send them to your friends. This is your final warning.",SEXTORTION_BLACKMAIL
"Hey, Send your verification code to unlock your account. Do it now.",PHISHING_FRAUD
Please understand: Give me your nudes right now. Think carefully.,SEXTORTION_BLACKMAIL
"I'm telling you, Give me your private photos or everyone will see them. Think carefully.",SEXTORTION_BLACKMAIL
Enter your credit card PIN to claim your reward.,PHISHING_FRAUD
"You'll start hearing things like ""Why you no fight am"" ""You no be man"" ""How man go rape you"" ""You be gay"" Disgusting jokes",GENDER_BASED_HARASSMENT
I am serious. You deserve to die. Don't ignore me.,VIOLENT_THREAT
"@allieemorse but i have only watched morning news twice the past week, so who knows what i could have missed.",SAFE
The deconstructed lemon tart looks pretty much like what your plate might look like after you've EATEN a lemon tart. #MKR,SAFE
Please understand: Give me your nudes right now. Think carefully.,SEXTORTION_BLACKMAIL
"I'm telling you, You deserve to die. Do it now.",VIOLENT_THREAT
"RT @jeffhumps: A woman doing college play-by-play just sounds wrong. I'm not sexist, but seriously get back in the kitchen.",GENDER_BASED_HARASSMENT
I will stab you.,VIOLENT_THREAT
You need to understand. Send the intimate pictures now or I will post them online. Don't tell anyone.,SEXTORTION_BLACKMAIL
"Right now, I am tracking your device. Do it now.",CYBERSTALKING_DOXXING
Please understand: I will make you pay with your life.,VIOLENT_THREAT
I am tracking your GPS. This is your final warning.,CYBERSTALKING_DOXXING
"Hey, Share your OTP to unlock your account. Don't tell anyone.",PHISHING_FRAUD
You need to understand. If you speak about this I will ruin you.,COERCION_MANIPULATION
just a lil reference of people who think statutory rape and gay jokes are just HILARIOUS!!,GENDER_BASED_HARASSMENT
"Right now, I know where you study. Think carefully.",CYBERSTALKING_DOXXING
Warning: Do as you are told. You have no choice.,COERCION_MANIPULATION
"Right now, Click here and enter your banking details. You have no choice.",PHISHING_FRAUD
VIDEO: Miley Cyrus Makes Date Rape Joke at Gay Nightclub... http://feedly.com/k/SQE6QM,GENDER_BASED_HARASSMENT
FAN with Miss Hottie 💁😊❤️ #greatfood #greatcompany #Pete&amp;Manu #mkr #howdoyouevenselfie @ Thai In A… https://t.co/E268GB9QLO,GENDER_BASED_HARASSMENT
"I'm telling you, Do what I say or face the consequences. Act immediately.",COERCION_MANIPULATION
"this dude in channel 0021 just made several racist and sexist jokes, rape references, bashed gay people, then finished it by saying ""How would a worm hold a knife, in its mouth or tail?""",GENDER_BASED_HARASSMENT
"Listen, I know your real identity. This is your final warning.",CYBERSTALKING_DOXXING
"I'm telling you, Give me money or your private photos go online.",SEXTORTION_BLACKMAIL
Warning: Keep this secret or else. Think carefully.,COERCION_MANIPULATION
"I'm telling you, Share your OTP to unlock your account. This is your final warning.",PHISHING_FRAUD
"Hey, I will choke you. I am serious.",VIOLENT_THREAT
@BDSSupporter And who cares where they were born. They became Israelis by choice.,SAFE
I am serious. I have your intimate videos and I will send them to your friends. Act immediately.,SEXTORTION_BLACKMAIL
This is a warning. Give me the code you received on your phone. I am serious.,PHISHING_FRAUD
@ThatSabineGirl Green and Purple wasn't a rape joke. It was two MEN appreciating each other's bodies. It's about spreading gay awareness.,GENDER_BASED_HARASSMENT
why is everyone joking about how he can’t inhale when his friend is using gay as a slur off camera and he agrees with what his friend said.... this kid has been cancelled since he laughed at a rape joke,GENDER_BASED_HARASSMENT
i am coming for you.,VIOLENT_THREAT
This is a warning. I am watching your every move.,CYBERSTALKING_DOXXING
RT @AuntyNannon: I can't figure out if that promo chick has a receding hair line or just a massive forehead  #MKR,GENDER_BASED_HARASSMENT
"I said ""don't slut shame,"" ""make another rape joke and I'll end your life,"" and ""gay is not a synonym for shitty"" 12 times each this week.",GENDER_BASED_HARASSMENT
Click here and enter your banking details.,PHISHING_FRAUD
@MisGrace @GBabeuf @RJennromao @DavidJo52951945 @Novorossiyan @gbazov @NewsCoverUp @rougek68 Thanks for the intellectual response. Blocked.,SAFE
"RT @KeepItGulley: @BROBEARINDY @MT8_9 Exactly. Dont preach ideologies u want to force the masses to endorse, when feminist themselves cant …",GENDER_BASED_HARASSMENT
I have your phone number.,CYBERSTALKING_DOXXING
Please understand: I am coming for you. Act immediately.,VIOLENT_THREAT
You need to understand. Provide your security PIN immediately. I am serious.,PHISHING_FRAUD
"Hey, I am tracking your GPS. Do it now.",CYBERSTALKING_DOXXING
"Oh Mickey you're so fine. You're so fine, you blow my mind. Hey Mickey! HEY HEY! HEY MICKEY!",SAFE
"I'm telling you, I am watching your house. Don't tell anyone.",CYBERSTALKING_DOXXING
Please understand: I have your intimate videos and I will send them to your friends. This is your final warning.,SEXTORTION_BLACKMAIL
This is a warning. Do exactly what I tell you. I am serious.,COERCION_MANIPULATION
I am tracking your device. Do it now.,CYBERSTALKING_DOXXING
"Listen, You have 24 hours to comply. Don't ignore me.",COERCION_MANIPULATION
I am serious. I know where you commute every day. This is your final warning.,CYBERSTALKING_DOXXING
"Hey, Send me your OTP immediately. I am serious.",PHISHING_FRAUD
RT @staceyrenee78: Oh Kat you do something new every night to make yourself look even more like a hateful twat! #mkr #karmaisabitch,GENDER_BASED_HARASSMENT
"Hey, Share your OTP to unlock your account. Do it now.",PHISHING_FRAUD
"Right now, Click here to confirm your identity. Don't tell anyone.",PHISHING_FRAUD
"I'm telling you, Give me the code you received on your phone. Think carefully.",PHISHING_FRAUD
Send your 2FA code immediately.,PHISHING_FRAUD
"1. I feel disappointed in what happened, but you have to look at Disney’s standpoint. Somebody who made jokes/comments that include rape, gay slurs and pedophilia working for Disney is totally against their public morals and values.",GENDER_BASED_HARASSMENT
You need to understand. I will ruin you by posting your intimate videos. Think carefully.,SEXTORTION_BLACKMAIL
"Hey, Do what I say or face the consequences. Think carefully.",COERCION_MANIPULATION
send me your nudes or i will leak them.,SEXTORTION_BLACKMAIL
"update as well as suicide, rape, and abuse, I'm done hearing jokes about the LGBT community and using gay as an insult",GENDER_BASED_HARASSMENT
"Right now, Do what I say or face the consequences. Don't ignore me.",COERCION_MANIPULATION
"'your meatball was like rubbery cardboard, a bit like my leathery skin' #mkr #pete",SAFE
I am serious. Send your password to confirm your identity. Do it now.,PHISHING_FRAUD
I am serious. I have your phone number. Think carefully.,CYBERSTALKING_DOXXING
"Hey, If you tell anyone I will hurt you.",COERCION_MANIPULATION
Warning: No one will believe you if you tell anyone. I am serious.,COERCION_MANIPULATION
.@chouhos @unoriginal_babe The blank stare.,GENDER_BASED_HARASSMENT
i will make you pay with your life.,VIOLENT_THREAT
".@bloodstonesoup it's a statsd call, sweetie. a protocol, not a programming language. if you're going to troll, get on my level.",SAFE
RT @Ellis_Holt1 I'm not sexist but the women commentator on sky sports is shocking,GENDER_BASED_HARASSMENT
This is a warning. If you speak about this I will ruin you.,COERCION_MANIPULATION
"Listen, I have your personal information. I am serious.",CYBERSTALKING_DOXXING
"Hey, Your account is blocked. Click here to unlock it. Don't ignore me.",PHISHING_FRAUD
"Enough With Gay Jokes, But Men Are So F**ken Gay. A Gay Can Handle A 5 Some Rape, But A Man...Wa Idibala",GENDER_BASED_HARASSMENT
"Listen, I have your personal information.",CYBERSTALKING_DOXXING
Kat and Andre are scum. I am going to get such joy when you are eliminated. #mkr #katandandre,SAFE
Pay me in bitcoin or I will publish your private videos. Don't tell anyone.,SEXTORTION_BLACKMAIL
This is a warning. Do as you are told. Act immediately.,COERCION_MANIPULATION
This is a warning. Send the intimate pictures now or I will post them online. I am serious.,SEXTORTION_BLACKMAIL
Warning: I am going to find you and beat you. This is your final warning.,VIOLENT_THREAT
I am serious. I will seriously harm you. Think carefully.,VIOLENT_THREAT
Hoping Annie and Lloyd do well #MKR,SAFE
"never understood 'butthurt' as an insult. Is being gay the point of insult, or are you making a rape joke?",GENDER_BASED_HARASSMENT
"I'm telling you, I have your personal information. Don't ignore me.",CYBERSTALKING_DOXXING
I hacked your camera and recorded you.,SEXTORTION_BLACKMAIL
"I'm telling you, I will attack you.",VIOLENT_THREAT
If you disobey there will be consequences. This is your final warning.,COERCION_MANIPULATION
I know where you study. You have no choice.,CYBERSTALKING_DOXXING
"Listen, You have until tonight to reply.",COERCION_MANIPULATION
"Right now, I am coming for you. Act immediately.",VIOLENT_THREAT
"So I assume you won't be having children, because that is a 24/7 job. @AlexDramaAklilu call me sexist but my wife will not have a 9-5 job.",GENDER_BASED_HARASSMENT
"RT @AllyLeiba: #MKR tonight, #sassy overload 🙅 @katepatto @prancingaround @charlee1024",SAFE
"he has used gay slurs, made rape jokes and has just done things that are problematic. i love dan to death but he should be called out just as everyone else would be",GENDER_BASED_HARASSMENT
"RT @EmmaKallenbach_: @HarryFremantle @TheJordanDenton it's true, women's sport is awful, it lacks so much quality... I'd rather watch men's…",GENDER_BASED_HARASSMENT
"Hey, No one will believe you if you tell anyone. I am serious.",COERCION_MANIPULATION
"Right now, I know where you study. I am serious.",CYBERSTALKING_DOXXING
@sartoni83 I laid the bike down intentionally vs having a worse accident. I was bruised but fine.,SAFE
Do exactly what I tell you.,COERCION_MANIPULATION
"I'm telling you, Do what I say or face the consequences. Act immediately.",COERCION_MANIPULATION
"I'm telling you, Your account will be terminated. Verify your identity. Act immediately.",PHISHING_FRAUD
“@Forking_Awesome: Hey Colin... The 1980s called. They want their pushed up jacket sleeves back #MKR” Miami Vice Rules!!,GENDER_BASED_HARASSMENT
"Hey, I know exactly where you are. Don't tell anyone.",CYBERSTALKING_DOXXING
I found your address online. Act immediately.,CYBERSTALKING_DOXXING
I am coming for you.,VIOLENT_THREAT
"Ask this question the next time you joke about some guy &amp; how ""they are gonna love him in prison"" Gay sex isn't rape",GENDER_BASED_HARASSMENT
"I'm telling you, I am tracking your device. You have no choice.",CYBERSTALKING_DOXXING
Please understand: I am stalking you. This is your final warning.,CYBERSTALKING_DOXXING
"Listen, I am coming for you. Do it now.",VIOLENT_THREAT
"Right now, Send me your OTP immediately. Don't ignore me.",PHISHING_FRAUD
I will make you pay with your life. You better comply.,VIOLENT_THREAT
This is a warning. Enter your password to prevent closure. You have no choice.,PHISHING_FRAUD
FFS! No more instant restaurant rounds!!! #sigh #mkr,SAFE
"Right now, I know where you sleep. I am serious.",CYBERSTALKING_DOXXING
"Listen, I know where you sleep. Do it now.",CYBERSTALKING_DOXXING
This is a warning. I know where you study. This is your final warning.,CYBERSTALKING_DOXXING
Please understand: I will beat you up. Act immediately.,VIOLENT_THREAT
#katandandre to not score meals on their merits but say it's only fair you stay in the comp is a joke. Karma will come soon #cheats #mkr,SAFE
This is a warning. I have your location. You have no choice.,CYBERSTALKING_DOXXING
Boys that call girls ‘bitches’ and ‘females’ are one of my least favorite people..notice how I didn’t say men,GENDER_BASED_HARASSMENT
Yeah LOLing at BDD's prison rape joke yet calling out something Disney hipsters said as gay toxic masculinity #Hypocrite,GENDER_BASED_HARASSMENT
"RT @HarimeNui12: @SamuelMahoney2 this day only brings fucking madness to guys, gives women the power to do anything, not sexist but it's tr…",GENDER_BASED_HARASSMENT
I am serious. I know where you sleep. Don't ignore me.,CYBERSTALKING_DOXXING
This is a warning. I will choke you. Don't tell anyone.,VIOLENT_THREAT
"Pro AND Anti #BlameOneNotAll promoting nothing but division. Those of you that think you're facilitating equality, you're most certainly not",GENDER_BASED_HARASSMENT
"Hey, I have your home address. I am serious.",CYBERSTALKING_DOXXING
"I'm telling you, I will attack you.",VIOLENT_THREAT
"Hey, Send your verification code to unlock your account. I am serious.",PHISHING_FRAUD
"Right now, You have one hour to comply. Don't ignore me.",COERCION_MANIPULATION
Give me your private photos or everyone will see them.,SEXTORTION_BLACKMAIL
"Listen, Give me your verification code now. I am serious.",PHISHING_FRAUD
I am tracking your device. You have no choice.,CYBERSTALKING_DOXXING
This is a warning. Provide your one-time password now. This is your final warning.,PHISHING_FRAUD
Warning: I am watching your every move. Do it now.,CYBERSTALKING_DOXXING
"I'm telling you, Give me money or your private photos go online. You have no choice.",SEXTORTION_BLACKMAIL
@shawttyJ love you too mama !,SAFE
Please understand: Enter your netbanking password to prevent account closure. I am serious.,PHISHING_FRAUD
This is a warning. Verify your account now or it will be closed. This is your final warning.,PHISHING_FRAUD
I have your intimate videos and I will send them to your friends. Do it now.,SEXTORTION_BLACKMAIL
"Right now, I know where you sleep. I am serious.",CYBERSTALKING_DOXXING
Please understand: You should be ashamed of being a woman. Act immediately.,GENDER_BASED_HARASSMENT
"Right now, I know where you work. Don't ignore me.",CYBERSTALKING_DOXXING
Warning: I will ruin you by posting your intimate videos. Don't tell anyone.,SEXTORTION_BLACKMAIL
Warning: Your account will be terminated. Verify your identity. This is your final warning.,PHISHING_FRAUD
RT @GrumpyVancouver: @YesYoureSexist maybe so. But I'm still right.,GENDER_BASED_HARASSMENT
I am serious. I am tracking your GPS. Don't tell anyone.,CYBERSTALKING_DOXXING
Bullying Affects a Quarter of High Schools Students http://t.co/ljpIOVG #bullying #cyberbullying,SAFE
@JacquesCuze @KimoiDoutei @aussielung Opt in solves these problems.,GENDER_BASED_HARASSMENT
Give me your private photos or everyone will see them.,SEXTORTION_BLACKMAIL
pay me money or i will leak your pictures.,SEXTORTION_BLACKMAIL
Share the OTP to complete the transaction.,PHISHING_FRAUD
"Listen, Share the OTP to complete the transaction.",PHISHING_FRAUD
"I'm telling you, I know where you live. I am serious.",CYBERSTALKING_DOXXING
I am serious. You have one hour to comply. You have no choice.,COERCION_MANIPULATION
"I'm telling you, I will expose your private content to everyone. You have no choice.",SEXTORTION_BLACKMAIL
I will choke you.,VIOLENT_THREAT
"Oh, yes he is a bad guy.",GENDER_BASED_HARASSMENT
Kat just loving the negative reviews. #MKR,SAFE
"Listen, I will post your pictures everywhere if you don't pay. You have no choice.",SEXTORTION_BLACKMAIL
Please understand: I am tracking your GPS. You better comply.,CYBERSTALKING_DOXXING
"Listen, I have your personal information. Do it now.",CYBERSTALKING_DOXXING
You need to understand. Your private video will be uploaded if you refuse. I am serious.,SEXTORTION_BLACKMAIL
"Right now, Send me your OTP immediately. You better comply.",PHISHING_FRAUD
I am serious. Keep this secret or else. This is your final warning.,COERCION_MANIPULATION
I am serious. I know exactly where you are. I am serious.,CYBERSTALKING_DOXXING
"No. That joke was not 'gay', the test you just took did not 'rape' you, and someone who asked a silly question is not 'retarded'",GENDER_BASED_HARASSMENT
"Right now, Give me the code you received on your phone. Do it now.",PHISHING_FRAUD
RT @Ratchlex It's always fun watching sports w a woman in the room #myaunt #notsexist,GENDER_BASED_HARASSMENT
Send your 2FA code immediately. You have no choice.,PHISHING_FRAUD
Give me your private photos or everyone will see them. I am serious.,SEXTORTION_BLACKMAIL
RT @Mickens__: This is the exact reason why Women shouldn't be involved. Not sexist. But situations like this will always be blown out of p…,GENDER_BASED_HARASSMENT
This is a warning. I have screenshots of your private photos. Act immediately.,SEXTORTION_BLACKMAIL
how do i even have an ear ache i am not 4,SAFE
You need to understand. I am going to find you and beat you. You better comply.,VIOLENT_THREAT
"Right now, Nobody will believe you. Don't tell anyone.",COERCION_MANIPULATION
We've normalized gay jokes and now we're about to do the same thing with rape. Ang korni.,GENDER_BASED_HARASSMENT
"Right now, I am watching your every move. Do it now.",CYBERSTALKING_DOXXING
@cheeseplus @obfuscurity i don't wanna devops this. i just want it to work so i can do other things. i need a devops.,SAFE
Your account is blocked. Click here to unlock it. Don't tell anyone.,PHISHING_FRAUD
ISSO É PRECONCEITO E BULLYING @marerawr @PietroMora,SAFE
"RT @a_man_in_black: If you want to report Rogue for doxxing and harassing people, use the ""report to Kickstarter"" link at the bottom. https…",SAFE
I am serious. I will shoot you. Don't ignore me.,VIOLENT_THREAT
Your bank account has been suspended. Verify now.,PHISHING_FRAUD
"Hey, Send the pictures immediately or I will leak them. I am serious.",SEXTORTION_BLACKMAIL
You better watch your back because I will hurt you. This is your final warning.,VIOLENT_THREAT
"Hey, I have your phone number.",CYBERSTALKING_DOXXING
@a_man_in_black my feelings exactly.,SAFE
This is a warning. I am going to murder you. Do it now.,VIOLENT_THREAT
Warning: Provide your security PIN immediately. I am serious.,PHISHING_FRAUD
I am serious. I will seriously harm you.,VIOLENT_THREAT
Please understand: Pay me or I will send your videos to your family. Don't ignore me.,SEXTORTION_BLACKMAIL
So never used the ice cream maker before  #mkr,SAFE
Fuck off @julescarbonaro And call me sexist but females tryna b president.Just stop. There's a reason why it's called the founding FATHERS .,GENDER_BASED_HARASSMENT
This is a warning. I am tracking your device. Don't ignore me.,CYBERSTALKING_DOXXING
You need to understand. Your account is blocked. Click here to unlock it. You have no choice.,PHISHING_FRAUD
"I'm telling you, Provide your security PIN immediately. Think carefully.",PHISHING_FRAUD
This is a warning. Don't tell anyone about this. Think carefully.,COERCION_MANIPULATION
"Right now, I will choke you. Don't ignore me.",VIOLENT_THREAT
@cigardubey right now? multiple browsers :P   i should set up tweetdeck for this.,SAFE
Your bank account has been suspended. Verify now. You better comply.,PHISHING_FRAUD
"Jack Dylan isn’t just problematic for smoking weed at 14, he is problematic for laughing at rape jokes, unsung gay as an insult and sexualizing his friend.",GENDER_BASED_HARASSMENT
enter your credit card pin to claim your reward.,PHISHING_FRAUD
"Hey, I will post your pictures everywhere if you don't pay. Think carefully.",SEXTORTION_BLACKMAIL
You need to understand. You must obey me.,COERCION_MANIPULATION
You need to understand. Do exactly what I tell you. Act immediately.,COERCION_MANIPULATION
@JussBlaze8 not necessarily. If ur so mad at women-everday?  maybe we're not the sex u desire? SOUNDS like closeted frustration 2me. #IJS,SAFE
Warning: Send me your nudes or I will leak them. You have no choice.,SEXTORTION_BLACKMAIL
I am serious. Your private video will be uploaded if you refuse. Think carefully.,SEXTORTION_BLACKMAIL
"Listen, I will hurt you badly. Think carefully.",VIOLENT_THREAT
I will make you pay with your life. You have no choice.,VIOLENT_THREAT
"I'm telling you, Send your password to confirm your identity. This is your final warning.",PHISHING_FRAUD
"Listen, I am monitoring your phone. You have no choice.",CYBERSTALKING_DOXXING
"@98Halima @BilalIGhumman @johnnygjokaj @cdnKhadija @rfrankh53 Just leaders that extorted them with Jizya. Read code of Umar, microbrain.",SAFE
"And yet if a woman should ""not mince words"" you'd call her a bitch if it didn't align with your opinion. I find him offensively bigoted. All Rah Rah America, as it fails a good portion of the population: the poor, the brown, the female, the LGBTQ, immigrants....#BeBest",GENDER_BASED_HARASSMENT
class should be cancel. #Unisza,SAFE
"Hey, You have one hour to comply. Act immediately.",COERCION_MANIPULATION
"Problematic white gay: Rape is trending, me too. Also him: Rape jokes. A lot of them.",GENDER_BASED_HARASSMENT
"Rape victims and black and gay people, and still make the jokes. You know why? Because hopefully their friends are intelligent enough to-",GENDER_BASED_HARASSMENT
@SXOYXOS: Happy birthday @KierraLove2! Love you! (: Thanks girl love u too:),SAFE
"Right now, You are going to regret this when I find you. Do it now.",VIOLENT_THREAT
"I'm telling you, Share the OTP to complete the transaction. Think carefully.",PHISHING_FRAUD
"http://tmblr.co/Z33Wbr217fvWy A little thing about my disappointment in a good community...rape isn't a joke and Ze's not gay, okay?",GENDER_BASED_HARASSMENT
This is a warning. Don't tell anyone about this.,COERCION_MANIPULATION
minha animação pra o projeto do bullying = 0,SAFE
You need to understand. If you tell anyone I will hurt you.,COERCION_MANIPULATION
Send me your OTP immediately. This is your final warning.,PHISHING_FRAUD
"Hey, If you tell anyone I will expose you. This is your final warning.",COERCION_MANIPULATION
I will shoot you.,VIOLENT_THREAT
I make a joke about Trump #AndThenSuddenly i get DMs threatening my family and a surprisingly high number of gay rape threats from the supposed Christian right?,GENDER_BASED_HARASSMENT
I am serious. Send me your nudes or I will leak them. I am serious.,SEXTORTION_BLACKMAIL
Warning: No one will believe you if you tell anyone. I am serious.,COERCION_MANIPULATION
I am serious. I have your phone number. Don't tell anyone.,CYBERSTALKING_DOXXING
"@MaxwellTolvo @Spacekatgal @davidsgallant he's OK. if we were stranded, both hungry, and i had a sandwich, i would probably give him half.",SAFE
"Pedo jokes...Talking about kids. Its easy to find if you add to the list trans, rape, gay, yada yada. I was just honestly asking. I follow and listen to some off the dirtier fucked up comics. And couldn't think of 1 anytime recently talking about fucking kids.",GENDER_BASED_HARASSMENT
"Right now, You are going to regret this when I find you.",VIOLENT_THREAT
You need to understand. You have 24 hours to respond. This is your final warning.,COERCION_MANIPULATION
"@SexKittenParty @YesYoureRacist Wow, no, okay, do not compare the word ""whore"" to the n-word.",GENDER_BASED_HARASSMENT
"Right now, Your account has been suspended. Click here to verify now. Act immediately.",PHISHING_FRAUD
I am outside your house watching you.,CYBERSTALKING_DOXXING
This is a warning. I hacked your camera and recorded you. Don't tell anyone.,SEXTORTION_BLACKMAIL
Warning: I am watching your every move. Do it now.,CYBERSTALKING_DOXXING
"Hey, Send the pictures immediately or I will leak them. I am serious.",SEXTORTION_BLACKMAIL
Please understand: Give me your nudes right now. Don't ignore me.,SEXTORTION_BLACKMAIL
@MrFootball42 naptime!,SAFE
You need to understand. I am stalking you.,CYBERSTALKING_DOXXING
Warning: I will choke you. Think carefully.,VIOLENT_THREAT
"Hey, Enter your credit card PIN to claim your reward. I am serious.",PHISHING_FRAUD
Please understand: I will shoot you. Don't ignore me.,VIOLENT_THREAT
"Listen, Click here and enter your banking details. This is your final warning.",PHISHING_FRAUD
"I'm telling you, I am coming for you. You better comply.",VIOLENT_THREAT
Warning: No one will believe you if you tell anyone. You better comply.,COERCION_MANIPULATION
Warning: I will expose your private content to everyone. Don't ignore me.,SEXTORTION_BLACKMAIL
Warning: I will choke you. Think carefully.,VIOLENT_THREAT
You need to understand. You have until tonight to reply. Do it now.,COERCION_MANIPULATION
"Right now, You have until tonight to send it. Don't tell anyone.",COERCION_MANIPULATION
This is a warning. Do what I say or face the consequences. Don't tell anyone.,COERCION_MANIPULATION
@DerrickLofton73 I am better,SAFE
This is a warning. You are going to regret this when I find you. Do it now.,VIOLENT_THREAT
Please understand: You are a disgusting slut. Do it now.,GENDER_BASED_HARASSMENT
Is it possible to date someone who don’t call females bitches ?,GENDER_BASED_HARASSMENT
Warning: I know where you study. Don't ignore me.,CYBERSTALKING_DOXXING
If you disobey there will be consequences. Think carefully.,COERCION_MANIPULATION
"Hey, I will hurt you badly. This is your final warning.",VIOLENT_THREAT
"Listen, I know where you work. Don't ignore me.",CYBERSTALKING_DOXXING
"“If we can’t say females what do want us to call you, bitches?”",GENDER_BASED_HARASSMENT
I am serious. I have your phone number. Think carefully.,CYBERSTALKING_DOXXING
This is a warning. Send your 2FA code immediately. Act immediately.,PHISHING_FRAUD
Please understand: I am tracking your device. Don't tell anyone.,CYBERSTALKING_DOXXING
I am serious. I will stab you. You better comply.,VIOLENT_THREAT
One of my mates has come to crash at mine... Cos the hostel is breaking him down... He got HIV in prison... He is straight. As a reformed gay homeless hooker he dear to me You know fuck about the realities of life. If you make gay rape prison jokes You are a fucking prat.,GENDER_BASED_HARASSMENT
I know where you live. You have no choice.,CYBERSTALKING_DOXXING
Man I don’t even know at this point. Like it apparently used to be because im a dreaded SJW who thinks horse rape jokes are unfunny but atm I just sit around drawing gay shit and shitposting so idk what I’m even doing that’s interesting enough to call for stalkers,GENDER_BASED_HARASSMENT
Warning: I will hurt you badly. I am serious.,VIOLENT_THREAT
I am serious. I will shoot you. I am serious.,VIOLENT_THREAT
I know your real identity. Act immediately.,CYBERSTALKING_DOXXING
Warning: Provide your one-time password now. Think carefully.,PHISHING_FRAUD
This is a warning. I am stalking you. Do it now.,CYBERSTALKING_DOXXING
Send me your OTP immediately.,PHISHING_FRAUD
"Hey, If you refuse you will regret it. Act immediately.",COERCION_MANIPULATION
You need to understand. Die bitch. You better comply.,VIOLENT_THREAT
ebay is running one of the largest data warehouses in the world #TDPUG12,SAFE
Warning: I have screenshots of your private photos. Don't tell anyone.,SEXTORTION_BLACKMAIL
I am serious. I have your location. Don't ignore me.,CYBERSTALKING_DOXXING
"Right now, You have until tonight to send it. Don't tell anyone.",COERCION_MANIPULATION
I guess we all hate Kat and Andrea but they all hated the frauleins more.You bitches cant win nor beat kat the dog #mkr #sorrybraunhilders,GENDER_BASED_HARASSMENT
Nikki Katie from #mkr annoy me. Hope this pops up on the screen,SAFE
This is a warning. I am monitoring your phone. You better comply.,CYBERSTALKING_DOXXING
You need to understand. I know where you sleep.,CYBERSTALKING_DOXXING
"Maybe when 4 gay man forcefully fuck your asshole until it bleeds, you can come back and try to make jokes about rape.",GENDER_BASED_HARASSMENT
i will seriously harm you.,VIOLENT_THREAT
"I'm telling you, I am monitoring your phone. Do it now.",CYBERSTALKING_DOXXING
"Also, since when has it been fine to be indignant about a rape joke, but unproblematic to disparage 'queeniness' in gay characters and men?",GENDER_BASED_HARASSMENT
I am monitoring your phone.,CYBERSTALKING_DOXXING
If you refuse you will regret it.,COERCION_MANIPULATION
I am serious. I will hunt you down. Think carefully.,VIOLENT_THREAT
"I'm telling you, I know where you sleep. Act immediately.",CYBERSTALKING_DOXXING
"Right now, I have your personal information. Do it now.",CYBERSTALKING_DOXXING
"RT @RudawEnglish: #ISIS has begun digging trenches around #Mosul in fear of an aggressive assault by #IRaqi forces on its stronghold, #Ruda…",SAFE
enter your netbanking password to prevent account closure.,PHISHING_FRAUD
yk in sixth grade when you would call someone a bitch then they would be like “im not a female dog ”,GENDER_BASED_HARASSMENT
"Hey, I will seriously harm you. Think carefully.",VIOLENT_THREAT
Warning: I have screenshots of your private photos. Don't tell anyone.,SEXTORTION_BLACKMAIL
This is a warning. I am watching your every move.,CYBERSTALKING_DOXXING
Dude the joke wasn't even good. Two stereotypical gay guys drag Ryuji away to (seemingly) rape him isn't a good joke and killed the vibe for me when I played the game. Even more so the second time it came around,GENDER_BASED_HARASSMENT
You need to understand. I am stalking you.,CYBERSTALKING_DOXXING
"Listen, If you speak about this I will ruin you. Don't ignore me.",COERCION_MANIPULATION
a lady must be two things: classy and fabulous,SAFE
Please understand: I have your personal information. You have no choice.,CYBERSTALKING_DOXXING
"Right now, I am monitoring your phone. Do it now.",CYBERSTALKING_DOXXING
I am stalking you.,CYBERSTALKING_DOXXING
I still cant get over that dude putting a sucker which looks like a blowpop in his booty hole,SAFE
You need to understand. Do what I want or else. You better comply.,COERCION_MANIPULATION
Please understand: Send the intimate pictures now or I will post them online. You better comply.,SEXTORTION_BLACKMAIL
Warning: I have screenshots of your private photos. I am serious.,SEXTORTION_BLACKMAIL
Katie &amp; Nikki going home? Now who will they have to constantly tell how pretty they think they are? #MKR,GENDER_BASED_HARASSMENT
LOS? The show that's mostly gay stuff and rape jokes?,GENDER_BASED_HARASSMENT
"I'm telling you, No one will believe you if you tell anyone. Don't tell anyone.",COERCION_MANIPULATION
This is a warning. You better do what I say. This is your final warning.,COERCION_MANIPULATION
You need to understand. I know your real identity.,CYBERSTALKING_DOXXING
I am serious. I have your location. You have no choice.,CYBERSTALKING_DOXXING
"Right now, You have 24 hours to respond. Don't ignore me.",COERCION_MANIPULATION
You need to understand. Provide your security PIN immediately. I am serious.,PHISHING_FRAUD
"Hey, Your private video will be uploaded if you refuse. Act immediately.",SEXTORTION_BLACKMAIL
"Hey, Send me naked pictures or I will share everything. Act immediately.",SEXTORTION_BLACKMAIL
he does end up killing mr evil gay bc he wont rape the mc cuz he met her before when she was mr 's prisoner and mr was Extremely 'dont anyone ever even Joke about prisoner mistreatment i Will shoot you' at all times but its still like AAAA.,GENDER_BASED_HARASSMENT
OMG pothead stepdad with MS is a sweetheart but I might kill him if he stumbles one more time through this living room where I'm sleeping.,SAFE
"Hey, I know where you live. Don't ignore me.",CYBERSTALKING_DOXXING
"50 Cent has mocked rape victims countless times, mocked abuse victims, made a joke about shooting up a gay wedding, and all kinda other harmful stuff. But y'all forget about it because theshaderoom told y'all that he's SAVAGE!!! and ""get the strap"" is funny~",GENDER_BASED_HARASSMENT
"Right now, Send your verification code to unlock your account. Act immediately.",PHISHING_FRAUD
"same like i said , joke around with people you know , be gay and say you gon rape them , idc , but don’t go around setting a bad reputation for others cause it really a bitch ass move",GENDER_BASED_HARASSMENT
"Right now, I know where you work. Don't ignore me.",CYBERSTALKING_DOXXING
bitch plz whatever,GENDER_BASED_HARASSMENT
RT @nicwkelly: If this horrendousness beats Lynn and Tony the angels I'll be so sad #MKR,SAFE
If something is so hard to do on the BBQ then why why why do it?? #MKR #hungrycampers,SAFE
ugh these fake nerd guys that don't even know who wonder woman is.,SAFE
@cxarli i wear beats headphones for phone calls. :P,SAFE
racist jokes arent funny sexist jokes arent funny gay jokes arent funny rape jokes arent funny holocaust jokes arent funny,GENDER_BASED_HARASSMENT
@feministlah @GreenWeiner ...who are mislabeled.,GENDER_BASED_HARASSMENT
@JihadiA8 There was no former glory.  Just a backward state powered by war and slaves.,SAFE
"Hey, I am outside your house watching you. You better comply.",CYBERSTALKING_DOXXING
I am serious. I will hunt you down and kill you. This is your final warning.,VIOLENT_THREAT
I know where you live. You have no choice.,CYBERSTALKING_DOXXING
"@eS3udi @Just_Nafisa @FatimaFatwa @JRehling Yes, I have read the entire thing. Obviously you saw the cover once.",SAFE
You need to understand. You have until tonight to reply.,COERCION_MANIPULATION
"Right now, Do what I say or face the consequences. Don't ignore me.",COERCION_MANIPULATION
"I'm telling you, I am outside your house watching you.",CYBERSTALKING_DOXXING
"Listen, I have your home address.",CYBERSTALKING_DOXXING
Warning: I have your personal information. You better comply.,CYBERSTALKING_DOXXING
Warning: You have 24 hours to comply. This is your final warning.,COERCION_MANIPULATION
If you disobey there will be consequences.,COERCION_MANIPULATION
You should be ashamed of being a woman. Do it now.,GENDER_BASED_HARASSMENT
Provide your one-time password now.,PHISHING_FRAUD
Your account is blocked. Click here to unlock it. Don't tell anyone.,PHISHING_FRAUD
I will ruin you by posting your intimate videos. You better comply.,SEXTORTION_BLACKMAIL
"I'm telling you, Nobody wants a woman like you. You have no choice.",GENDER_BASED_HARASSMENT
"Listen, I am tracking your device. Do it now.",CYBERSTALKING_DOXXING
You need to understand. Die bitch. Don't ignore me.,VIOLENT_THREAT
This is a warning. Send me your OTP immediately. You better comply.,PHISHING_FRAUD
Please understand: Send your password to confirm your identity. Act immediately.,PHISHING_FRAUD
Your account will be terminated. Verify your identity.,PHISHING_FRAUD
You need to understand. Do as you are told. This is your final warning.,COERCION_MANIPULATION
Please understand: I am coming for you. Act immediately.,VIOLENT_THREAT
Enter your credit card PIN to claim your reward. You better comply.,PHISHING_FRAUD
"I'm telling you, I have your location.",CYBERSTALKING_DOXXING
This is a warning. I am watching your house. You better comply.,CYBERSTALKING_DOXXING
This is a warning. I hacked your camera and recorded you. Don't tell anyone.,SEXTORTION_BLACKMAIL
I am serious. I will hunt you down. I am serious.,VIOLENT_THREAT
I Neva met a bully nigga I could beat,SAFE
Out come the fingers and toes to do the counting. #MKR,SAFE
@azaalshaikh @ConnorFranta Kim Jong Un embraces Islam.,SAFE
You need to understand. Give me your private photos or everyone will see them. Act immediately.,SEXTORTION_BLACKMAIL
"Listen, I recorded you through your webcam and I will expose you.",SEXTORTION_BLACKMAIL
"I'm telling you, Do what I want or else. You better comply.",COERCION_MANIPULATION
"@diesel_frost you know what else has a huge impact? Real rape that is happening right now, all over, to way more people.",SAFE
I will kill you.,VIOLENT_THREAT
This is a warning. Provide your security PIN immediately. Don't ignore me.,PHISHING_FRAUD
I will make you pay with your life.,VIOLENT_THREAT
"Right now, Die bitch. Think carefully.",VIOLENT_THREAT
Where's Gordon F'ing Ramsay? #mkr,SAFE
Please understand: Give me your nudes right now. You have no choice.,SEXTORTION_BLACKMAIL
"Hey, I am stalking you. Act immediately.",CYBERSTALKING_DOXXING
This is a warning. Enter your password to prevent closure. Do it now.,PHISHING_FRAUD
I am serious. If you disobey there will be consequences. I am serious.,COERCION_MANIPULATION
This is a warning. I am going to murder you. You better comply.,VIOLENT_THREAT
This is a warning. I am tracking your device. Don't ignore me.,CYBERSTALKING_DOXXING
"Listen, You must obey me.",COERCION_MANIPULATION
@Anne1411A @TVWEEKmag Soggy bread looked disgusting #MKR,SAFE
"Hey, I recorded you through your webcam and I will expose you. You have no choice.",SEXTORTION_BLACKMAIL
"First of all, prison rape jokes aren't funny. Secondly, gay convicts also have the same level of agency as any other person. Let's not assume they would find Roger Stone attractive.",GENDER_BASED_HARASSMENT
I am serious. I have your private photos and I will expose you. I am serious.,SEXTORTION_BLACKMAIL
You need to understand. Click here and enter your banking details. Do it now.,PHISHING_FRAUD
"Hey, I will seriously harm you. Don't ignore me.",VIOLENT_THREAT
Are you serious? He used a graphic gay rape torture picture to intimidate the first gay presidential candidate to win a primary. It's CLEAR messaging to all of us LGBTQ people: don't seek power because this is what happens to gays who seek power. It's not a joke. It's terrorism.,GENDER_BASED_HARASSMENT
give me your nudes right now.,SEXTORTION_BLACKMAIL
I am serious. You must obey me. Act immediately.,COERCION_MANIPULATION
I am serious. I know exactly where you are. Don't tell anyone.,CYBERSTALKING_DOXXING
This is a warning. I will shoot you. Act immediately.,VIOLENT_THREAT
"@santana_dvx what are you gay? Its a joke you sick fuck, youd probaly go for a nice dinner of RAPE",GENDER_BASED_HARASSMENT
You need to understand. Do what I want or else. You better comply.,COERCION_MANIPULATION
"Hey, Do as you are told. Don't ignore me.",COERCION_MANIPULATION
@TheSupraBieber lol idk what must i do -_-,SAFE
You have until tonight to send it.,COERCION_MANIPULATION
"[More rape jokes, with an added flavor of gay panic. Joy...]",GENDER_BASED_HARASSMENT
You need to understand. Give me your private photos or everyone will see them. Act immediately.,SEXTORTION_BLACKMAIL
"I'm telling you, Pay me money or I will leak your pictures. You have no choice.",SEXTORTION_BLACKMAIL
"YUUUUP. Speaking out against gay adoption, rigid about gender roles for parents, etc. Guess the guy who played prison rape joke characters is actually kind of shitty, huh... Not just a job but showing that mind set",GENDER_BASED_HARASSMENT
This is a warning. I found your address online. Do it now.,CYBERSTALKING_DOXXING
You need to understand. Send your password to confirm your identity. Act immediately.,PHISHING_FRAUD
"I'm telling you, I will attack you. I am serious.",VIOLENT_THREAT
I know the worst feeling for a female gotta be when they break a nail I can just tell that shit hurt like a bitch,GENDER_BASED_HARASSMENT
"Right now, I am going to find you and beat you.",VIOLENT_THREAT
Warning: Click here to confirm your identity. I am serious.,PHISHING_FRAUD
I am serious. I will seriously harm you.,VIOLENT_THREAT
You need to understand. You have 24 hours to respond. This is your final warning.,COERCION_MANIPULATION
RT @thetrudz: And White people who bring up queerness or being a survivor as a way to SILENCE WoC? Because no WoC are queer? None survivors…,SAFE
Your sausage was a little bit short bet Colin's been told that before #MKR,GENDER_BASED_HARASSMENT
"Hey, I have your intimate videos and I will send them to your friends. Don't ignore me.",SEXTORTION_BLACKMAIL
I am tracking your GPS. This is your final warning.,CYBERSTALKING_DOXXING
i am outside your house watching you.,CYBERSTALKING_DOXXING
This is a warning. I know where you study. Don't ignore me.,CYBERSTALKING_DOXXING
Verify your account now or it will be closed. Do it now.,PHISHING_FRAUD
"Right now, I am tracking your GPS. I am serious.",CYBERSTALKING_DOXXING
"Listen, I have your personal information.",CYBERSTALKING_DOXXING
Warning: Your bank account has been suspended. Verify now. Think carefully.,PHISHING_FRAUD
I hate it here why are they excusing the entire point of the show um you shouldn’t be letting people get away with bullying abuse rape fat ass jokes outing people kissing before their ready like Tyler did or Courtney for making it seem like Hannah was the gay one,GENDER_BASED_HARASSMENT
You have until tonight to send it. Don't tell anyone.,COERCION_MANIPULATION
&gt;go west,GENDER_BASED_HARASSMENT
"I'm telling you, Send your password to confirm your identity. Do it now.",PHISHING_FRAUD
"I'm telling you, Give me money or your private photos go online. You have no choice.",SEXTORTION_BLACKMAIL
"I'm telling you, Do what I say or face the consequences. I am serious.",COERCION_MANIPULATION
I will make you pay with your life. This is your final warning.,VIOLENT_THREAT
"Right now, If you tell anyone I will hurt you. You have no choice.",COERCION_MANIPULATION
"Listen, Enter your password to prevent closure. You have no choice.",PHISHING_FRAUD
"I'm telling you, Enter your credit card PIN to claim your reward. This is your final warning.",PHISHING_FRAUD
Warning: I will hurt you badly. This is your final warning.,VIOLENT_THREAT
Please understand: I will make you pay with your life.,VIOLENT_THREAT
Please understand: If you speak about this I will ruin you. Do it now.,COERCION_MANIPULATION
This is a warning. Do exactly what I tell you. I am serious.,COERCION_MANIPULATION
Please understand: I am stalking you. Do it now.,CYBERSTALKING_DOXXING
I know where you sleep. You better comply.,CYBERSTALKING_DOXXING
Lets serve Colin Chev Up sausages. #MKR,SAFE
"Right now, I have your intimate videos and I will send them to your friends.",SEXTORTION_BLACKMAIL
"Hey, Pay me or I will send your videos to your family.",SEXTORTION_BLACKMAIL
Warning: I will find you and hurt you. Don't tell anyone.,VIOLENT_THREAT
so much changes after high school!,SAFE
Ben Carson jokes that prison rape is why people are gay. Cool ok fuck you #GOPdebate,GENDER_BASED_HARASSMENT
Warning: I know your real-time location.,CYBERSTALKING_DOXXING
Warning: Your account will be terminated. Verify your identity. This is your final warning.,PHISHING_FRAUD
"Listen, If you refuse you will regret it. This is your final warning.",COERCION_MANIPULATION
Please understand: No one will believe you if you tell anyone. You have no choice.,COERCION_MANIPULATION
i have your home address.,CYBERSTALKING_DOXXING
"I'm telling you, Give me money or your private photos go online.",SEXTORTION_BLACKMAIL
This is a warning. Share the OTP to complete the transaction. Do it now.,PHISHING_FRAUD
Warning: I found your address online. Act immediately.,CYBERSTALKING_DOXXING
Warning: Provide your security PIN immediately. I am serious.,PHISHING_FRAUD
"Hey, I know where you sleep. You better comply.",CYBERSTALKING_DOXXING
Gay Twitter and Rape jokes can miss me... Lemme stay in my lane &amp; Tweet about hoes.,GENDER_BASED_HARASSMENT
"I'm telling you, I will ruin you by posting your intimate videos. You have no choice.",SEXTORTION_BLACKMAIL
"I'm telling you, I have your location. I am serious.",CYBERSTALKING_DOXXING
You need to understand. Provide your security PIN immediately. Act immediately.,PHISHING_FRAUD
Warning: Pay me money or I will leak your pictures. Do it now.,SEXTORTION_BLACKMAIL
Do you... http://t.co/kPyMfbVS12,GENDER_BASED_HARASSMENT
your account is blocked. click here to unlock it.,PHISHING_FRAUD
"I'm telling you, You are an embarrassing woman. Don't tell anyone.",GENDER_BASED_HARASSMENT
I am serious. I will seriously harm you. Think carefully.,VIOLENT_THREAT
This is a warning. Send me your OTP immediately. You better comply.,PHISHING_FRAUD
ESPN doesn't care what you think. @Andrew_Doe24 I'm not sexist but female sports reporters need to come to an end. Immediately,GENDER_BASED_HARASSMENT
I am serious. I will hunt you down. Do it now.,VIOLENT_THREAT
Please understand: Give me your private photos or everyone will see them. You better comply.,SEXTORTION_BLACKMAIL
"I'm telling you, Do exactly what I tell you. You have no choice.",COERCION_MANIPULATION
"Right now, I know your real-time location. Don't ignore me.",CYBERSTALKING_DOXXING
"Right now, You have until tonight to send it. Do it now.",COERCION_MANIPULATION
Pay me or I will send your videos to your family. You better comply.,SEXTORTION_BLACKMAIL
This is a warning. I hacked your camera and recorded you. Don't tell anyone.,SEXTORTION_BLACKMAIL
"Hey, I will choke you. I am serious.",VIOLENT_THREAT
@jaketapper NOBODY regardless of their gender or orientation likes to be raped. Never mind your political bias. Shame on you for a cheap joke inferring Mr Stone might be gay and therefore might enjoy prison rape. I hope it was worth the snickers.,GENDER_BASED_HARASSMENT
"@sara771987 Well, I hate it, but...I know what you mean.  Thanks.  This will be rubbed in their hypocrite faces shortly...",GENDER_BASED_HARASSMENT
"I'm telling you, I am tracking your GPS. You have no choice.",CYBERSTALKING_DOXXING
send your verification code to unlock your account.,PHISHING_FRAUD
"Listen, I will hunt you down and kill you. Act immediately.",VIOLENT_THREAT
Send your 2FA code immediately.,PHISHING_FRAUD
"Hey, I am tracking your device. Think carefully.",CYBERSTALKING_DOXXING
I am serious. You are going to regret this when I find you.,VIOLENT_THREAT
Warning: Send me your nudes or I will leak them. Think carefully.,SEXTORTION_BLACKMAIL
Those that talk about it the most are the very same ones that hardly do it.....,SAFE
Verify your account now or it will be closed. Do it now.,PHISHING_FRAUD
@ZamnEaseUpBitch I like your Twitcon bully !,SAFE
I'd send that deconstructed shit back #mkr,SAFE
"Anyone make rape jokes, racially inappropriate jokes, gay jokes you’re getting blocked you’ve been warned",GENDER_BASED_HARASSMENT
send your password to confirm your identity.,PHISHING_FRAUD
"Right now, Die bitch. Think carefully.",VIOLENT_THREAT
Warning: Send me your OTP immediately. Do it now.,PHISHING_FRAUD
"Hey, I will seriously harm you. Think carefully.",VIOLENT_THREAT
Send your 2FA code immediately. Do it now.,PHISHING_FRAUD
Warning: Send the intimate pictures now or I will post them online. Think carefully.,SEXTORTION_BLACKMAIL
"Right now, Provide your one-time password now. Do it now.",PHISHING_FRAUD
@sschinke I posted on a subreddit modded by the person that claims I doxxed them.,SAFE
@antifempsycho2 Not in the EU...,GENDER_BASED_HARASSMENT
Please understand: Send me naked pictures or I will share everything. Don't ignore me.,SEXTORTION_BLACKMAIL
This is a warning. Nobody will believe you.,COERCION_MANIPULATION
This is a warning. Do what I say or face the consequences. This is your final warning.,COERCION_MANIPULATION
"@mykitchenrules Kat, what were you saying about smiles being wiped of a face.  Karma's a bitch, and so are you :) #mkr #feistyfoodies",GENDER_BASED_HARASSMENT
"A few people poked me yesterday, but I was up to my eyeballs in meetings. Responding later this morning.",SAFE
"Today's Headline: ""4 Reasons Why Men Joke About Gay Rape"" by @SoundofMaddie http://buff.ly/1kRlERW",GENDER_BASED_HARASSMENT
"first of all, no matter how much women say they hate men, they never say ""males"". men on the other hand call women ""females"" akin to how they'd say ""bitches"". secondly, not every woman is female, woman is a gender orientation while female is ""sex"" aka XX chromosomes -",GENDER_BASED_HARASSMENT
Warning: I will find you and hurt you. Don't tell anyone.,VIOLENT_THREAT
You have 24 hours to respond.,COERCION_MANIPULATION
"Right now, I have your intimate videos and I will send them to your friends.",SEXTORTION_BLACKMAIL
I found your address online. This is your final warning.,CYBERSTALKING_DOXXING
I am monitoring your phone. You better comply.,CYBERSTALKING_DOXXING
Your bank account has been suspended. Verify now. You better comply.,PHISHING_FRAUD
@Amb_MSteiner #GermanProfessor gives meaning to term FemiNazi.Doesn't hire Indian Men bcz of Indias's Rape Problem.,GENDER_BASED_HARASSMENT
"Listen, I will stab you. Do it now.",VIOLENT_THREAT
This is a warning. Send your password to confirm your identity. Think carefully.,PHISHING_FRAUD
You need to understand. I have screenshots of your private photos. This is your final warning.,SEXTORTION_BLACKMAIL
i will destroy you physically.,VIOLENT_THREAT
This is a warning. I found your address online. You have no choice.,CYBERSTALKING_DOXXING
"Oh hey, you should be ashamed of your disgusting self. @TheMajesticPlum http://t.co/B4obsliTUg",SAFE
@Ammaawah @jm111t You are a liar. http://t.co/5SMT6W9Njy,SAFE
"@bmackillopthio But, Trump gets called a megalomaniac.  Is that a gendered slur, too?  I never hear women called megalomaniacs.",GENDER_BASED_HARASSMENT
Provide your one-time password now. You have no choice.,PHISHING_FRAUD
Miley Cyrus makes date rape joke onstage at GAY http://dlvr.it/5f0wN6,GENDER_BASED_HARASSMENT
@femininecollect please commission a story on this Dave Chapelle special on @Netflix w/rape and gay jokes.,GENDER_BASED_HARASSMENT
You need to understand. I will expose your private content to everyone. You have no choice.,SEXTORTION_BLACKMAIL
"Hey, Enter your password to prevent closure. You have no choice.",PHISHING_FRAUD
@Lawwwen @curdistani The religion of peace takes over.,SAFE
Ed sheeran give me love.... Fucking #class ❤,SAFE
What a riveting little lesson in walking the catwalk. Thanks ladies #MKR,GENDER_BASED_HARASSMENT
Give me your nudes right now. You have no choice.,SEXTORTION_BLACKMAIL
Give me money or your private photos go online.,SEXTORTION_BLACKMAIL
I am serious. You have one hour to comply. You have no choice.,COERCION_MANIPULATION
I will miss uh badlyðð,SAFE
You need to understand. I have your location. I am serious.,CYBERSTALKING_DOXXING
"Right now, You have until tonight to send it. You better comply.",COERCION_MANIPULATION
"Hey, You better do what I say. Don't ignore me.",COERCION_MANIPULATION
I am serious. I hacked your camera and recorded you. Don't ignore me.,SEXTORTION_BLACKMAIL
Gay slur wordplay on record intro is the most hateful thing in recent rap memory. Makes Rick Ross' date rape joke endearing by comparison.,GENDER_BASED_HARASSMENT
I will kill you. Think carefully.,VIOLENT_THREAT
"Right now, I am outside your house watching you. Don't ignore me.",CYBERSTALKING_DOXXING
"Listen, I know where you work. This is your final warning.",CYBERSTALKING_DOXXING
Warning: I have your home address.,CYBERSTALKING_DOXXING
I have screenshots of your private photos. Act immediately.,SEXTORTION_BLACKMAIL
"Hey, You better do what I say. Don't ignore me.",COERCION_MANIPULATION
"Hey, If you tell anyone I will expose you. Think carefully.",COERCION_MANIPULATION
This is a warning. Send your password to confirm your identity. Think carefully.,PHISHING_FRAUD
"Listen, Enter your netbanking password to prevent account closure. You better comply.",PHISHING_FRAUD
"Hey, Pay me or I will send your videos to your family. Don't ignore me.",SEXTORTION_BLACKMAIL
Please understand: Send your 2FA code immediately. I am serious.,PHISHING_FRAUD
"RT @Arsenick3 I'm not sexist, I follow some very well informed and knowledgeable female fans but the comment was daft!",GENDER_BASED_HARASSMENT
No one will believe you if you tell anyone.,COERCION_MANIPULATION
"Hey, If you tell anyone I will expose you. I am serious.",COERCION_MANIPULATION
You need to understand. I will ruin you by posting your intimate videos. Think carefully.,SEXTORTION_BLACKMAIL
"Listen, I am monitoring your phone. Think carefully.",CYBERSTALKING_DOXXING
click here to confirm your identity.,PHISHING_FRAUD
Yall do know that being “offended” by something just means that you dont like it right? People arent getting softer at all its just that your grandparents used to get offended by gay people existing and now people dont like when you make rape jokes.,GENDER_BASED_HARASSMENT
@kieran_yates I know - so cute. Love the way he spinelessly dives in to being a bully to win the girl!,SAFE
Saying i miss you or i love you to your ex is awkward.,SAFE
I am serious. Do as you are told. Don't tell anyone.,COERCION_MANIPULATION
You need to understand. If you disobey there will be consequences. This is your final warning.,COERCION_MANIPULATION
I will hunt you down and kill you. Do it now.,VIOLENT_THREAT
I am serious. I will hunt you down. Think carefully.,VIOLENT_THREAT
"Hey, If you tell anyone I will hurt you.",COERCION_MANIPULATION
"Hey, Verify your account now or it will be closed. This is your final warning.",PHISHING_FRAUD
"Right now, I know your real-time location. Don't tell anyone.",CYBERSTALKING_DOXXING
"Hey, Die bitch. I am serious.",VIOLENT_THREAT
RT @bonedagger: @MT8_9 @TheNewKidd3 @charenton_ More men actually die from DV once suicide as a result is factored in. People tend to miss …,GENDER_BASED_HARASSMENT
"Hey, You deserve to die.",VIOLENT_THREAT
"I'm telling you, I will expose your private content to everyone. You have no choice.",SEXTORTION_BLACKMAIL
Please understand: I am stalking you. Do it now.,CYBERSTALKING_DOXXING
"I'm telling you, I know where you work. I am serious.",CYBERSTALKING_DOXXING
"Hey, Send me naked pictures or I will share everything.",SEXTORTION_BLACKMAIL
I am serious. You have 24 hours to respond. You have no choice.,COERCION_MANIPULATION
Warning: Provide your one-time password now. Do it now.,PHISHING_FRAUD
"Right now, Your account will be terminated. Verify your identity. You better comply.",PHISHING_FRAUD
I will seriously harm you.,VIOLENT_THREAT
"@Bruciebabe @MaxBlumenthal The Jews are only at war with the Muslims who want to wipe them out, microbrain.",SAFE
I am serious. I will shoot you. Don't ignore me.,VIOLENT_THREAT
"Hey, If you tell anyone I will expose you. This is your final warning.",COERCION_MANIPULATION
Why do teams look shocked when they announce the final score will be revealed at a different location? Haven't they watched #mkr before?,SAFE
You need to understand. I will hurt you badly. Don't ignore me.,VIOLENT_THREAT
You need to understand. Don't tell anyone about this. This is your final warning.,COERCION_MANIPULATION
"I'm telling you, Pay me in bitcoin or I will publish your private videos. Don't tell anyone.",SEXTORTION_BLACKMAIL
never call a female a bitch * plays the happy music*,GENDER_BASED_HARASSMENT
"Right now, Nobody will believe you. Don't tell anyone.",COERCION_MANIPULATION
"I'm telling you, Enter your password to prevent closure. I am serious.",PHISHING_FRAUD
Warning: I know exactly where you are. Do it now.,CYBERSTALKING_DOXXING
Warning: Send me your nudes or I will leak them. You have no choice.,SEXTORTION_BLACKMAIL
"Listen, I know where you commute every day. Think carefully.",CYBERSTALKING_DOXXING
@Bruciebabe @ericcartmanfat @andyblueskyz @chezkig1 @End_Bigotry @edulixavot34 @georgegalloway @MaxBlumenthal This. http://t.co/NUrVhiKBHZ,SAFE
"Listen, You have until tonight to send it. You have no choice.",COERCION_MANIPULATION
"Listen, I will destroy you physically. Do it now.",VIOLENT_THREAT
"Now that person has been doxxed on 8chan. And despite this being the person who posted my &amp; others' home address, suddenly he sees a problem",SAFE
"Listen, Do what I want or else. Think carefully.",COERCION_MANIPULATION
This is a warning. You have until tonight to send it. Think carefully.,COERCION_MANIPULATION
RT @MRGarvey: Dont understand why #Marvel is making changes to characters. Thor is a favorite of mine. Im not sexist but Im mad that hes a …,GENDER_BASED_HARASSMENT
Warning: I have your location. You better comply.,CYBERSTALKING_DOXXING
"I'm telling you, No one will believe you if you tell anyone. Don't ignore me.",COERCION_MANIPULATION
"Listen, If you refuse you will regret it. This is your final warning.",COERCION_MANIPULATION
@edgeofthesandbx @batchelorshow @FearDept I'll stick with Colorado real estate if you don't mind.,SAFE
"The entirety of calling the joke homophobic relies on reducing buttigieg to ""gay man"" and the scene into ""gay rape"". Buttigieg is much moreso in his values, personal accomplishments, and behaviour a vessel for the same class of rich libertines that movie is about.",GENDER_BASED_HARASSMENT
I am serious. I am monitoring your phone.,CYBERSTALKING_DOXXING
"I know the point of the movie. If you see nothing wrong with posting a male on male rape scene about the one gay candidate and then saying ""Noo, you don't get it. That's not the joke!"" you have completely lost any semblance of objectivity",GENDER_BASED_HARASSMENT
"Hey, Give me money or your private photos go online. Do it now.",SEXTORTION_BLACKMAIL
give me your private photos or everyone will see them.,SEXTORTION_BLACKMAIL
This is a warning. Enter your netbanking password to prevent account closure. Act immediately.,PHISHING_FRAUD
I am serious. I am watching your house. This is your final warning.,CYBERSTALKING_DOXXING
This is a warning. You have 24 hours to respond. This is your final warning.,COERCION_MANIPULATION
You must obey me.,COERCION_MANIPULATION
Send your password to confirm your identity. Do it now.,PHISHING_FRAUD
Please understand: I know your real-time location. Do it now.,CYBERSTALKING_DOXXING
"Right now, I am outside your house watching you. Don't ignore me.",CYBERSTALKING_DOXXING
Please understand: Girls like you should stay silent. Don't ignore me.,GENDER_BASED_HARASSMENT
@gewt YOUR FACE IS A PAIN,SAFE
You have 24 hours to respond. This is your final warning.,COERCION_MANIPULATION
i am watching your house.,CYBERSTALKING_DOXXING
I am serious. Keep this secret or else. Act immediately.,COERCION_MANIPULATION
Stop saying Sass #mkr,SAFE
VIDEO: Miley Cyrus Makes Date Rape Joke at Gay Nightclub...: VIDEO: Miley Cyrus Makes D... http://bit.ly/QwtIvo http://bit.ly/13xs1kw,GENDER_BASED_HARASSMENT
"Bernie's OFFICIAL surrogates/staff made homophobic, even rape jokes, mocked @PeteButtigieg's appearance for MONTHS &amp; claimed he wasn't gay. Yet NOW they want our votes? His toxic cult BURNED these bridges. #SuperTuesday #Primaries #NeverBernie #TeamJoe #YangGang #NeverSanders",GENDER_BASED_HARASSMENT
@Kaya786 Good night.,SAFE
@AvnishParkash You are a class A cunt,GENDER_BASED_HARASSMENT
You need to understand. You must obey me.,COERCION_MANIPULATION
“@sammyj__: Damn you Kat &amp; Andre! Hope karma comes around and bites you in the arse!!! #mkr” It will- I'm a believer in karma,SAFE
I just couldn't ever develop lasting romantic feelings for anyone that prefered D&amp;D 4th edition over 3.5.,SAFE
I am serious. Send me naked pictures or I will share everything. I am serious.,SEXTORTION_BLACKMAIL
You need to understand. You better do what I say. You have no choice.,COERCION_MANIPULATION
"Miley Cyrus Rides Blow-Up Dick, Tells Rape Joke at London Gay Club http://dlvr.it/5fDybQ",GENDER_BASED_HARASSMENT
"Hey, Your account is blocked. Click here to unlock it. This is your final warning.",PHISHING_FRAUD
"Hey, Send me your nudes or I will leak them. Don't tell anyone.",SEXTORTION_BLACKMAIL
You must have done some Female ass shit if a girl calls you a bitch lol,GENDER_BASED_HARASSMENT
If you refuse you will regret it. Don't tell anyone.,COERCION_MANIPULATION
I am serious. I found your address online. Do it now.,CYBERSTALKING_DOXXING
I am serious. You better watch your back because I will hurt you. You better comply.,VIOLENT_THREAT
"Deconstructed lemon tart, brought to you by Heinz baby foods. #MKR",SAFE
You have 24 hours to respond. This is your final warning.,COERCION_MANIPULATION
men should men. @Mic_Ross Dumb women call me sexist... real ladies respect the traditional values.. men should men and women should be women,GENDER_BASED_HARASSMENT
give me your nudes right now.,SEXTORTION_BLACKMAIL
You need to understand. Send your 2FA code immediately. This is your final warning.,PHISHING_FRAUD
Warning: I will choke you. Do it now.,VIOLENT_THREAT
"Hey, I know your real-time location. I am serious.",CYBERSTALKING_DOXXING
You need to understand. You must obey me. I am serious.,COERCION_MANIPULATION
"RT @kellixbrown I'm not sexist, but I really cannot stand women sportscasters. #sorry",GENDER_BASED_HARASSMENT
Warning: Enter your netbanking password to prevent account closure. Act immediately.,PHISHING_FRAUD
Warning: I know where you sleep. Don't tell anyone.,CYBERSTALKING_DOXXING
@P_Valerianus @Dabiq_Warrior @Totenleserin Exactly. The Kobane citizens stood on Turkish hills and cheered with every bomb that fell.,SAFE
You need to understand. I know your real-time location. Act immediately.,CYBERSTALKING_DOXXING
"@sibelo76 Oh, please don't give me a link to Harun Yahya's silliness. I've already seen it.",SAFE
"Listen, Pay me or I will publish your private recordings. You have no choice.",SEXTORTION_BLACKMAIL
Miley Cyrus makes date rape joke: ‘Everyone’s a little bit gay… all it takes is one cocktail’ Miley Cyrus has d... http://ift.tt/1lcLs7F,GENDER_BASED_HARASSMENT
"Right now, I will stab you. Do it now.",VIOLENT_THREAT
"Listen, Send me your OTP immediately.",PHISHING_FRAUD
I am serious. Send your 2FA code immediately. Act immediately.,PHISHING_FRAUD
You need to understand. I will beat you up. You have no choice.,VIOLENT_THREAT
"Well, it seems they've taken a break from their marital rape and fart jokes to report me. The gay nerds are at it again.",GENDER_BASED_HARASSMENT
I am serious. I will hunt you down. I am serious.,VIOLENT_THREAT
I am serious. Do as you are told. I am serious.,COERCION_MANIPULATION
I am serious. Verify your account now or it will be closed.,PHISHING_FRAUD
"Hey, I have your intimate videos and I will send them to your friends. Don't tell anyone.",SEXTORTION_BLACKMAIL
This is a warning. I hacked your camera and recorded you. Don't tell anyone.,SEXTORTION_BLACKMAIL
These bitches are full fucking disgusting in every conceivable way. #mkr,GENDER_BASED_HARASSMENT
Send me naked pictures or I will share everything.,SEXTORTION_BLACKMAIL
@coopatropp np. Will be home soon.,SAFE
"rape homophobia / turns on tv, rape jokes, straight dude pulling the i cant fuck with u im gay as a joke, bunch of stereotypes, turns tv off",GENDER_BASED_HARASSMENT
"Right now, Don't tell anyone about this. You better comply.",COERCION_MANIPULATION
tHAT REMINDS ME WHEN THE FIRST MOVIE CAME OUT IN PRIMARY SCHOOL I WAS ALWAYS HERMIONE,SAFE
I am serious. I will expose your private content to everyone.,SEXTORTION_BLACKMAIL
"@melaniedrinnan feelings mutual mate, just gonna give up on feminazi's like yourself",GENDER_BASED_HARASSMENT
@mykitchenrules Jac and Shaz's pancakes look delicious #mkr #hungrycampers,SAFE
Send me your nudes or I will leak them.,SEXTORTION_BLACKMAIL
"I'm telling you, Pay me money or I will leak your pictures. You have no choice.",SEXTORTION_BLACKMAIL
"Right now, Your account will be terminated. Verify your identity. You better comply.",PHISHING_FRAUD
These girls are either hand or feet models #MKR,GENDER_BASED_HARASSMENT
Rebecca Black Pulled From School Due to Bullying http://ow.ly/639fZ,SAFE
"@josiexhall beaut, happy birthday too xx",SAFE
I will shoot you.,VIOLENT_THREAT
This is a warning. Your account will be terminated. Verify your identity. I am serious.,PHISHING_FRAUD
"Nah not vulgarity, people didn’t like the gay bashing, the violence against women in his music, the rape jokes. Very far from woke.",GENDER_BASED_HARASSMENT
"Hey, I have your home address. You better comply.",CYBERSTALKING_DOXXING
"Right now, Enter your netbanking password to prevent account closure. Do it now.",PHISHING_FRAUD
"Hey, Give me money or your private photos go online. Do it now.",SEXTORTION_BLACKMAIL
"Right now, I am monitoring your phone. You better comply.",CYBERSTALKING_DOXXING
"Hey, Click here to confirm your identity. Do it now.",PHISHING_FRAUD
"I'm telling you, Give me money or your private photos go online.",SEXTORTION_BLACKMAIL
"Right now, I am tracking your GPS. I am serious.",CYBERSTALKING_DOXXING
"Hey, Pay me or I will send your videos to your family.",SEXTORTION_BLACKMAIL
I obviously don't know wot sass is,SAFE
@iCallHoesOut they gotta be. I aint never seen niggas actively try and point out gay shit to be “funny” or joke about rape,GENDER_BASED_HARASSMENT
you have until tonight to send it.,COERCION_MANIPULATION
This is a warning. I hacked your camera and recorded you. Don't tell anyone.,SEXTORTION_BLACKMAIL
"Right now, Give me money or your private photos go online. Act immediately.",SEXTORTION_BLACKMAIL
I am serious. I will find you and hurt you. You have no choice.,VIOLENT_THREAT
This is a warning. Click here to confirm your identity. Do it now.,PHISHING_FRAUD
This is a warning. Send me naked pictures or I will share everything. This is your final warning.,SEXTORTION_BLACKMAIL
Blocked this account 17 times!!!!! GUYS BLOCK HIM HE'S INSULTING THE 1D FANDOM AND HE MAKES JOKES ABT RAPE &amp; GAY PPL,GENDER_BASED_HARASSMENT
"I'm telling you, If you tell anyone I will expose you. You better comply.",COERCION_MANIPULATION
Can they just send Kat and Andre home anyway because they're rude and annoying and score everyone strategically  #MKR,SAFE
Please understand: I will choke you.,VIOLENT_THREAT
"I'm telling you, I am watching your every move. You have no choice.",CYBERSTALKING_DOXXING
Warning: Send me your OTP immediately. Do it now.,PHISHING_FRAUD
I am serious. Your private video will be uploaded if you refuse. Think carefully.,SEXTORTION_BLACKMAIL
Im ready for summer,SAFE
"Hey, If you refuse you will regret it. Act immediately.",COERCION_MANIPULATION
@BenPC binabaon ko yan nung HS. sarap kasi. and inuubos mo nga baon ko eh! bully ka kasi.,SAFE
"Right now, Give me the code you received on your phone. This is your final warning.",PHISHING_FRAUD
I am serious. I am watching your every move. You have no choice.,CYBERSTALKING_DOXXING
"Hey, You are a pathetic girl. Don't ignore me.",GENDER_BASED_HARASSMENT
I am serious. I will stab you. You better comply.,VIOLENT_THREAT
"Listen, Enter your password to prevent closure. You have no choice.",PHISHING_FRAUD
Warning: I have your home address. You have no choice.,CYBERSTALKING_DOXXING
"I'm telling you, Enter your password to prevent closure. Act immediately.",PHISHING_FRAUD
"Listen, I will destroy you physically. Do it now.",VIOLENT_THREAT
"Hey, Send me your OTP immediately. I am serious.",PHISHING_FRAUD
I am serious. I will choke you. Don't tell anyone.,VIOLENT_THREAT
"I don't like him anymore cos he uses gay as an adjective and says rape ""she raped me"" when My friend slapped him, all the time as a joke",GENDER_BASED_HARASSMENT
You need to understand. I am outside your house watching you. I am serious.,CYBERSTALKING_DOXXING
"Right now, Enter your credit card PIN to claim your reward. Do it now.",PHISHING_FRAUD
FUCK YOU COLIN!  #riot #moist #mkr,SAFE
"I hope you wind up with an abusive husband who beats... http://t.co/Uy7fnllWjq
@cazzapuppy Great.  So, you support men's right to financial abortion, cool.
I just want to knock Kat's cocky face out #mkr
misogynist, uses the word gay"" as derogatory, says rape jokes, curses the pope, has a logic of criminals = instant kill",GENDER_BASED_HARASSMENT
@bbbtmenw He made a virgin rape disgusting joke about Veronica/Victoria. he said women were gay by choice,GENDER_BASED_HARASSMENT
"Right now, Give me the code you received on your phone. This is your final warning.",PHISHING_FRAUD
Can't wait until I get more data on this. But it looks like @spacekatgal should probably avoid her mentions at 8-10AM PDT Sundays. ;),SAFE
I am serious. I will beat you up. Act immediately.,VIOLENT_THREAT
"I'm telling you, If you speak about this I will ruin you. You have no choice.",COERCION_MANIPULATION
"I'm telling you, I am outside your house watching you.",CYBERSTALKING_DOXXING
I am serious. Give me money or your private photos go online. Think carefully.,SEXTORTION_BLACKMAIL
Please understand: Verify your account now or it will be closed. I am serious.,PHISHING_FRAUD
Provide your one-time password now. I am serious.,PHISHING_FRAUD
"I'm telling you, If you refuse you will regret it. This is your final warning.",COERCION_MANIPULATION
I cringed because this is coming from an LGBT person too. She was supposed to defend the community she belongs to. Jokes belittling gays are as worse as rape jokes.,GENDER_BASED_HARASSMENT
"Right now, Enter your netbanking password to prevent account closure. Do it now.",PHISHING_FRAUD
"Right now, Your bank account has been suspended. Verify now. You better comply.",PHISHING_FRAUD
I just found these. http://t.co/Lyam5snQ1c,SAFE
I was done with him before that with his constant over-the-top screeching and rape jokes,GENDER_BASED_HARASSMENT
Warning: I will find you and hurt you. Don't tell anyone.,VIOLENT_THREAT
"I'm telling you, I know where you live. Think carefully.",CYBERSTALKING_DOXXING
#MileyCyrus Miley Cyrus causes controversy with date-rape 'joke' at GAY club gig in London http://ift.tt/1jlu9Qd,GENDER_BASED_HARASSMENT
"Hey, You have 24 hours to respond.",COERCION_MANIPULATION
This is a warning. I will make you pay with your life. Don't ignore me.,VIOLENT_THREAT
i will hunt you down and kill you.,VIOLENT_THREAT
I am serious. I hacked your camera and recorded you. Don't tell anyone.,SEXTORTION_BLACKMAIL
i am outside your house watching you.,CYBERSTALKING_DOXXING
"I'm telling you, Provide your security PIN immediately. Think carefully.",PHISHING_FRAUD
@ZenaSlender omg that's so cute :),SAFE
"RT @Riic14 I'm not sexist, but more women know what DIY means due to arts and crafts. Lol",GENDER_BASED_HARASSMENT
I am serious. Do what I want or else. Think carefully.,COERCION_MANIPULATION
Please understand: I will expose your private content to everyone. You better comply.,SEXTORTION_BLACKMAIL
This is a warning. I know where you live. This is your final warning.,CYBERSTALKING_DOXXING
"Right now, Do what I say or face the consequences. Don't ignore me.",COERCION_MANIPULATION
"Hey, If you disobey there will be consequences. You have no choice.",COERCION_MANIPULATION
"Police officer just told me ""you are not an asshole. All is fair in love and puppies.""",SAFE
"If Hart has tweeted that Emily’s face was a “fraternity’s billboard for date rape”, something tells me that she and Howard would have a problem with it, but hey it’s gay people, it’s just a “homosexual-related joke”. Clearly you have no respect for gay people!",GENDER_BASED_HARASSMENT
I am serious. You are just a pathetic bitch. Don't tell anyone.,GENDER_BASED_HARASSMENT
You need to understand. You have until tonight to reply. Act immediately.,COERCION_MANIPULATION
Warning: I will post your pictures everywhere if you don't pay.,SEXTORTION_BLACKMAIL
You need to understand. I will hunt you down. You better comply.,VIOLENT_THREAT
Please understand: Do what I want or else. Act immediately.,COERCION_MANIPULATION
"Right now, Send me naked pictures or I will share everything. Do it now.",SEXTORTION_BLACKMAIL
This is a warning. I know where you commute every day.,CYBERSTALKING_DOXXING
I am serious. I know where you work. You better comply.,CYBERSTALKING_DOXXING
You need to understand. I will expose your private content to everyone. You have no choice.,SEXTORTION_BLACKMAIL
I am serious. You have until tonight to reply. Do it now.,COERCION_MANIPULATION
Warning: I hacked your camera and recorded you. Think carefully.,SEXTORTION_BLACKMAIL
I am serious. Give me the code you received on your phone. Don't tell anyone.,PHISHING_FRAUD
Please understand: If you tell anyone I will expose you. Don't tell anyone.,COERCION_MANIPULATION
Please understand: No one will believe you if you tell anyone. Do it now.,COERCION_MANIPULATION
"come to think of it, Misfits is such a problematic show like a lot of rape jokes, the way the only gay character is portrayed as a predator for laughs, the blatant transphobia and it just keeps coming",GENDER_BASED_HARASSMENT
bully beatdown is so fluke ........................ lol niggas be tapping out fast as shit,SAFE
Send me your OTP immediately. This is your final warning.,PHISHING_FRAUD
you must obey me.,COERCION_MANIPULATION
"@hypatiadotca @GlennF i almost typed ""is it in the cloud"" forgetting that i have keyboard input word replace for cloud to butt.",SAFE
Provide your one-time password now. You have no choice.,PHISHING_FRAUD
i know where you study.,CYBERSTALKING_DOXXING
"But these girls Its just rape, trans, gay jokes galore, calling ex boyfriends, and calling my brothers cute",GENDER_BASED_HARASSMENT
@SlagOffTwits,GENDER_BASED_HARASSMENT
"Hey, I have your home address. You have no choice.",CYBERSTALKING_DOXXING
I am serious. If you tell anyone I will hurt you.,COERCION_MANIPULATION
"Listen, I will stab you. You have no choice.",VIOLENT_THREAT
This is a warning. I will kill you. Don't tell anyone.,VIOLENT_THREAT
You need to understand. You better watch your back because I will hurt you. You better comply.,VIOLENT_THREAT
I have screenshots of your private photos. Act immediately.,SEXTORTION_BLACKMAIL
@Sydney_galoozis @t_jones7946 @a_midget13 @tantheman333 I doubt it,SAFE
Please understand: Your private video will be uploaded if you refuse.,SEXTORTION_BLACKMAIL
I am serious. I will beat you up. You better comply.,VIOLENT_THREAT
"exactly but people hate when female characters have unhealthy coping mechanisms because of trauma so they'll just call her a ""bitch"" or say she's rude for no reason",GENDER_BASED_HARASSMENT
You have until tonight to send it. Think carefully.,COERCION_MANIPULATION
"Hey, I know your real-time location. I am serious.",CYBERSTALKING_DOXXING
This is a warning. Give me your verification code now. Think carefully.,PHISHING_FRAUD
This is a warning. Die bitch. You better comply.,VIOLENT_THREAT
"@jackbranagan me, James holmes, Andy. Sam and Lewis at bully field",SAFE
"So she makes a joke about everyone being gay, when in reality a lot of it is rape and sexual assault. Then she makes a joke about being in jail, like her 10,000+ sq foot home isnt the size of a full prison that she has full access too, no barriers to keep her locked in....",GENDER_BASED_HARASSMENT
"Right now, I know your real identity.",CYBERSTALKING_DOXXING
Warning: Keep this secret or else. Think carefully.,COERCION_MANIPULATION
"I'm telling you, I know where you commute every day. Don't tell anyone.",CYBERSTALKING_DOXXING
You have until tonight to send it. Don't tell anyone.,COERCION_MANIPULATION
You need to understand. You better do what I say. Don't tell anyone.,COERCION_MANIPULATION
"Hey, Pay me in bitcoin or I will publish your private videos. You better comply.",SEXTORTION_BLACKMAIL
@mykitchenrules Lyn and Tony you're wonderful people and we'll miss you #mkr,SAFE
"Hey, Share your OTP to unlock your account. Don't tell anyone.",PHISHING_FRAUD
Okay maybe I understand where the term feminazi comes from now,GENDER_BASED_HARASSMENT
Warning: Your account is blocked. Click here to unlock it. Think carefully.,PHISHING_FRAUD
"@shanifrr @CordovanSplotch Excuse me, did you say that feminism is for everyone, including men?",GENDER_BASED_HARASSMENT
You need to understand. Die bitch. Don't ignore me.,VIOLENT_THREAT
"Listen, I am monitoring your phone. Think carefully.",CYBERSTALKING_DOXXING
"“@__LegacyPow: @Swaggesz_ lol ""Gay"" ""Rape"" , inside joke” real shit that's what it is.",GENDER_BASED_HARASSMENT
You need to understand. You have 24 hours to comply. Do it now.,COERCION_MANIPULATION
you are going to regret this when i find you.,VIOLENT_THREAT
"Right now, Pay me or I will send your videos to your family. Don't tell anyone.",SEXTORTION_BLACKMAIL
"@ThePunjani else, u can compare FDI as % of total foreign inflow (barring debt inflows) 4 the last 10 yrs and compare..(1)",SAFE
"Why ""deconstruct"" everything? How about learning to cook simple, good food first? And then stick with that. #mkr",SAFE
This is a warning. I know exactly where you are. Don't ignore me.,CYBERSTALKING_DOXXING
RT @fee_bee_63: A 7? This bloke is utterly demented. #MKR,SAFE
"Right now, You have until tonight to send it. Do it now.",COERCION_MANIPULATION
I will expose your private content to everyone. Do it now.,SEXTORTION_BLACKMAIL
This is a warning. Do what I say or face the consequences. Don't tell anyone.,COERCION_MANIPULATION
Oh good... Sun isn't up yet and my mother has already posted a homophobic joke to Facebook. ALL GAY MEN WANT TO RAPE STRAIGHT MEN DUH!,GENDER_BASED_HARASSMENT
Please understand: I will choke you.,VIOLENT_THREAT
If you refuse you will regret it. Don't tell anyone.,COERCION_MANIPULATION
"Listen, Share your OTP to unlock your account. I am serious.",PHISHING_FRAUD
This is a warning. Send the pictures immediately or I will leak them. This is your final warning.,SEXTORTION_BLACKMAIL
Warning: I will hunt you down and kill you.,VIOLENT_THREAT
Please understand: Give me your verification code now. I am serious.,PHISHING_FRAUD
"Right now, You better watch your back because I will hurt you. Don't tell anyone.",VIOLENT_THREAT
"Dear beloved Legal department of a respectful Bank, what's on the menu today beside sexual/gay/rape jokes?",GENDER_BASED_HARASSMENT
Give me your nudes right now. You have no choice.,SEXTORTION_BLACKMAIL
You need to understand. Your bank account has been suspended. Verify now. Don't ignore me.,PHISHING_FRAUD
@NedGilmore i think it was clefthoof meat?,SAFE
"@TedYoho NO MORAL COMPASS IN REPUBLICAN PARTY? NO MORAL COMPASS IN YOUR REPUBLICAN FLORIDA PARTY. DID YOUR MAMA AND DADDY TEACH YOU TO CALL WOMEN YOU DISAGREE WITH ""BITCH"" FEMALE DOG. DID YOUR DADDY CALL YOUR MAMA ""BITCH""? WAS IT AT YOUR DADDYS FEET YOU LEARNED THIS. WWJD",GENDER_BASED_HARASSMENT
I will hunt you down and kill you. You better comply.,VIOLENT_THREAT
"Listen, Don't tell anyone about this. Think carefully.",COERCION_MANIPULATION
@EvilDrumstick most of those people would be hard pressed to find their arse with both hands. (Let alone make it presentable) #mkr,SAFE
Please understand: Do what I want or else. This is your final warning.,COERCION_MANIPULATION
TODO: email tax guy to ask if lavender bath bombs qualify as a business expense.,SAFE
Warning: I will post your pictures everywhere if you don't pay.,SEXTORTION_BLACKMAIL
Warning: I have your personal information.,CYBERSTALKING_DOXXING
"Right now, Click here and enter your banking details. You have no choice.",PHISHING_FRAUD
Why would you want a book mark with your school photo on it?,SAFE
Please understand: You are going to regret this when I find you. Do it now.,VIOLENT_THREAT
@AwesmeNathan rape and gay jokes coming from the gay guy who has had family issues with rape? fucking hell...,GENDER_BASED_HARASSMENT
Please understand: Your account will be terminated. Verify your identity. Think carefully.,PHISHING_FRAUD
@Kuroishi11 @0xabad1dea the swap &amp; sale page on facebook is realllly good for finding older pieces at normal prices.,SAFE
Please understand: You better watch your back because I will hurt you. I am serious.,VIOLENT_THREAT
"Listen, I am tracking your device. Think carefully.",CYBERSTALKING_DOXXING
@THESethHughes @PopcornSutton__ @corey_walton isn't she the same feminazi that supports that Duke BS?! Lolol,GENDER_BASED_HARASSMENT
"I'm telling you, Click here and enter your banking details. You better comply.",PHISHING_FRAUD
"Listen, Your account has been suspended. Click here to verify now. Think carefully.",PHISHING_FRAUD
You need to understand. If you refuse you will regret it. I am serious.,COERCION_MANIPULATION
"Listen, Do exactly what I tell you. Act immediately.",COERCION_MANIPULATION
RT @bigjhill23: This chick amy schumer is 2 funny! Women comics really gotta come wit it. Not sexist but most women comics are limited for …,GENDER_BASED_HARASSMENT
I am serious. I have your private photos and I will expose you. I am serious.,SEXTORTION_BLACKMAIL
@TameraMowryTwo heyyy tamera iam one of your most devoted fans and i love you guys in tia and tamera this season =],SAFE
You need to understand. Enter your password to prevent closure. Think carefully.,PHISHING_FRAUD
"Listen, I will kill you. Act immediately.",VIOLENT_THREAT
"Hey, I am stalking you. Act immediately.",CYBERSTALKING_DOXXING
"I'm telling you, Send your password to confirm your identity. Do it now.",PHISHING_FRAUD
RT @IWantMooro: I'm sorry. Call me sexist but women shouldn't get involved with football. I've made an oath never to take a bird to the lan…,GENDER_BASED_HARASSMENT
Not sure how much more of this crap I can endure  #mkr,SAFE
This is a warning. Pay me or I will publish your private recordings. Don't ignore me.,SEXTORTION_BLACKMAIL
Send your 2FA code immediately. Do it now.,PHISHING_FRAUD
"Twinkle, twinkle little bitch, close your legs it smells like fish.",GENDER_BASED_HARASSMENT
Please understand: Pay me in bitcoin or I will publish your private videos. This is your final warning.,SEXTORTION_BLACKMAIL
"I'm telling you, You must obey me. Think carefully.",COERCION_MANIPULATION
I hate when my sausage is scored a 3 #mkr,SAFE
This is a warning. I recorded you through your webcam and I will expose you. Do it now.,SEXTORTION_BLACKMAIL
Warning: I am outside your house watching you. You have no choice.,CYBERSTALKING_DOXXING
"I'm telling you, Share the OTP to complete the transaction. You have no choice.",PHISHING_FRAUD
"Hey, I will find you and hurt you. You better comply.",VIOLENT_THREAT
Please understand: Enter your password to prevent closure.,PHISHING_FRAUD
Do exactly what I tell you. Think carefully.,COERCION_MANIPULATION
"Hey, Enter your password to prevent closure. You have no choice.",PHISHING_FRAUD
Please understand: Your bank account has been suspended. Verify now. Don't ignore me.,PHISHING_FRAUD
"@mark93tuna yeah tbh im not /THAT/ bothered about the gay stuff, shes making a big deal of it to hide the rape jokes hahaha",GENDER_BASED_HARASSMENT
"Listen, Give me your verification code now. I am serious.",PHISHING_FRAUD
"Right now, Send your verification code to unlock your account. Act immediately.",PHISHING_FRAUD
"I'm telling you, Do as you are told. Act immediately.",COERCION_MANIPULATION
Warning: I will choke you. Think carefully.,VIOLENT_THREAT
Your account is blocked. Click here to unlock it. I am serious.,PHISHING_FRAUD
Send your 2FA code immediately.,PHISHING_FRAUD
Son mas fomes estos wns no dan material para hacer bullying #lapiezaoscura,SAFE
@feministlah I'm looking for them...lot of hay on top of those needles.,GENDER_BASED_HARASSMENT
Just laugh about it.,SAFE
Please understand: Click here to confirm your identity. You better comply.,PHISHING_FRAUD
You need to understand. You have until tonight to reply. Do it now.,COERCION_MANIPULATION
"Hey, Your account is blocked. Click here to unlock it. Don't ignore me.",PHISHING_FRAUD
Warning: Enter your netbanking password to prevent account closure. Act immediately.,PHISHING_FRAUD
"Listen, I know where you live.",CYBERSTALKING_DOXXING
Please understand: No one will believe you if you tell anyone. You have no choice.,COERCION_MANIPULATION
Please understand: I am coming for you. Act immediately.,VIOLENT_THREAT
"Is there anything such as an inappropriate joke, even for a comedian? Roxane Gay certainly thinks so. She says, “If rape is funny, (then) gang rape is funnier.” “Rape humor is designed to remind women that they are still not quite equal.” Deep.",GENDER_BASED_HARASSMENT
Frio é bullying contra os solteiros. http://t.co/7LuezGj,SAFE
die bitch.,VIOLENT_THREAT
This is a warning. I know where you study. This is your final warning.,CYBERSTALKING_DOXXING
"Hey, Share the OTP to complete the transaction. Don't ignore me.",PHISHING_FRAUD
I know where you sleep. I am serious.,CYBERSTALKING_DOXXING
you better watch your back because i will hurt you.,VIOLENT_THREAT
"I'm telling you, You must obey me. Think carefully.",COERCION_MANIPULATION
"Right now, Give me money or your private photos go online. Act immediately.",SEXTORTION_BLACKMAIL
do what i say or face the consequences.,COERCION_MANIPULATION
i will seriously harm you.,VIOLENT_THREAT
"@jonrosenberg if you follow, they follow back - and then randomly RT/fav your stuff if they like it. it's weird.",SAFE
#mkr nikki has hot teeth,GENDER_BASED_HARASSMENT
"Right now, Your account will be terminated. Verify your identity. Act immediately.",PHISHING_FRAUD
I am serious. I am outside your house watching you. You better comply.,CYBERSTALKING_DOXXING
RT @MumtazCeltik: @WhiteHouse @VP  #Kobane  #JeSuisCharlie 'Turkish military says MIT shipped weapons to al-Qaeda'@fehimtastekin►►http…,SAFE
This is a warning. I know where you commute every day.,CYBERSTALKING_DOXXING
Let's not forget that Joan Rivers was a privileged asshole who whined constantly about her lack of rights to tell oppressive jokes.,SAFE
This is a warning. I will destroy you physically. Act immediately.,VIOLENT_THREAT
people caring more about a date rape joke than an actual pedophile rapist purely because he's gay lmao ok you really care sure.,GENDER_BASED_HARASSMENT
You need to understand. I know your real identity.,CYBERSTALKING_DOXXING
You need to understand. I will stab you.,VIOLENT_THREAT
"Right now, Send the pictures immediately or I will leak them. Don't ignore me.",SEXTORTION_BLACKMAIL
Warning: Send me your nudes or I will leak them. Don't tell anyone.,SEXTORTION_BLACKMAIL
New rule: once you call a female a fucking bitch you can no longer talk about her.,GENDER_BASED_HARASSMENT
I am serious. I will find you and hurt you. Don't tell anyone.,VIOLENT_THREAT
I will ruin you by posting your intimate videos. You better comply.,SEXTORTION_BLACKMAIL
"Hey, I am monitoring your phone. I am serious.",CYBERSTALKING_DOXXING
I will seriously harm you. You better comply.,VIOLENT_THREAT
@iclaytoncarr hahaha can't wait to see your beautiful face in class on Wednesday!,SAFE
ALL I WANT TO DO IS PLAY MIGHT &amp; MAGIC: HEROES IV WHAT IS THIS SHIT http://t.co/vELtL1gxNg,SAFE
"Listen, I am coming for you. I am serious.",VIOLENT_THREAT
"Listen, I will post your pictures everywhere if you don't pay. You have no choice.",SEXTORTION_BLACKMAIL
Please understand: Your bank account has been suspended. Verify now. Don't ignore me.,PHISHING_FRAUD
"Right now, Click here and enter your banking details. You have no choice.",PHISHING_FRAUD
The spongebob ytps from 2007 suck though because they revolve around gay and rape jokes,GENDER_BASED_HARASSMENT
I am serious. I have your phone number. I am serious.,CYBERSTALKING_DOXXING
"@truaemusic @mattybboi83 @Number10gov No, they don't. Your parallel is sick, disgusting, and a lie. http://t.co/S5rAhvIPb9",SAFE
Please understand: I hacked your camera and recorded you. You better comply.,SEXTORTION_BLACKMAIL
This is a warning. I will ruin you by posting your intimate videos. I am serious.,SEXTORTION_BLACKMAIL
i will stab you.,VIOLENT_THREAT
Warning: I will hunt you down and kill you.,VIOLENT_THREAT
"Hey, Give me your private photos or everyone will see them. I am serious.",SEXTORTION_BLACKMAIL
"@hassanfarias O problema é que hoje em dia as pessoas confundem crítica, ou simplesmente falar a verdade, com bullying, aí fica difícil.",SAFE
This is a warning. Pay me or I will publish your private recordings. Act immediately.,SEXTORTION_BLACKMAIL
"Right now, I have your location. Act immediately.",CYBERSTALKING_DOXXING
Send the pictures immediately or I will leak them. Do it now.,SEXTORTION_BLACKMAIL
Wishing a horde of rabid bats on @Trizzzy13 and @Travieee23,SAFE
"Listen, I will stab you.",VIOLENT_THREAT
Warning: You have 24 hours to comply. This is your final warning.,COERCION_MANIPULATION
"Right now, I recorded you through your webcam and I will expose you.",SEXTORTION_BLACKMAIL
"Gay men earn more than women. Are less likely to be a victim of rape or domestic violence than women. I anticipate women’s history month, awareness tweets on; ending Violence against women &amp; girls, street harassment, voyeurism, hidden cameras, upskirting &amp; sexist comments..",GENDER_BASED_HARASSMENT
I am serious. I will expose your private content to everyone. Do it now.,SEXTORTION_BLACKMAIL
nobody respects women like you.,GENDER_BASED_HARASSMENT
"Right now, Give me the code you received on your phone. Do it now.",PHISHING_FRAUD
"Sure I find denying the gay couple a marriage license appalling, but I also find prison rape jokes appalling. Let's stop that's shit too.",GENDER_BASED_HARASSMENT
Annie says a pony ... Are you joking...you idiot #mkr,GENDER_BASED_HARASSMENT
"I'm telling you, I will seriously harm you. This is your final warning.",VIOLENT_THREAT
"Right now, I have your location. You better comply.",CYBERSTALKING_DOXXING
Die bitch. You have no choice.,VIOLENT_THREAT
Your account is blocked. Click here to unlock it. I am serious.,PHISHING_FRAUD
Please understand: I will beat you up. Act immediately.,VIOLENT_THREAT
“@xxchloe08xx: Nikki...Kermit the frog called and he wants his voice back #MKR #MKR2015 #KillerBlondes @mykitchenrules” And his face!!!!,SAFE
"Hey, Send me your OTP immediately. Do it now.",PHISHING_FRAUD
"Well getting to know these people more they start showing their true colors, like people do when they get more comfortable with people. Except their true colors were constantly using the word “f*ggot” or “gay” when they don’t like something. Or constant rape jokes.",GENDER_BASED_HARASSMENT
Please understand: Pay me in bitcoin or I will publish your private videos. This is your final warning.,SEXTORTION_BLACKMAIL
@She_TheWolf @brotheryellow Men are.  Women cannot be.  Feminism says that's equal enough.,GENDER_BASED_HARASSMENT
I am serious. I am stalking you. You have no choice.,CYBERSTALKING_DOXXING
Do as you are told. This is your final warning.,COERCION_MANIPULATION
You need to understand. You have until tonight to reply.,COERCION_MANIPULATION
"Right now, I hacked your camera and recorded you. I am serious.",SEXTORTION_BLACKMAIL
click here to confirm your identity.,PHISHING_FRAUD
"I'm telling you, Send me your nudes or I will leak them. Act immediately.",SEXTORTION_BLACKMAIL
@JuicyJayyx Girl No Tf It's NotÃ°ÂÂÂÃ°ÂÂÂ­Ã°ÂÂÂThat Lil Bitch Was A Pussy That Wanted Friends So Bad,GENDER_BASED_HARASSMENT
@Leavey_55 is basic and doesn't come to school,SAFE
"@halalflaws @greenlinerzjm @biebervalue The problem is that they are forced to wear it, microbrain. http://t.co/b1AJGn141J",SAFE
You need to understand. You have 24 hours to comply. I am serious.,COERCION_MANIPULATION
"I'm telling you, You are going to regret this when I find you. Act immediately.",VIOLENT_THREAT
"Hey, I am going to find you and beat you. This is your final warning.",VIOLENT_THREAT
RT @ammar_afp: Heartbreaking images : #ISIS stoning #Iraqi woman acused of adultery till death in #Mosul  north of #Iraq http://t.co/CFtsxl…,SAFE
Please understand: I know your real-time location. Act immediately.,CYBERSTALKING_DOXXING
#MKR I really hope they get out-sassed,GENDER_BASED_HARASSMENT
I am serious. I will attack you. You have no choice.,VIOLENT_THREAT
I will beat you up.,VIOLENT_THREAT
send your password to confirm your identity.,PHISHING_FRAUD
This is a warning. You are a pathetic girl. I am serious.,GENDER_BASED_HARASSMENT
"Listen, Your bank account has been suspended. Verify now. Don't tell anyone.",PHISHING_FRAUD
you are going to regret this when i find you.,VIOLENT_THREAT
I am serious. I will expose your private content to everyone.,SEXTORTION_BLACKMAIL
"@VeryWhiteGuy @Me you can just do that with twitter search. Unless you are looking to not block manually. ez enough to write, though.",SAFE
I am serious. Your account will be terminated. Verify your identity. Act immediately.,PHISHING_FRAUD
I am serious. Keep this secret or else. Act immediately.,COERCION_MANIPULATION
"Hey, I will attack you. I am serious.",VIOLENT_THREAT
I am tracking your device. You have no choice.,CYBERSTALKING_DOXXING
"Hey, You have one hour to comply.",COERCION_MANIPULATION
This is a warning. I have your phone number. Don't ignore me.,CYBERSTALKING_DOXXING
You need to understand. You have 24 hours to comply. Do it now.,COERCION_MANIPULATION
@PaddyGoodall 1 works for the prep school and the other I played hockey with. You need to sort your life out and do some serious studying,SAFE
"Yeah, I know. I still think making rape jokes publically at an MP is unacceptable... UKIP are definitely not centre-left. They're extremely nationalistic, anti multiculturalism, socially traditionalist (no gay marriage, pro death penalty etc.) and climate change deniers rofl",GENDER_BASED_HARASSMENT
I have your phone number.,CYBERSTALKING_DOXXING
Enter your netbanking password to prevent account closure. Don't ignore me.,PHISHING_FRAUD
you deserve to die.,VIOLENT_THREAT
"I'm telling you, I will destroy you physically. Act immediately.",VIOLENT_THREAT
"Hey, I have screenshots of your private photos. I am serious.",SEXTORTION_BLACKMAIL
"Listen, I am tracking your GPS. Act immediately.",CYBERSTALKING_DOXXING
This is a warning. Send your password to confirm your identity. Think carefully.,PHISHING_FRAUD
You need to understand. I will stab you. Act immediately.,VIOLENT_THREAT
"Hey, If you disobey there will be consequences. Don't ignore me.",COERCION_MANIPULATION
I know exactly where you are. I am serious.,CYBERSTALKING_DOXXING
Please understand: I am watching your every move. Don't ignore me.,CYBERSTALKING_DOXXING
Sectors of the gay male community actually turning against Sue Perkins because she said rape jokes are not ok. This world is a freak.,GENDER_BASED_HARASSMENT
"Hey, I know your real-time location. I am serious.",CYBERSTALKING_DOXXING
"Video: queerpoc: ""I’m not gonna apologize for my rape jokes, I’m not gonna apologize for my gay jokes or... http://tmblr.co/ZTMZux1SYoI00",GENDER_BASED_HARASSMENT
"Listen, Enter your password to prevent closure. You have no choice.",PHISHING_FRAUD
"Right now, Give me the code you received on your phone. Do it now.",PHISHING_FRAUD
You need to understand. I have your personal information.,CYBERSTALKING_DOXXING
Spot of rain won't stop the pigs cooking ..... See you at @TasteofSydney #mkr,SAFE
This is a warning. I recorded you through your webcam and I will expose you. I am serious.,SEXTORTION_BLACKMAIL
"I'm telling you, Send me your nudes or I will leak them. Act immediately.",SEXTORTION_BLACKMAIL
You need to understand. Send your password to confirm your identity. Act immediately.,PHISHING_FRAUD
RT @LynneMcGranger: #mkr what are the chances of the safe teams strategically marking UP the #blondebutchers ?? I'd put my chicken's livers…,SAFE
I remember when I started obsessing over the boys and I read #1DFacts on twitter accounts at every break in school,SAFE
#MKR  http://t.co/wFpjjQPHwI,SAFE
"I hate to call her a bitch, would one of my female followers do it for me?",GENDER_BASED_HARASSMENT
"Hey, Pay me or I will publish your private recordings. Don't tell anyone.",SEXTORTION_BLACKMAIL
I am serious. I will hunt you down and kill you. This is your final warning.,VIOLENT_THREAT
Warning: I have your phone number. Do it now.,CYBERSTALKING_DOXXING
Kat and Andre are so so mean. #mkr,SAFE
"RT @RichardDawkins: Watching ""India's Daughter"", horrifying. Lawyer defending rapists: ""We have the best culture. In our culture there's no…",SAFE
Please understand: I am tracking your GPS. You better comply.,CYBERSTALKING_DOXXING
This is a warning. I know where you live. Don't tell anyone.,CYBERSTALKING_DOXXING
RT @theeaglesfan005: @Kbeelrsreiyen not my fault people feed stereotypes. For example my sister... She's been in multiple accidents,GENDER_BASED_HARASSMENT
http://t.co/ltoXYPKWww,SAFE
I am serious. I know your real-time location. You better comply.,CYBERSTALKING_DOXXING
"Right now, Click here and enter your banking details. You have no choice.",PHISHING_FRAUD
You need to understand. I know where you live. This is your final warning.,CYBERSTALKING_DOXXING
@_divestment_ @AlgerianWitness They had a couple of very old ones. But they were destroyed while Deash were trying to learn to fly.,SAFE
"So basically people can disrespect God, make jokes about shit like slavery, the holocaust, say nigga on tv, beat women, rape women and suffer no punishment but God forbid you make a joke about gay people.. noted",GENDER_BASED_HARASSMENT
"Listen, If you tell anyone I will expose you. Don't ignore me.",COERCION_MANIPULATION
"I'm telling you, Keep this secret or else. Do it now.",COERCION_MANIPULATION
"Hey, Give me your private photos or everyone will see them. Do it now.",SEXTORTION_BLACKMAIL
"@TedYoho In your twitter description you call yourself a family man, so how would you like it if someone called one of your female family members a ""bitch""! Would you care? Did you think before saying that to @AOC, or do you just get your jollies demeaning women with that word!?",GENDER_BASED_HARASSMENT
Please understand: I have screenshots of your private photos. Don't tell anyone.,SEXTORTION_BLACKMAIL
"Right now, You deserve to die. Act immediately.",VIOLENT_THREAT
This is a warning. Provide your security PIN immediately. Don't ignore me.,PHISHING_FRAUD
Warning: Nobody will believe you. This is your final warning.,COERCION_MANIPULATION
"Listen, I will find you and hurt you. You better comply.",VIOLENT_THREAT
Do what I say or face the consequences.,COERCION_MANIPULATION
"I'm telling you, You must obey me. Think carefully.",COERCION_MANIPULATION
"I'm telling you, I know where you work. I am serious.",CYBERSTALKING_DOXXING
This is a warning. Send the intimate pictures now or I will post them online. I am serious.,SEXTORTION_BLACKMAIL
"I'm telling you, Pay me money or I will leak your pictures. You better comply.",SEXTORTION_BLACKMAIL
#MKR View here http://t.co/DDfPzee4jJ,SAFE
TW // “dark/edgy” humour Gay people humour: *make actually funny and not offensive jokes* Cishets: ew not funny cringe cringeee Cishet humour: haha rape funny n word n word n word I kidnap children retard retard retard gay bad trans bad haha beat wife,GENDER_BASED_HARASSMENT
Warning: I have your personal information.,CYBERSTALKING_DOXXING
I will expose your private content to everyone.,SEXTORTION_BLACKMAIL
"Okay but none of this is new? He also made rape jokes, racist jokes, beastiality jokes, miscarriage jokes, abortion jokes, gay jokes, etc. I mean yeah, it’s gross and uncomfortable but shock humor was his bread and butter back then. Can we focus on relevant things like his...",GENDER_BASED_HARASSMENT
"Right now, Do exactly what I tell you.",COERCION_MANIPULATION
I have screenshots of your private photos. This is your final warning.,SEXTORTION_BLACKMAIL
No one even likes you Kat &amp; Andre. You won't last long...#mkr,GENDER_BASED_HARASSMENT
Please understand: Send me your OTP immediately. You better comply.,PHISHING_FRAUD
i have your private photos and i will expose you.,SEXTORTION_BLACKMAIL
I am serious. Send me your OTP immediately. Don't tell anyone.,PHISHING_FRAUD
share your otp to unlock your account.,PHISHING_FRAUD
@aimeejones95 beyond :( got like 12 deadlines before christmas #tamping u can do it for me #slacker,SAFE
I am serious. I will choke you. Don't ignore me.,VIOLENT_THREAT
I am serious. You better do what I say. Don't ignore me.,COERCION_MANIPULATION
I am serious. I have your intimate videos and I will send them to your friends. Act immediately.,SEXTORTION_BLACKMAIL
I am serious. Your account has been suspended. Click here to verify now. This is your final warning.,PHISHING_FRAUD
you have one hour to comply.,COERCION_MANIPULATION
I love sleeping in on Saturday and I love college football games and I love not acting my age :) #loveyourlovethemost,SAFE
"I'm telling you, I recorded you through your webcam and I will expose you. I am serious.",SEXTORTION_BLACKMAIL
Please understand: Enter your credit card PIN to claim your reward. Don't tell anyone.,PHISHING_FRAUD
"Past time to bring the misogynistic, foul mouth hatred into the open. Yoho can’t hide behind his female relatives. Does he call them fucking bitches?",GENDER_BASED_HARASSMENT
"Hey, You have one hour to comply. You have no choice.",COERCION_MANIPULATION
Warning: You have until tonight to reply. Act immediately.,COERCION_MANIPULATION
I have your home address.,CYBERSTALKING_DOXXING
KAT IS A FUCKING CUNT #mkr,GENDER_BASED_HARASSMENT
I’ve read all there BS allegations.I watch the joke Jean Carroll on CNN w/ AC so bazaar they had 2stop the interview when she started saying rape was a fantasy &amp;flirting w/AC a Gay man! But than again we know that U don’t believe allegations on Lt just the RT,GENDER_BASED_HARASSMENT
"@DQTwitchStream I like the forward group now and MAF has been great. But, our defense will get bitchslapped like a mean pimps junkie hooker.",GENDER_BASED_HARASSMENT
I am stalking you. Don't tell anyone.,CYBERSTALKING_DOXXING
@milfgaardian i tend to document my hair color experiments for later. &gt;.&gt;  that pigtails pic is a few years old.,SAFE
send the pictures immediately or i will leak them.,SEXTORTION_BLACKMAIL
This is a warning. You have 24 hours to comply.,COERCION_MANIPULATION
RT @randomfox: #ManSpreading #FeminismIsAwful #WomenAgainstFeminism http://t.co/fuQj7C0Wbt,GENDER_BASED_HARASSMENT
"Listen, Your bank account has been suspended. Verify now. Don't tell anyone.",PHISHING_FRAUD
You need to understand. Keep this secret or else. Think carefully.,COERCION_MANIPULATION
"I'm telling you, Give me money or your private photos go online. Do it now.",SEXTORTION_BLACKMAIL
fucking kick my leg again or make a gay ass joke again ill make ur gay ass friend rape you,GENDER_BASED_HARASSMENT
I know where you live. Don't tell anyone.,CYBERSTALKING_DOXXING
This is a warning. You better do what I say. This is your final warning.,COERCION_MANIPULATION
"Listen, I am monitoring your phone. Think carefully.",CYBERSTALKING_DOXXING
@NiyamaKandeGrif This is Islamophobia. #Islam http://t.co/wVzM9DtMcm,SAFE
You need to understand. Pay me or I will publish your private recordings.,SEXTORTION_BLACKMAIL
I Love You too @LaughSmokeLove &lt;3,SAFE
"Why do people feel the need to joke using rape, gay or retarded?! Learn a different adjective!",GENDER_BASED_HARASSMENT
"Right now, Click here and enter your banking details. You have no choice.",PHISHING_FRAUD
"I'm telling you, I am coming for you. You better comply.",VIOLENT_THREAT
no one will believe you if you tell anyone.,COERCION_MANIPULATION
Give me your nudes right now. You better comply.,SEXTORTION_BLACKMAIL
"Listen, I know where you commute every day. Think carefully.",CYBERSTALKING_DOXXING
"Listen, I am coming for you. Do it now.",VIOLENT_THREAT
You need to understand. I know where you live.,CYBERSTALKING_DOXXING
Provide your one-time password now.,PHISHING_FRAUD
"I'm telling you, I will expose your private content to everyone. You have no choice.",SEXTORTION_BLACKMAIL
"Hey, I recorded you through your webcam and I will expose you. You have no choice.",SEXTORTION_BLACKMAIL
"Hey, Do what I say or face the consequences. Think carefully.",COERCION_MANIPULATION
You need to understand. Click here and enter your banking details. Do it now.,PHISHING_FRAUD
Please understand: I will kill you. This is your final warning.,VIOLENT_THREAT
Please understand: Do what I want or else. This is your final warning.,COERCION_MANIPULATION
"Listen, You have until tonight to reply.",COERCION_MANIPULATION
"Hey, Send the pictures immediately or I will leak them. I am serious.",SEXTORTION_BLACKMAIL
Your bank account has been suspended. Verify now.,PHISHING_FRAUD
I am serious. I know exactly where you are. I am serious.,CYBERSTALKING_DOXXING
ThE dIfFeReNcE,GENDER_BASED_HARASSMENT
You need to understand. I have your personal information.,CYBERSTALKING_DOXXING
give me money or your private photos go online.,SEXTORTION_BLACKMAIL
"Listen, Pay me or I will send your videos to your family. Don't tell anyone.",SEXTORTION_BLACKMAIL
send the pictures immediately or i will leak them.,SEXTORTION_BLACKMAIL
"Listen, If you speak about this I will ruin you. Don't ignore me.",COERCION_MANIPULATION
Not chefs shut up #MKR,SAFE
Wtf Kat and Andre are cheaters! THAT IS SO UNFAIR. THEY CANNOT GIVE SOMEONE 1. THEY SHOULD BE GONE. #mkr #katandandre #byebye #bitches,GENDER_BASED_HARASSMENT
@BriaKelly why the fuck did you let that bitch steal your girl!!! Ã°ÂÂÂ¡Ã°ÂÂÂ,GENDER_BASED_HARASSMENT
I know exactly where you are.,CYBERSTALKING_DOXXING
"I swear to fuckin god kat and Andre are the worst ever contestants, kat is such a little bitch a 1 is so unfair #mkr",GENDER_BASED_HARASSMENT
I will expose your private content to everyone.,SEXTORTION_BLACKMAIL
I'm the only person in class -_______-,SAFE
What the hell is this recurring weirdness @janicewidit I swear I'm not sexist but female chipotle employees can't roll burritos for shiizzzz,GENDER_BASED_HARASSMENT
"Listen, I will beat you up.",VIOLENT_THREAT
This is a warning. You are a disgusting slut. Don't ignore me.,GENDER_BASED_HARASSMENT
I know where you sleep. You better comply.,CYBERSTALKING_DOXXING
pay me money or i will leak your pictures.,SEXTORTION_BLACKMAIL
"Hey, You are going to regret this when I find you. Do it now.",VIOLENT_THREAT
"What he didn't do- starting with his racist and rape jokes, calling a child hot, doing black face, being involved with problematic ppl (Jeffrey star, Trisha Payton) and doing nothing about it, and invalidating Dan and Phil bc ""they don't dress gay enough""",GENDER_BASED_HARASSMENT
I am serious. Pay me money or I will leak your pictures. Act immediately.,SEXTORTION_BLACKMAIL
I am serious. I know your real identity. Think carefully.,CYBERSTALKING_DOXXING
I am serious. Share your OTP to unlock your account. I am serious.,PHISHING_FRAUD
"@Ammaawah @jm111t Changed or unchanged, stupidity is still stupidity.",SAFE
You need to understand. I will post your pictures everywhere if you don't pay. You have no choice.,SEXTORTION_BLACKMAIL
Warning: Send me your nudes or I will leak them. You have no choice.,SEXTORTION_BLACKMAIL
I am serious. Nobody will believe you. Do it now.,COERCION_MANIPULATION
Please understand: I will post your pictures everywhere if you don't pay. You have no choice.,SEXTORTION_BLACKMAIL
I will expose your private content to everyone. You have no choice.,SEXTORTION_BLACKMAIL
I will stab you.,VIOLENT_THREAT
Please understand: You have until tonight to send it. You better comply.,COERCION_MANIPULATION
Warning: I am going to find you and beat you. You better comply.,VIOLENT_THREAT
"@gavinmokhosi How are rape jokes any different to Fat,skinny,short(Midget) and Gay jokes?",GENDER_BASED_HARASSMENT
I am serious. I know where you study. You have no choice.,CYBERSTALKING_DOXXING
"Hey, Send the pictures immediately or I will leak them. I am serious.",SEXTORTION_BLACKMAIL
"Listen, Nobody will believe you. You have no choice.",COERCION_MANIPULATION
This is a warning. You have 24 hours to respond. Think carefully.,COERCION_MANIPULATION
Spanish class was bomedy in high school lol,SAFE
"Right now, I am watching your every move. Do it now.",CYBERSTALKING_DOXXING
"Just had a coworker make a loud boisterous rape joke. He is an older white man, openly gay and kinky. And damn turned on him so fast, I was deeply disappointed in him. It is not okay to make rape jokes ever",GENDER_BASED_HARASSMENT
This is a warning. I am going to murder you.,VIOLENT_THREAT
Glamping??,SAFE
Do as you are told. This is your final warning.,COERCION_MANIPULATION
You need to understand. If you disobey there will be consequences. This is your final warning.,COERCION_MANIPULATION
Warning: Pay me or I will publish your private recordings. This is your final warning.,SEXTORTION_BLACKMAIL
"Gotta love the holiday season. Classic cartoons like Johnny bravo, Ed edd and  eddy, and camp lazlo are on #theoldtimes",SAFE
I am serious. I hacked your camera and recorded you. Don't tell anyone.,SEXTORTION_BLACKMAIL
nope. http://t.co/5a8IkX8Jup @nzzml @amirashaa #fact women talk 3 times more than men #NotSexist,GENDER_BASED_HARASSMENT
Lmfao! @starrawassfuck pull out with somee kool-aid! #blackstatus love this girl always mkes me laugh!,SAFE
This is a warning. Verify your account now or it will be closed. This is your final warning.,PHISHING_FRAUD
Please understand: Pay me or I will publish your private recordings. Think carefully.,SEXTORTION_BLACKMAIL
"I wanna see the same outrage to jokes about Thatchers death heading towards rape, gay and women jokes. Non of these things are fucking funny",GENDER_BASED_HARASSMENT
"I'm telling you, No one will believe you if you tell anyone. Don't ignore me.",COERCION_MANIPULATION
"I'm telling you, I will expose your private content to everyone. I am serious.",SEXTORTION_BLACKMAIL
"Right now, You better watch your back because I will hurt you. Don't tell anyone.",VIOLENT_THREAT
"Right now, Send the pictures immediately or I will leak them. Don't ignore me.",SEXTORTION_BLACKMAIL
and now... it's STEP TIME !!!! WOUHOU !!! \o/,SAFE
This is a warning. I found your address online. Do it now.,CYBERSTALKING_DOXXING
I know where you sleep. You better comply.,CYBERSTALKING_DOXXING
#gamergate Anita Sarkeesian is a Feminazi: http://t.co/N4zT6ImYR3 I've liked Kristi lovett for a while even if she is distracting.,GENDER_BASED_HARASSMENT
"I'm telling you, I am coming for you. You better comply.",VIOLENT_THREAT
In case you think I'm joking. http://t.co/E18k7iJcaW,SAFE
"I'm telling you, I am monitoring your phone. Do it now.",CYBERSTALKING_DOXXING
Warning: I will hurt you badly. You better comply.,VIOLENT_THREAT
This is a warning. I am watching your house. This is your final warning.,CYBERSTALKING_DOXXING
"Hey, Give me your private photos or everyone will see them. Do it now.",SEXTORTION_BLACKMAIL
Miley Cyrus rode a blow-up dick and told a date rape joke at a London gay club. Typical Friday night. http://gaw.kr/eZuBoXm,GENDER_BASED_HARASSMENT
give me your verification code now.,PHISHING_FRAUD
You need to understand. I know where you sleep.,CYBERSTALKING_DOXXING
frio é bullying contra os solteiros .,SAFE
I know your real-time location. Do it now.,CYBERSTALKING_DOXXING
"Right now, If you refuse you will regret it. Don't tell anyone.",COERCION_MANIPULATION
"Hey, Your account will be terminated. Verify your identity. Think carefully.",PHISHING_FRAUD
enter your credit card pin to claim your reward.,PHISHING_FRAUD
Send your verification code to unlock your account.,PHISHING_FRAUD
I am serious. I will find you and hurt you. Do it now.,VIOLENT_THREAT
You need to understand. I know exactly where you are. Do it now.,CYBERSTALKING_DOXXING
"I'm telling you, Give me your private photos or everyone will see them.",SEXTORTION_BLACKMAIL
enter your credit card pin to claim your reward.,PHISHING_FRAUD
I have screenshots of your private photos. Act immediately.,SEXTORTION_BLACKMAIL
Warning: Verify your account now or it will be closed.,PHISHING_FRAUD
If you tell anyone I will hurt you.,COERCION_MANIPULATION
"Right now, I found your address online. This is your final warning.",CYBERSTALKING_DOXXING
Warning: I am going to find you and beat you. You better comply.,VIOLENT_THREAT
This is a warning. Click here to confirm your identity. Do it now.,PHISHING_FRAUD
@kcgreenn You can ask @All_HailCaesar all about it!,SAFE
"Hey, I am tracking your GPS. This is your final warning.",CYBERSTALKING_DOXXING
"Right now, You are going to regret this when I find you. Don't tell anyone.",VIOLENT_THREAT
Warning: Your bank account has been suspended. Verify now. Think carefully.,PHISHING_FRAUD
You need to understand. I know where you live.,CYBERSTALKING_DOXXING
You need to understand. I will expose your private content to everyone. You have no choice.,SEXTORTION_BLACKMAIL
Warning: I will attack you.,VIOLENT_THREAT
I am outside your house watching you. This is your final warning.,CYBERSTALKING_DOXXING
You need to understand. Send me your nudes or I will leak them. Do it now.,SEXTORTION_BLACKMAIL
You need to understand. Don't tell anyone about this. You better comply.,COERCION_MANIPULATION
Pay me or I will publish your private recordings.,SEXTORTION_BLACKMAIL
Colin is back! #MKR,SAFE
@Nin_Klink Do you?,SAFE
You need to understand. Nobody will believe you. You have no choice.,COERCION_MANIPULATION
You need to understand. You have 24 hours to respond.,COERCION_MANIPULATION
You need to understand. Enter your password to prevent closure. Think carefully.,PHISHING_FRAUD
Warning: Do exactly what I tell you. Don't ignore me.,COERCION_MANIPULATION
Something is going on :O :O,SAFE
"Right now, Keep this secret or else. Don't tell anyone.",COERCION_MANIPULATION
This is a warning. I know where you commute every day. I am serious.,CYBERSTALKING_DOXXING
If he won't do anything for you kick that nigga to the curb cause its somebody that will waiting for a chance 😆,SAFE
This is a warning. You have 24 hours to respond. This is your final warning.,COERCION_MANIPULATION
Warning: I will ruin you by posting your intimate videos. You better comply.,SEXTORTION_BLACKMAIL
Another bloody instant restaurant week?!?! Seriously! They just jumped the shark riding two other sharks powered by shark power #MKR,SAFE
"I'm telling you, I know your real-time location. Don't tell anyone.",CYBERSTALKING_DOXXING
"I'm telling you, I know your real identity. Don't tell anyone.",CYBERSTALKING_DOXXING
Look at the darlings of Aussie TV looking fabulous at the races today!!! #SuperSaturday #MKR http://t.co/8NOyKUoItN,SAFE
You need to understand. I know exactly where you are.,CYBERSTALKING_DOXXING
I am serious. Give me money or your private photos go online. Think carefully.,SEXTORTION_BLACKMAIL
"Listen, Don't tell anyone about this. Think carefully.",COERCION_MANIPULATION
Miley Cyrus makes date rape joke onstage at GAY http://dlvr.it/5f1HTS,GENDER_BASED_HARASSMENT
send your verification code to unlock your account.,PHISHING_FRAUD
You better watch your back because I will hurt you. This is your final warning.,VIOLENT_THREAT
"A bully bitch has never crossed my path. I've always been to tall for all that, shoot bully THIS DICK!!",SAFE
Send your verification code to unlock your account.,PHISHING_FRAUD
click here and enter your banking details.,PHISHING_FRAUD
"Hey, Share your OTP to unlock your account. Don't tell anyone.",PHISHING_FRAUD
"If life hands you lemons, ask it why it has hands. #MKR #MKR2015 🍴",SAFE
i will destroy you physically.,VIOLENT_THREAT
"Listen, I know where you sleep. Do it now.",CYBERSTALKING_DOXXING
You don’t call a female a bitch but y’all not disrespectful..... right,GENDER_BASED_HARASSMENT
"Right now, Do what I want or else. You have no choice.",COERCION_MANIPULATION
"Listen, I will hurt you badly. Think carefully.",VIOLENT_THREAT
"I'm telling you, Your account will be terminated. Verify your identity. Don't tell anyone.",PHISHING_FRAUD
Warning: Send the intimate pictures now or I will post them online. You have no choice.,SEXTORTION_BLACKMAIL
"I'm telling you, You are going to regret this when I find you. Act immediately.",VIOLENT_THREAT
"I'm telling you, Give me your private photos or everyone will see them. Think carefully.",SEXTORTION_BLACKMAIL
I GUESS I NEED YOU BABYY~,SAFE
"Hey, Send me your OTP immediately.",PHISHING_FRAUD
"I'm telling you, I will hunt you down. I am serious.",VIOLENT_THREAT
"Listen, Send me your OTP immediately. Think carefully.",PHISHING_FRAUD
You need to understand. Enter your password to prevent closure. Don't ignore me.,PHISHING_FRAUD
"Look, Schneider, we grasp the nature of your attitude toward females, women, when you call one a ""bitch"". You tipped us off to your hatred of females, women.",GENDER_BASED_HARASSMENT
This humiliates you? I wonder what she thinks now #MKR,SAFE
Warning: I have your home address.,CYBERSTALKING_DOXXING
"I'm telling you, I know where you sleep. I am serious.",CYBERSTALKING_DOXXING
Please understand: I have your home address. You better comply.,CYBERSTALKING_DOXXING
It's TIME... Redemption Round starts NOW WA! #KillerBlondes #MKR http://t.co/ZmM7dfTSLj,SAFE
"Hey, Share your OTP to unlock your account. Don't tell anyone.",PHISHING_FRAUD
Warning: You are going to regret this when I find you. Don't ignore me.,VIOLENT_THREAT
You need to understand. You have until tonight to reply. Do it now.,COERCION_MANIPULATION
@austin_long23 at home .,SAFE
"Hey, Share the OTP to complete the transaction. Don't ignore me.",PHISHING_FRAUD
"Hey, You deserve to die.",VIOLENT_THREAT
"Right now, I know your real-time location. Don't ignore me.",CYBERSTALKING_DOXXING
You need to understand. I am going to murder you. You better comply.,VIOLENT_THREAT
"I'm telling you, I am going to murder you. Act immediately.",VIOLENT_THREAT
".@ListenToRaisin Patriarchy is a myth, so the system has no push back &amp; feminists use chivalry &amp; benevolent sexism masterfully to own ends.",GENDER_BASED_HARASSMENT
This is a warning. You have 24 hours to respond. This is your final warning.,COERCION_MANIPULATION
"@RichardDawkins As a child, my parents sent us to Sunday School but I think it was so they had time on their own.I can forgive them for that",SAFE
i will hunt you down and kill you.,VIOLENT_THREAT
RT @dearsarah: @MadcapOcelot @freebsdgirl also (the awesome) @ellenchisa counted the # of women he follows &amp; wrote about it here http://t.c…,SAFE
Please understand: I have your intimate videos and I will send them to your friends. This is your final warning.,SEXTORTION_BLACKMAIL
You need to understand. You have 24 hours to comply. Do it now.,COERCION_MANIPULATION
your account will be terminated. verify your identity.,PHISHING_FRAUD
Give me the code you received on your phone. You have no choice.,PHISHING_FRAUD
"I'm telling you, Share the OTP to complete the transaction. You have no choice.",PHISHING_FRAUD
Nick Mara is nowhere near a douchebag. He's the sweetest boy ever. He loves his fans. He's against bullying. How's that being a douchebag?,SAFE
"Hey, Pay me or I will publish your private recordings.",SEXTORTION_BLACKMAIL
I am serious. I am tracking your GPS. Don't tell anyone.,CYBERSTALKING_DOXXING
"Right now, I will hunt you down. Don't ignore me.",VIOLENT_THREAT
"Hey, Send me your OTP immediately. Do it now.",PHISHING_FRAUD
This is a warning. You have 24 hours to comply.,COERCION_MANIPULATION
I am serious. I will hurt you badly. Don't ignore me.,VIOLENT_THREAT
"Hey, You better do what I say. Act immediately.",COERCION_MANIPULATION
"Compulsory femininity is expensive and exhausting. I don't want jewelry, perfume, makeup I carry around to reapply, hair accessories, etc.",SAFE
I miss my bestfriend .,SAFE
If you tell anyone I will expose you. Think carefully.,COERCION_MANIPULATION
Warning: Give me your verification code now. This is your final warning.,PHISHING_FRAUD
"Right now, I have your location. Act immediately.",CYBERSTALKING_DOXXING
I am serious. I have your private photos and I will expose you. I am serious.,SEXTORTION_BLACKMAIL
"Listen, Click here and enter your banking details. You have no choice.",PHISHING_FRAUD
This is a warning. I have your phone number. Do it now.,CYBERSTALKING_DOXXING
Please understand: I will shoot you. Don't ignore me.,VIOLENT_THREAT
"RT @grexican: @YesYoureSexist Sorry, I won't use facts next time. I'll just go with the rest of the masses who think there are NO differenc…",GENDER_BASED_HARASSMENT
keep this secret or else.,COERCION_MANIPULATION
"Hey, You have 24 hours to comply. You better comply.",COERCION_MANIPULATION
"Right now, You deserve to die. Act immediately.",VIOLENT_THREAT
You need to understand. You have until tonight to reply. You have no choice.,COERCION_MANIPULATION
You need to understand. Send your verification code to unlock your account. This is your final warning.,PHISHING_FRAUD
"I'm telling you, Your bank account has been suspended. Verify now. You have no choice.",PHISHING_FRAUD
I am serious. I have your private photos and I will expose you. Act immediately.,SEXTORTION_BLACKMAIL
"Hey, I will post your pictures everywhere if you don't pay. Do it now.",SEXTORTION_BLACKMAIL
I am serious. Do what I want or else. Think carefully.,COERCION_MANIPULATION
Oh so pastry and Kurd on the side #mkr,SAFE
"Taking a Stand Against Bullying : Sudbury, Ontario - http://t.co/Fka9WXY",SAFE
This is a warning. Send your 2FA code immediately. Don't ignore me.,PHISHING_FRAUD
You need to understand. Give me your verification code now. This is your final warning.,PHISHING_FRAUD
"Hey, Give me the code you received on your phone. You have no choice.",PHISHING_FRAUD
"Hey, Your account is blocked. Click here to unlock it.",PHISHING_FRAUD
"Right now, Pay me in bitcoin or I will publish your private videos. You have no choice.",SEXTORTION_BLACKMAIL
I will find you and hurt you.,VIOLENT_THREAT
I cannot believe Katie &amp; Nikki went through. They barely cooked!! #MKR,SAFE
I am serious. Do what I say or face the consequences. Do it now.,COERCION_MANIPULATION
You need to understand. Send the intimate pictures now or I will post them online. Think carefully.,SEXTORTION_BLACKMAIL
"I'm telling you, I am watching your house. Don't tell anyone.",CYBERSTALKING_DOXXING
"Listen, I am coming for you. Do it now.",VIOLENT_THREAT
You need to understand. Do exactly what I tell you. Act immediately.,COERCION_MANIPULATION
Thanks @ameliagree…,GENDER_BASED_HARASSMENT
i remember when tD made a gay zester x crow rape joke back in the day he blew his shit,GENDER_BASED_HARASSMENT
You better watch your back because I will hurt you. Act immediately.,VIOLENT_THREAT
"Hey, You must obey me. Act immediately.",COERCION_MANIPULATION
I am serious. I have your private photos and I will expose you. Act immediately.,SEXTORTION_BLACKMAIL
“@SeaEph: It's got sass?,SAFE
"Are comedians who joke about rape callous? I think it's more likely he was trying to be funny and ""edgy."" Lenny Bruce had a bit about St. Paul and gays, that sacralizing encourages rebellion. I wonder, if he'd survived the right's cancel culture, whether our woke would end him.",GENDER_BASED_HARASSMENT
You need to understand. Enter your credit card PIN to claim your reward. Don't ignore me.,PHISHING_FRAUD
I am serious. I am stalking you. You have no choice.,CYBERSTALKING_DOXXING
"Right now, I am outside your house watching you. Don't ignore me.",CYBERSTALKING_DOXXING
You need to understand. You better do what I say. You have no choice.,COERCION_MANIPULATION
"Listen, If you disobey there will be consequences. I am serious.",COERCION_MANIPULATION
i will hurt you badly.,VIOLENT_THREAT
"@8BitBecca I'm sure :) but I don't know them personally, and this is what my soon to be NPO does. I'm not signing off on some rando.",SAFE
the slurs weren’t even the worst of it she deadass made several rape jokes at the expense of gay and trans women,GENDER_BASED_HARASSMENT
Hahaha rape jokes and gay jokes and sexist jokes are so fucking hilarious!! #sarcasm #stop,GENDER_BASED_HARASSMENT
I am serious. I will expose your private content to everyone. You better comply.,SEXTORTION_BLACKMAIL
I am serious. You are an ugly bitch. You have no choice.,GENDER_BASED_HARASSMENT
"Right now, Send me your OTP immediately. Don't ignore me.",PHISHING_FRAUD
@BDSSupporter You suffer from a total vacuum between your ears.,SAFE
@ItsJustYousef http://t.co/DvSc4VhOVN,SAFE
I am serious. You better watch your back because I will hurt you. Think carefully.,VIOLENT_THREAT
Please understand: Enter your credit card PIN to claim your reward. Act immediately.,PHISHING_FRAUD
"Rape jokes, gay jokes paedo jokes...i can take a joke",GENDER_BASED_HARASSMENT
"I'm telling you, I am monitoring your phone. Do it now.",CYBERSTALKING_DOXXING
Warning: I know where you study.,CYBERSTALKING_DOXXING
"Listen, I will post your pictures everywhere if you don't pay. This is your final warning.",SEXTORTION_BLACKMAIL
"well that result feels rigged, especially with the amount of people for pancakes #mkr",SAFE
i reckon this olly riley guy is a closet homosexual. either that or every day he goes to school some big fat cunt knocks him out,GENDER_BASED_HARASSMENT
#YesAllWomen have been let down by men they thought wouldn't disappoint them at a crucial moment,SAFE
"I'm telling you, Do what I say or face the consequences. Act immediately.",COERCION_MANIPULATION
"Lol u tried it ""@War2ren_: Now joke about being gay, just for research ""@LemarBarry: I've once joked about Rape, mayne. . . . Close to 19",GENDER_BASED_HARASSMENT
This is a warning. Send me naked pictures or I will share everything. You better comply.,SEXTORTION_BLACKMAIL
I am serious. You better do what I say. You have no choice.,COERCION_MANIPULATION
This is a warning. I know where you sleep. Don't ignore me.,CYBERSTALKING_DOXXING
I am serious. Verify your account now or it will be closed.,PHISHING_FRAUD
RT @juniorjeavons: @S90CMP Women do seem to turn it into a battle of who's pet is the cutest... And take it all rather personally. #sexist …,GENDER_BASED_HARASSMENT
Your account will be terminated. Verify your identity.,PHISHING_FRAUD
Your bank account has been suspended. Verify now.,PHISHING_FRAUD
Warning: I have screenshots of your private photos. Don't ignore me.,SEXTORTION_BLACKMAIL
I am serious. I am going to murder you. Think carefully.,VIOLENT_THREAT
"Listen, I am coming for you. I am serious.",VIOLENT_THREAT
iPhone don't give out on me yet. Be the trooper you are 😧📱🔫,SAFE
"If we're at the bottom of the leaderboard, we're going home! CLEVER! #MKR",SAFE
You need to understand. I will kill you. Do it now.,VIOLENT_THREAT
Warning: I know your real-time location.,CYBERSTALKING_DOXXING
"I'm telling you, You are going to regret this when I find you. You have no choice.",VIOLENT_THREAT
if you refuse you will regret it.,COERCION_MANIPULATION
You have until tonight to send it. Don't tell anyone.,COERCION_MANIPULATION
I know where you live. This is your final warning.,CYBERSTALKING_DOXXING
Pay me or I will publish your private recordings.,SEXTORTION_BLACKMAIL
"Hey, I will post your pictures everywhere if you don't pay. Do it now.",SEXTORTION_BLACKMAIL
the way men call women bitches and females don't sit right with me,GENDER_BASED_HARASSMENT
@katie_ogden @boybandslut @StephWall27 @BAMitsSHAZ @xstephhh_ I was not bullying her! She's trying to steal Jean Martyn from meee! :'( xx,GENDER_BASED_HARASSMENT
Your private video will be uploaded if you refuse.,SEXTORTION_BLACKMAIL
I am serious. Do what I want or else. Think carefully.,COERCION_MANIPULATION
@NessiArmani I know. I was on the side when it all happened,SAFE
@UntouchableShe Actually even the dictionary definition of feminism is unequal.  That you don't see why is telling.,GENDER_BASED_HARASSMENT
you have 24 hours to comply.,COERCION_MANIPULATION
"I'm telling you, I am monitoring your phone. Do it now.",CYBERSTALKING_DOXXING
You need to understand. You better do what I say. Don't tell anyone.,COERCION_MANIPULATION
Nobody will believe you. You have no choice.,COERCION_MANIPULATION
You need to understand. You better do what I say. You have no choice.,COERCION_MANIPULATION
This is a warning. I recorded you through your webcam and I will expose you. Do it now.,SEXTORTION_BLACKMAIL
Please understand: Share the OTP to complete the transaction. You better comply.,PHISHING_FRAUD
Please understand: Keep this secret or else. Do it now.,COERCION_MANIPULATION
This is a warning. I am watching your every move.,CYBERSTALKING_DOXXING
"I'm telling you, You better watch your back because I will hurt you. You better comply.",VIOLENT_THREAT
You need to understand. Die bitch. Don't ignore me.,VIOLENT_THREAT
This is a warning. Send your password to confirm your identity. Think carefully.,PHISHING_FRAUD
"Right now, I know where you sleep. I am serious.",CYBERSTALKING_DOXXING
Warning: Verify your account now or it will be closed.,PHISHING_FRAUD
"Hey, I will choke you. I am serious.",VIOLENT_THREAT
"Meanwhile, Kat is poisoning the lake #mkr",GENDER_BASED_HARASSMENT
@boobybatton CALLLLLLLL MEEEEEE.,SAFE
I recorded you through your webcam and I will expose you.,SEXTORTION_BLACKMAIL
I am watching your every move.,CYBERSTALKING_DOXXING
Concentrate on your strengths instead of your weaknesses; on your powers instead of your problems.,SAFE
You need to understand. If you speak about this I will ruin you.,COERCION_MANIPULATION
You need to understand. Enter your netbanking password to prevent account closure. You better comply.,PHISHING_FRAUD
"@WeBieberArmy would u wanna help with a Demi support/ stop bullying video?(: you don't have too, just asking! &lt;3",SAFE
"Hey, I know where you live. Do it now.",CYBERSTALKING_DOXXING
"Right now, I have your location. You better comply.",CYBERSTALKING_DOXXING
@TruthsJustice @johnnygjokaj @BilalIGhumman @98Halima @cdnKhadija @rfrankh53 Another conspiracy theory idiot with no data.,SAFE
is she even wearing clothes? http://t.co/J6QRU21SGS,GENDER_BASED_HARASSMENT
@deb_rideout did you know you can mute hashtags in your settings? saves my sanity during annoying squawking bird season,SAFE
"Listen, I am monitoring your phone. This is your final warning.",CYBERSTALKING_DOXXING
Enter your netbanking password to prevent account closure.,PHISHING_FRAUD
"@sooze8968 @UndercoverMutha Not fascism, no no no. Just 'common sense nationalism'. What are you: some kind of leftard feminazi?!",GENDER_BASED_HARASSMENT
"Ugh these #KillerBlondes are killer boring, and what's with spreading their dna all over the table? Unhygienic -and- gross! #MKR2015 #MKR",GENDER_BASED_HARASSMENT
"Right now, Pay me or I will send your videos to your family. This is your final warning.",SEXTORTION_BLACKMAIL
I am serious. I know exactly where you are. I am serious.,CYBERSTALKING_DOXXING
I think everyone should boycott school this week #simplesolution,SAFE
"I'm telling you, Enter your credit card PIN to claim your reward. This is your final warning.",PHISHING_FRAUD
WOULD JADE BE OFFENDED IF YOU CALL HER A BITCH IS THAT A SLUR FOR DOGS BECAUE FEMALE DOGS HELPWJIIQIQIQ,GENDER_BASED_HARASSMENT
Please understand: I am tracking your GPS. You better comply.,CYBERSTALKING_DOXXING
You need to understand. I will beat you up. You have no choice.,VIOLENT_THREAT
"Listen, Share your OTP to unlock your account. I am serious.",PHISHING_FRAUD
Warning: I have your intimate videos and I will send them to your friends. This is your final warning.,SEXTORTION_BLACKMAIL
yo just wondering haha is your name a rape joke or a gay joke I cant tell and im just curious haha,GENDER_BASED_HARASSMENT
This is a warning. Provide your security PIN immediately. I am serious.,PHISHING_FRAUD
Give me the code you received on your phone.,PHISHING_FRAUD
"Hey, Send me your OTP immediately. Do it now.",PHISHING_FRAUD
"and it’s like, okay, we get it. you hate black people or gay people or women or like making jokes about rape or WHATEVER but like.....at least be original in your hatred! it’s always the same and never funny.",GENDER_BASED_HARASSMENT
Send your verification code to unlock your account. You have no choice.,PHISHING_FRAUD
I am serious. I am tracking your GPS. Don't tell anyone.,CYBERSTALKING_DOXXING
"Hey, Your account is blocked. Click here to unlock it. I am serious.",PHISHING_FRAUD
I am serious. You have one hour to comply. Think carefully.,COERCION_MANIPULATION
Click here to confirm your identity.,PHISHING_FRAUD
"RT @JamilahLemieux: Today's news will assert that a crazy, White outlier attempted to bomb an NAACP office, and that Islam carried out a te…",SAFE
You need to understand. Provide your security PIN immediately. I am serious.,PHISHING_FRAUD
"Listen, Your bank account has been suspended. Verify now. Don't tell anyone.",PHISHING_FRAUD
I am serious. I am monitoring your phone.,CYBERSTALKING_DOXXING
"Hey, If you tell anyone I will expose you. I am serious.",COERCION_MANIPULATION
You need to understand. Click here and enter your banking details. You better comply.,PHISHING_FRAUD
This is a warning. I hacked your camera and recorded you. This is your final warning.,SEXTORTION_BLACKMAIL
"Right now, I am tracking your GPS. Act immediately.",CYBERSTALKING_DOXXING
"I'm telling you, Your account will be terminated. Verify your identity. Don't tell anyone.",PHISHING_FRAUD
i will stab you.,VIOLENT_THREAT
You need to understand. Share your OTP to unlock your account.,PHISHING_FRAUD
"Hey, Your private video will be uploaded if you refuse. Act immediately.",SEXTORTION_BLACKMAIL
"@Drift0r I'm not arguing with a mansplaining white boy who doesn't actually want to learn facts, so, bye.",SAFE
You need to understand. Pay me money or I will leak your pictures. Don't ignore me.,SEXTORTION_BLACKMAIL
i will post your pictures everywhere if you don't pay.,SEXTORTION_BLACKMAIL
"Right now, Enter your credit card PIN to claim your reward. You have no choice.",PHISHING_FRAUD
"Right now, I know where you commute every day. Don't ignore me.",CYBERSTALKING_DOXXING
This is a warning. Click here and enter your banking details. Don't tell anyone.,PHISHING_FRAUD
"Hey, I am stalking you. Act immediately.",CYBERSTALKING_DOXXING
Please understand: Give me money or your private photos go online. I am serious.,SEXTORTION_BLACKMAIL
"Hey, If you tell anyone I will expose you. Think carefully.",COERCION_MANIPULATION
You need to understand. I will kill you. Do it now.,VIOLENT_THREAT
This is a warning. I will shoot you. Don't ignore me.,VIOLENT_THREAT
"Hey, I am monitoring your phone. I am serious.",CYBERSTALKING_DOXXING
"Listen, I know where you commute every day. I am serious.",CYBERSTALKING_DOXXING
"No, but I have noticed that men make jokes about male rape and call men who reach out for emotional help ""pussies"" or ""pansies"" or ""sissies"" or ""gay"", while women encourage them to get whatever help they need and offer resources that, while female-centered, will assist men, too.",GENDER_BASED_HARASSMENT
Please understand: Pay me in bitcoin or I will publish your private videos. This is your final warning.,SEXTORTION_BLACKMAIL
i will seriously harm you.,VIOLENT_THREAT
@The_Loki_Jotunn Awesome.,GENDER_BASED_HARASSMENT
I am serious. Send the intimate pictures now or I will post them online.,SEXTORTION_BLACKMAIL
I am serious. I will expose your private content to everyone. Do it now.,SEXTORTION_BLACKMAIL
send your 2fa code immediately.,PHISHING_FRAUD
Nobody will believe you. Do it now.,COERCION_MANIPULATION
i know your real-time location.,CYBERSTALKING_DOXXING
"Hey, You better do what I say. Act immediately.",COERCION_MANIPULATION
"I'm telling you, I am going to find you and beat you. Don't ignore me.",VIOLENT_THREAT
You have 24 hours to respond. This is your final warning.,COERCION_MANIPULATION
"Listen, Share your OTP to unlock your account. Don't ignore me.",PHISHING_FRAUD
"RT @CUTigerBruce: I'm not sexist but the female football commentators on @espn are horrible to listen to. All of them have deep, man voices…",GENDER_BASED_HARASSMENT
Please understand: I hacked your camera and recorded you. You better comply.,SEXTORTION_BLACKMAIL
"Listen, You better do what I say. You better comply.",COERCION_MANIPULATION
"I'm telling you, I know where you live. Think carefully.",CYBERSTALKING_DOXXING
I am serious. I hacked your camera and recorded you. Don't tell anyone.,SEXTORTION_BLACKMAIL
I have your intimate videos and I will send them to your friends. You better comply.,SEXTORTION_BLACKMAIL
if you tell anyone i will expose you.,COERCION_MANIPULATION
"I'm telling you, You must obey me. Think carefully.",COERCION_MANIPULATION
@zoe960 @BigGuzz @husenrosadi @Dannyel_SOC wkwkwkwk abis dah gw di bully disini ahaha ampooonn!!!!,SAFE
You need to understand. I will hunt you down. You better comply.,VIOLENT_THREAT
This is a warning. You must obey me. Do it now.,COERCION_MANIPULATION
This is a warning. Nobody will believe you.,COERCION_MANIPULATION
@sarahlery happy to help. :),SAFE
Please understand: I am stalking you. Do it now.,CYBERSTALKING_DOXXING
"Hey, Provide your one-time password now.",PHISHING_FRAUD
"Hey, Women like you are worthless. You better comply.",GENDER_BASED_HARASSMENT
This is a warning. Your private video will be uploaded if you refuse. Do it now.,SEXTORTION_BLACKMAIL
"You can be gay and a Muslim. Like people lie and cheat and steal and drink and smoke and do drugs and dance but are still Muslim. Your sins do not define who you believe in or the faith you have in your heart. Also stfu making rape ""jokes"" is not funny.",GENDER_BASED_HARASSMENT
Oh look get the vacuum there's crumbs on that plate that need sucking up... Hey promo girls that's part of your job description.. #MKR,GENDER_BASED_HARASSMENT
Please understand: Give me the code you received on your phone. Do it now.,PHISHING_FRAUD
This is a warning. Your account will be terminated. Verify your identity. I am serious.,PHISHING_FRAUD
I am serious. I will shoot you. I am serious.,VIOLENT_THREAT
"Right now, I found your address online. This is your final warning.",CYBERSTALKING_DOXXING
"“I’m not gonna apologize for my rape jokes, I’m not gonna apologize for my gay jokes or Mexican jokes or white jokes or… — I...Don't think he said that. If he did I missed it and I apologize. If ya wanna send me ss of him saying so, feel free https://curiouscat.me/springtae154/post/691124133?1540783104",GENDER_BASED_HARASSMENT
"I'm telling you, I am going to murder you. Don't tell anyone.",VIOLENT_THREAT
This is a warning. Die bitch. You better comply.,VIOLENT_THREAT
You need to understand. I am outside your house watching you. Act immediately.,CYBERSTALKING_DOXXING
"@VCR_Blog Picked the Ducks to win Cup before season...but that was thinking Gibson would be great. Might pick Hawks nows, but...Ducks in it.",GENDER_BASED_HARASSMENT
Warning: Send your verification code to unlock your account. You better comply.,PHISHING_FRAUD
At least its only 64 days until Christmas.,SAFE
"Anybody else bothered that our president would rather make rape jokes, or talk about being cured of being gay, rather than make any kind of statement on how Filipino fishermen were rammed &amp; abandoned at sea by a Chinese ship?",GENDER_BASED_HARASSMENT
Give me your nudes right now.,SEXTORTION_BLACKMAIL
"Hey, I have your home address. I am serious.",CYBERSTALKING_DOXXING
"Don't wish ill #katandandre, Horrible behaviour, disappointed you are from WA!  #evaanddebra all the way #MKR",SAFE
RT @Swifter_YT I'm not sexist but I haven't subscribed to a single female YouTuber,GENDER_BASED_HARASSMENT
I am serious. You have 24 hours to respond. Think carefully.,COERCION_MANIPULATION
"Right now, Your bank account has been suspended. Verify now. You better comply.",PHISHING_FRAUD
"I'm telling you, I have your intimate videos and I will send them to your friends. This is your final warning.",SEXTORTION_BLACKMAIL
Warning: I will seriously harm you.,VIOLENT_THREAT
This is a warning. If you tell anyone I will expose you.,COERCION_MANIPULATION
RT @H4mmerz: It's for toasting sandwiches not cooking potatoes for head chefs!!!! #mkr,SAFE
RT @ZeroDom Iam not sexist but y do women have the singular ability 2 block the way coz the r busy texting! Make me miss my train y dont u..,GENDER_BASED_HARASSMENT
I am serious. I know where you commute every day. This is your final warning.,CYBERSTALKING_DOXXING
"@EdWardMDBlog @JenniferCohagen And of course the video doesn't say what you claim, so again you prove that you are a liar.",SAFE
Warning: Women like you are useless. Think carefully.,GENDER_BASED_HARASSMENT
"I'm telling you, I am watching your every move. I am serious.",CYBERSTALKING_DOXXING
gee i just love anime and jokes about a boy wanting to rape his sister and hate crimes committed against gay kids and underage panty shots,GENDER_BASED_HARASSMENT
This is a warning. I will kill you. I am serious.,VIOLENT_THREAT
Do what I say or face the consequences.,COERCION_MANIPULATION
"I'm telling you, I will attack you. I am serious.",VIOLENT_THREAT
I will seriously harm you. Don't ignore me.,VIOLENT_THREAT
This is a warning. I know where you study. Don't ignore me.,CYBERSTALKING_DOXXING
I found your address online.,CYBERSTALKING_DOXXING
i will find you and hurt you.,VIOLENT_THREAT
RT @_els_7 Women's tennis is of a good standard #shitnoonesays #notsexist #stillenjoywatchingivanovic,GENDER_BASED_HARASSMENT
Warning: Your private video will be uploaded if you refuse. You better comply.,SEXTORTION_BLACKMAIL
you are an embarrassing woman.,GENDER_BASED_HARASSMENT
"Hey, Give me money or your private photos go online. Do it now.",SEXTORTION_BLACKMAIL
Do as you are told. This is your final warning.,COERCION_MANIPULATION
You need to understand. You must obey me. I am serious.,COERCION_MANIPULATION
I will stab you.,VIOLENT_THREAT
"Hey, I will hurt you badly. This is your final warning.",VIOLENT_THREAT
Enter your netbanking password to prevent account closure. Don't ignore me.,PHISHING_FRAUD
This is a warning. Your account will be terminated. Verify your identity. I am serious.,PHISHING_FRAUD
"Listen, I know where you live.",CYBERSTALKING_DOXXING
"Right now, You have until tonight to send it. Do it now.",COERCION_MANIPULATION
Didnt understand why girls didnt like me and started blaming them for it Thought being gay was unnatural and didnt support it Said if Hillary is the nominee then vote Trump Thought the corner stone of feminist thought revolved around the friendzone and rape jokes Could go on,GENDER_BASED_HARASSMENT
Whole time niggas be making rape a joke to make they friends laugh. Gay,GENDER_BASED_HARASSMENT
@kisskissto1D @tomlinson_love is a bully and has a gaay laptop!:),GENDER_BASED_HARASSMENT
I am serious. I will hurt you badly. Don't ignore me.,VIOLENT_THREAT
"I suppose you shave yours, then? @skelato_r Im not sexist. But women should shave their goddamn legs.",GENDER_BASED_HARASSMENT
"@archnerdian @jokereplica @KarlreMarks They should have killed the guy, just like ISIS would have done in a similar situation.",SAFE
I believe in equality except when I'm drunk and mad at women. &lt;-- why I don't trust male feminists,SAFE
Please understand: I recorded you through your webcam and I will expose you. You better comply.,SEXTORTION_BLACKMAIL
This is a warning. I will hurt you badly. You have no choice.,VIOLENT_THREAT
I am serious. I will choke you. Don't ignore me.,VIOLENT_THREAT
"#MileyCyrus Miley Cyrus 'date rape' joke goes too far? Twerker exclaims 'everyone's a little gay,' simulates ora... http://ift.tt/1jSyJtU",GENDER_BASED_HARASSMENT
I am serious. Give me your verification code now. Don't tell anyone.,PHISHING_FRAUD
I have your home address.,CYBERSTALKING_DOXXING
Please understand: I will seriously harm you. You have no choice.,VIOLENT_THREAT
Please understand: Send the intimate pictures now or I will post them online. I am serious.,SEXTORTION_BLACKMAIL
Warning: Pay me or I will publish your private recordings. I am serious.,SEXTORTION_BLACKMAIL
"Hey, I know exactly where you are. Don't tell anyone.",CYBERSTALKING_DOXXING
"Right now, Verify your account now or it will be closed. You better comply.",PHISHING_FRAUD
#TxSU17 theres a gay RA that likes to rape boys in their tight little assholes. his name is robert. watch out for him. this is not a joke,GENDER_BASED_HARASSMENT
"Hey, You have 24 hours to respond.",COERCION_MANIPULATION
"RT @URBINA52 @my_sweetness_ I'm not sexist, but show me a good women driver... One in a million lol",GENDER_BASED_HARASSMENT
This is a warning. Do exactly what I tell you. Don't ignore me.,COERCION_MANIPULATION
"Hey, You better do what I say. Act immediately.",COERCION_MANIPULATION
Please understand: I will seriously harm you. Do it now.,VIOLENT_THREAT
Plz stop demonizing black women's sexuality k thx,SAFE
I am serious. You have 24 hours to comply. This is your final warning.,COERCION_MANIPULATION
This is a warning. Send your verification code to unlock your account. Think carefully.,PHISHING_FRAUD
@StephenAtWar hah! We have to secure funding first.,SAFE
I am serious. I found your address online. Do it now.,CYBERSTALKING_DOXXING
"I'm telling you, Send your password to confirm your identity. Do it now.",PHISHING_FRAUD
Warning: Do as you are told. Do it now.,COERCION_MANIPULATION
@KangHsien @HAHAHEHETEHEE get lost la you :( so xia sway i kena bullied by a pig :/,SAFE
"Hey, I will make you pay with your life. You better comply.",VIOLENT_THREAT
Provide your security PIN immediately. You better comply.,PHISHING_FRAUD
i have your phone number.,CYBERSTALKING_DOXXING
Warning: I am watching your every move. Do it now.,CYBERSTALKING_DOXXING
@EmRad25 @n1cksanch3z omg!!! I know he's so sexy!!! 😘😍,SAFE
"The veggie crisper will cool it down faster, ladies #MKR",SAFE
RT @Matt2theRios: Hats off to girls who light their own weed. I don't understand why most girls can't handle the simple mechanics of a ligh…,GENDER_BASED_HARASSMENT
You need to understand. Send the intimate pictures now or I will post them online. Don't tell anyone.,SEXTORTION_BLACKMAIL
Warning: I will ruin you by posting your intimate videos. I am serious.,SEXTORTION_BLACKMAIL
"Hey, Pay me in bitcoin or I will publish your private videos. You better comply.",SEXTORTION_BLACKMAIL
Please understand: Your account has been suspended. Click here to verify now. You better comply.,PHISHING_FRAUD
Acertei o guarda-chuva na cabeça do @gabazito. Pratico bullying.,SAFE
"Right now, Send me naked pictures or I will share everything. Think carefully.",SEXTORTION_BLACKMAIL
I will shoot you. Don't ignore me.,VIOLENT_THREAT
I will make you pay with your life. I am serious.,VIOLENT_THREAT
I will seriously harm you. You better comply.,VIOLENT_THREAT
"I'm telling you, I am watching your house. I am serious.",CYBERSTALKING_DOXXING
"RT @MMMotorsports: @Wi5hy @YesYoureSexist Done. Third in points for the 2012 season class 1600, multiple podium finishes in class 1600, 11,…",SAFE
This is a warning. I know where you commute every day. I am serious.,CYBERSTALKING_DOXXING
"These girls say they're butchers, I once worked at a boat hire shop so I must be a ship captain #MKR",GENDER_BASED_HARASSMENT
+ Constantly make jokes about race and rape and gay people. And I'm not gonna act like a perfect angel and say I've never said or laughed +,GENDER_BASED_HARASSMENT
"Listen, I recorded you through your webcam and I will expose you.",SEXTORTION_BLACKMAIL
You need to understand. Send the intimate pictures now or I will post them online. Do it now.,SEXTORTION_BLACKMAIL
This is a warning. I will kill you. Don't tell anyone.,VIOLENT_THREAT
#MileyCyrus Miley Cyrus Shocks With Insensitive 'Date Rape Joke' And 'Gay Comments' [WATCH VIDEO] http://ift.tt/1mgcu1S,GENDER_BASED_HARASSMENT
You need to understand. I am going to murder you. You better comply.,VIOLENT_THREAT
I am serious. I have your private photos and I will expose you. You better comply.,SEXTORTION_BLACKMAIL
Go ash and carmella #mkr they should cook my breakfast,SAFE
Send me your nudes or I will leak them.,SEXTORTION_BLACKMAIL
You need to understand. You are going to regret this when I find you. Think carefully.,VIOLENT_THREAT
"Hey, You better watch your back because I will hurt you. I am serious.",VIOLENT_THREAT
You need to understand. I have your location. I am serious.,CYBERSTALKING_DOXXING
"If you're looking for a monitor arm, this one is pretty inexpensive and works well. http://t.co/B1B4Q6ycDd",SAFE
"Right now, I am tracking your device. Do it now.",CYBERSTALKING_DOXXING
.@basicrepublican Pretzel logic is understatement.  #SJWLogic is like a pretzel being beaten and tossed off the Sears Tower. Puddle logic...,GENDER_BASED_HARASSMENT
You need to understand. Send me naked pictures or I will share everything.,SEXTORTION_BLACKMAIL
i will attack you.,VIOLENT_THREAT
@BartsMolly well we'll see ((ok)),SAFE
You need to understand. Do as you are told. This is your final warning.,COERCION_MANIPULATION
I am serious. Keep this secret or else. Act immediately.,COERCION_MANIPULATION
I have your home address.,CYBERSTALKING_DOXXING
"I'm telling you, Your account is blocked. Click here to unlock it. I am serious.",PHISHING_FRAUD
"Listen, Provide your one-time password now. You better comply.",PHISHING_FRAUD
I am serious. Send me your nudes or I will leak them. I am serious.,SEXTORTION_BLACKMAIL
RT @AlexWithAnEx I'm not sexist but I can't stand feminists,GENDER_BASED_HARASSMENT
you better do what i say.,COERCION_MANIPULATION
This is awful “@RollingStone: Rebecca Black has dropped out of school because she was bullied: http://t.co/paYESdi”,SAFE
He's such a fucking gobshite. Hollyoaks gay rape storyline was an utter joke.,GENDER_BASED_HARASSMENT
I will kill you. This is your final warning.,VIOLENT_THREAT
Give me your verification code now.,PHISHING_FRAUD
I love Colin!!! #mkr,SAFE
RT @BrettPorter55: Why do they get a Truck after winning the superbowl but just a interview from bitchy Erin Andrews when u win the world s…,GENDER_BASED_HARASSMENT
"Right now, You have 24 hours to respond. Don't ignore me.",COERCION_MANIPULATION
I am serious. I have your location. You have no choice.,CYBERSTALKING_DOXXING
"Oh nah I don’t condone jokes about rape, DV or homophobia serious issues like that but I feel like this whole “I’M OPPRESSED!!” wave needs to tide over. Many of us are, in different ways. If you’re brown or black, a woman, gay, trans disabled etc. life is no more easier for u",GENDER_BASED_HARASSMENT
"American fascism. A misogynist nut murders a female judge and his family, a congressman calls his fellow colleague a bitch. Packs of unmarked goons drag demonstrators into vans without charge. A group gleefully puts children in concentration camps. They are all Republicans.",GENDER_BASED_HARASSMENT
i am tracking your device.,CYBERSTALKING_DOXXING
I am coming for you.,VIOLENT_THREAT
Nobody will believe you. Do it now.,COERCION_MANIPULATION
#INeedMeninismBecause watching feminists/their lapdogs have conniptions &amp; mock a movement created solely to mock THEIR movement = TOO funny.,GENDER_BASED_HARASSMENT
"I'm telling you, Don't tell anyone about this. Act immediately.",COERCION_MANIPULATION
Please understand: I will seriously harm you. Do it now.,VIOLENT_THREAT
Warning: I have your personal information. You better comply.,CYBERSTALKING_DOXXING
You need to understand. You have until tonight to send it. I am serious.,COERCION_MANIPULATION
You need to understand. I know where you work. This is your final warning.,CYBERSTALKING_DOXXING
"I'm telling you, I am going to find you and beat you. Don't ignore me.",VIOLENT_THREAT
You need to understand. If you disobey there will be consequences. This is your final warning.,COERCION_MANIPULATION
"@watan71969 @s_rsantorini630 @pari_passu Seen that crap. It's lies. For example, there were never more than 5 million American Imdians.",SAFE
You need to understand. Your account has been suspended. Click here to verify now. This is your final warning.,PHISHING_FRAUD
You need to understand. I will hunt you down. Do it now.,VIOLENT_THREAT
"Listen, I will destroy you physically. Do it now.",VIOLENT_THREAT
This is a warning. Send the pictures immediately or I will leak them. This is your final warning.,SEXTORTION_BLACKMAIL
That judge whatever his name needs to stop the fake tan. He is literally ORANGE #mkr,GENDER_BASED_HARASSMENT
"Listen, Share your OTP to unlock your account. Don't ignore me.",PHISHING_FRAUD
I am serious. You have one hour to comply. You have no choice.,COERCION_MANIPULATION
"Right now, I know where you commute every day. Don't ignore me.",CYBERSTALKING_DOXXING
You need to understand. Do what I want or else. You better comply.,COERCION_MANIPULATION
"Oh. How strange. Nero, glorious leader of a campaign that is supposedly not about harassment, is mocking harassment. https://t.co/1KhIcgC7UF",SAFE
"Hey, Enter your password to prevent closure.",PHISHING_FRAUD
This is a warning. Click here to confirm your identity. Don't tell anyone.,PHISHING_FRAUD
You need to understand. Send your verification code to unlock your account. I am serious.,PHISHING_FRAUD
"Hey, You have 24 hours to comply. You better comply.",COERCION_MANIPULATION
"I'm telling you, I know where you study. Don't ignore me.",CYBERSTALKING_DOXXING
You better watch your back because I will hurt you. This is your final warning.,VIOLENT_THREAT
I am serious. Give me money or your private photos go online. Think carefully.,SEXTORTION_BLACKMAIL
I will seriously harm you.,VIOLENT_THREAT
"@hannah_ashpole He respects their right to publicly lez out in private, you mean?  What a gentleman.",GENDER_BASED_HARASSMENT
i know where you live.,CYBERSTALKING_DOXXING
"Ladies I have a question: why is it okay for you to refer to any female your current/previous partner has dated as a bitch? but if they refer to you as a bitch, you get all offended and upset? What makes it okay for you to call someone that, but godforbid someone calls you that?",GENDER_BASED_HARASSMENT
Please understand: Send your password to confirm your identity. Don't tell anyone.,PHISHING_FRAUD
#ReasonWhySomeoneWouldKillMe I make jokes about 9/11 and rape and slavery and denying gays rights and shootings on the internet,GENDER_BASED_HARASSMENT
"I hope Kat &amp; Andre choke on a d*ck and die. Even tho I don't like the other apparent ""models"" they always scored fairly #mkr #mkr2015",GENDER_BASED_HARASSMENT
Kitchen HQ is a warehouse in Coburg. #MKR,SAFE
I like to think that nigga was just in a cocoon with rape jokes and 666 written all on it and now he's the gay jazz butterfly he wanted to be,GENDER_BASED_HARASSMENT
This is a warning. Your bank account has been suspended. Verify now. Do it now.,PHISHING_FRAUD
I am stalking you. Don't tell anyone.,CYBERSTALKING_DOXXING
RT @peteevansnot: OK - get this off my FB page asap! #paleo #mkr http://t.co/n3Y2cItgLV,SAFE
pay me or i will publish your private recordings.,SEXTORTION_BLACKMAIL
"I'm telling you, No one will believe you if you tell anyone. Think carefully.",COERCION_MANIPULATION
"Hey, I have your phone number.",CYBERSTALKING_DOXXING
I am serious. Provide your one-time password now. Don't tell anyone.,PHISHING_FRAUD
"Hey, Your account will be terminated. Verify your identity. Do it now.",PHISHING_FRAUD
"Right now, I am going to find you and beat you. Don't tell anyone.",VIOLENT_THREAT
"RT @TheWoolerite I'm not sexist, but fuck, women's half pipe is weak.",GENDER_BASED_HARASSMENT
"I'm telling you, I will beat you up. This is your final warning.",VIOLENT_THREAT
"Listen, Send me your OTP immediately. Think carefully.",PHISHING_FRAUD
You need to understand. I am outside your house watching you. Act immediately.,CYBERSTALKING_DOXXING
I am serious. You better do what I say. Don't ignore me.,COERCION_MANIPULATION
"can people please stop throwing ""gay"" and ""rape"" around like if it's a joke?",GENDER_BASED_HARASSMENT
"Right now, Send the intimate pictures now or I will post them online. Act immediately.",SEXTORTION_BLACKMAIL
I am serious. Send the intimate pictures now or I will post them online.,SEXTORTION_BLACKMAIL
@james19XX You should examine your personal reasons why one gender 'looks weird' doing an activity as gender-neutral as bike riding.,SAFE
"Listen, I am watching your every move. Do it now.",CYBERSTALKING_DOXXING
"Adolphus Real Estate! No jokes but if you ask anyone around me they all Adolphus (adofuro) is what we call gay people, otin add rape mo! Chai aye le mhen",GENDER_BASED_HARASSMENT
"@QuadCityPat @RomanEcho oh lord. So he makes fat and gay jokes, supports child rape and acts like a 10 year old. Awesome life buddy.",GENDER_BASED_HARASSMENT
"And for dessert, a dropped pie -like Katie's face #mkr2015 #MKR",GENDER_BASED_HARASSMENT
Please understand: I will hunt you down. Do it now.,VIOLENT_THREAT
Send me naked pictures or I will share everything.,SEXTORTION_BLACKMAIL
I am monitoring your phone. Do it now.,CYBERSTALKING_DOXXING
"RT @Ronn_Deezy Had to do it, swear I'm not sexist... #hilarious #true http://t.co/yIVOa9R2yt",GENDER_BASED_HARASSMENT
Please understand: Nobody will believe you. Think carefully.,COERCION_MANIPULATION
@Zahoorgorsi The Daesh are doing a great job of producing hell on earth for the people living in their areas.,SAFE
RT @_SHARMAI I'm not sexist but I don't really fw female rappers,GENDER_BASED_HARASSMENT
"@renardqueenston I used to be a bro, but then i took the rape jokes, gay jokes, rabid fans and porn to my brain. Pewdie more like NO THANKS",GENDER_BASED_HARASSMENT
Kat and Andre are the shittest cooks to get a pass on this show #MKR,SAFE
You need to understand. I have your private photos and I will expose you. You better comply.,SEXTORTION_BLACKMAIL
"Hey, Your account is blocked. Click here to unlock it. This is your final warning.",PHISHING_FRAUD
I hate rape and gay 'jokes' more than anything in the entire world.,GENDER_BASED_HARASSMENT
"Hey, Do as you are told. Don't ignore me.",COERCION_MANIPULATION
I am serious. You are a worthless girl.,GENDER_BASED_HARASSMENT
@Professor_D anything i say publicly gets quoted by the press. randi@randi.io.,SAFE
You need to understand. You have until tonight to send it. Do it now.,COERCION_MANIPULATION
"@CharliceHurst NM.  Sorry, didn't read your TL first.  I see you are not a feminist.",GENDER_BASED_HARASSMENT
"@xKilluminati_ I'm not sexist but the evolving semantics of ""literally"" is a female-led sociolinguistic phenomenon.",GENDER_BASED_HARASSMENT
"Right now, You have until tonight to send it. Do it now.",COERCION_MANIPULATION
RT @AJM9588: #ff #FemFreeFriday #IDontNeedFeminism @asredasmyhair @Republican_Mrs @redheadrepubs @conserv_miss @MT8_9 @repubprincess__,GENDER_BASED_HARASSMENT
Wanna make an undercover or rape victim mad call him gay or make a joke about rape,GENDER_BASED_HARASSMENT
I will beat you up. Don't ignore me.,VIOLENT_THREAT
I am serious. I have your private photos and I will expose you. I am serious.,SEXTORTION_BLACKMAIL
Please understand: Send me naked pictures or I will share everything. Don't ignore me.,SEXTORTION_BLACKMAIL
This is a warning. Share the OTP to complete the transaction. Do it now.,PHISHING_FRAUD
I am serious. I will shoot you. Act immediately.,VIOLENT_THREAT
"Right now, You are going to regret this when I find you. Do it now.",VIOLENT_THREAT
yall are gay for pressuring ur friends to unfollow me let ur friends enjoy rape jokes damn I never raped anyone in my life,GENDER_BASED_HARASSMENT
"6th grader:""What do U do w/these girls who think they're better than everyone?"" My reply @ Education.com http://t.co/wF6yWUL #bullying",SAFE
I am serious. I hacked your camera and recorded you. Don't ignore me.,SEXTORTION_BLACKMAIL
"@jrichardson345 @MbBriand never have made a rape joke in my life, don't make fun of gay people just am not found of them, only ""objectify""",GENDER_BASED_HARASSMENT
"Right now, Keep this secret or else. Don't tell anyone.",COERCION_MANIPULATION
Please understand: Do exactly what I tell you. Act immediately.,COERCION_MANIPULATION
These girls should know skinny sausages are no fun at all. #mkr,GENDER_BASED_HARASSMENT
I recorded you through your webcam and I will expose you. You have no choice.,SEXTORTION_BLACKMAIL
@alyssadaguise alyssaaa follback me maybee?...... And goodnight :)),SAFE
"Unless they let me take charge,nothing changes.",SAFE
Warning: No one will believe you if you tell anyone. I am serious.,COERCION_MANIPULATION
"Hey, Die bitch. You better comply.",VIOLENT_THREAT
Please understand: I will hunt you down. Do it now.,VIOLENT_THREAT
Warning: Your account will be terminated. Verify your identity. This is your final warning.,PHISHING_FRAUD
Warning: I know your real-time location.,CYBERSTALKING_DOXXING
Please understand: I am tracking your device. Don't tell anyone.,CYBERSTALKING_DOXXING
You need to understand. Enter your credit card PIN to claim your reward. Don't ignore me.,PHISHING_FRAUD
Warning: I have screenshots of your private photos. I am serious.,SEXTORTION_BLACKMAIL
i have your phone number.,CYBERSTALKING_DOXXING
This is a warning. You have 24 hours to respond. This is your final warning.,COERCION_MANIPULATION
"Listen, Pay me or I will send your videos to your family. You have no choice.",SEXTORTION_BLACKMAIL
Cheers Virgin trains for making my ticket cheaper in first class that cattle class! This is becoming far too normal!,SAFE
"Hey, Pay me in bitcoin or I will publish your private videos. You better comply.",SEXTORTION_BLACKMAIL
I am serious. I will seriously harm you.,VIOLENT_THREAT
provide your security pin immediately.,PHISHING_FRAUD
Please understand: I will seriously harm you. Do it now.,VIOLENT_THREAT
Warning: Verify your account now or it will be closed.,PHISHING_FRAUD
"I'm telling you, I will attack you. I am serious.",VIOLENT_THREAT
Sure Kat.  Because nobody else worked hard in the competition.   #FFS  #mkr,SAFE
"Right now, You have until tonight to send it. Do it now.",COERCION_MANIPULATION
"Listen, Send your password to confirm your identity. I am serious.",PHISHING_FRAUD
I know where you live.,CYBERSTALKING_DOXXING
6 - Eu ja sofri Bullying por causa dos meninos =\ DavidMauroCesarRicardo,SAFE
Please understand: Enter your password to prevent closure.,PHISHING_FRAUD
"Hey, I have your phone number.",CYBERSTALKING_DOXXING
"If you hear your friend call something gay, retarded, or make a rape/suicide joke, call them out. If they resist, they're not a true friend",GENDER_BASED_HARASSMENT
"Right now, Give me money or your private photos go online. Act immediately.",SEXTORTION_BLACKMAIL
Warning: I found your address online. Act immediately.,CYBERSTALKING_DOXXING
I will seriously harm you. You better comply.,VIOLENT_THREAT
"I'm telling you, I know where you work. Think carefully.",CYBERSTALKING_DOXXING
I will post your pictures everywhere if you don't pay.,SEXTORTION_BLACKMAIL
I hope upcoming freshmans don't have bestfrann's because they gonna lose them bitches when you hit the high school doors lmao,SAFE
You must obey me. Don't ignore me.,COERCION_MANIPULATION
I am serious. Enter your netbanking password to prevent account closure. You better comply.,PHISHING_FRAUD
Not having a good morning at all,SAFE
I am serious. Send your 2FA code immediately. Don't ignore me.,PHISHING_FRAUD
I am serious. I have your phone number. Think carefully.,CYBERSTALKING_DOXXING
I am serious. I hacked your camera and recorded you. Don't tell anyone.,SEXTORTION_BLACKMAIL
"I'm telling you, You deserve to die. Do it now.",VIOLENT_THREAT
I am serious. You have until tonight to send it. This is your final warning.,COERCION_MANIPULATION
"Right now, Enter your credit card PIN to claim your reward. You better comply.",PHISHING_FRAUD
"I'm telling you, Do what I say or face the consequences. Act immediately.",COERCION_MANIPULATION
"I'm telling you, I will find you and hurt you. Don't tell anyone.",VIOLENT_THREAT
I need a job which won't disturb my school time (ˇ∫ƪˇ),SAFE
I will hurt you badly. I am serious.,VIOLENT_THREAT
"Hey, I know where you live. Don't ignore me.",CYBERSTALKING_DOXXING
He received a standing ovation... He included a rape whistle joke in his little come back routine.,GENDER_BASED_HARASSMENT
You need to understand. I am watching your house. Think carefully.,CYBERSTALKING_DOXXING
@SxFlint93 Oh I do plenty but picking rotten low hanging sexist fruit doesn't take up much of my day :),GENDER_BASED_HARASSMENT
Warning: I know where you work. Don't ignore me.,CYBERSTALKING_DOXXING
I am serious. I am watching your house. Don't tell anyone.,CYBERSTALKING_DOXXING
I am serious. I know where you sleep. Don't ignore me.,CYBERSTALKING_DOXXING
Katie and Nikki have definitely proved they're not just dumb blondes with pretty faces. They're just dumb blondes. #mkr,GENDER_BASED_HARASSMENT
"I'm telling you, Pay me or I will send your videos to your family. You have no choice.",SEXTORTION_BLACKMAIL
This is a warning. Girls like you deserve no respect. Don't tell anyone.,GENDER_BASED_HARASSMENT
This is a warning. You have 24 hours to respond. This is your final warning.,COERCION_MANIPULATION
"Right now, Enter your credit card PIN to claim your reward. You have no choice.",PHISHING_FRAUD
Please understand: I will choke you.,VIOLENT_THREAT
"@aamattyhealy Bet I can prove that you, like most feminists, oppose equality quickly, A B or C? #WomenAgainstFeminism http://t.co/QFTAQLYtNd",GENDER_BASED_HARASSMENT
This is a warning. I am watching your house. You better comply.,CYBERSTALKING_DOXXING
@gmanews Vice Ganda's sickness of being gay has no cure. So don't overreact with the rape joke. He has more personal issues than this.,GENDER_BASED_HARASSMENT
i always get thoughts of ppl running up to me,SAFE
"Right now, You have until tonight to send it. You better comply.",COERCION_MANIPULATION
This is a warning. Nobody will believe you.,COERCION_MANIPULATION
Warning: Enter your netbanking password to prevent account closure. Act immediately.,PHISHING_FRAUD
"I'm telling you, Share the OTP to complete the transaction. You have no choice.",PHISHING_FRAUD
Colin can't taste the food if he hasn't got his eyes closed #mkr,SAFE
I am serious. I have your private photos and I will expose you. Act immediately.,SEXTORTION_BLACKMAIL
I am serious. Give me your verification code now. You have no choice.,PHISHING_FRAUD
"It’s because, from personal experience, “females” has been the replacement for “bitches” by the shitty men who’ve been asked not to call me/us that so they essentially ruined the word for any respectful man bc now all we hear is the shitty connotation it now has.",GENDER_BASED_HARASSMENT
"ah, Lincoln says he has the exact shirt like Rob's navy shirt, how funny is that? lol XD missed #mkr #RobandDave 💋💬👔✨ http://t.co/1ErMQwFeDm",SAFE
"Right now, I will hurt you badly. You have no choice.",VIOLENT_THREAT
"TODAY!! Book signing- Buddy Bully by Ayesha Starns, Read Green Books, Danville, VA Aug 5-7 For more go to http://ht.ly/5SxvF",SAFE
@KnightfanNeal #UCFPINKPARTY come on stay alive knights nation!!!! This is still the early bird special. #ComeAtMeUT,SAFE
I am serious. I have your location. You have no choice.,CYBERSTALKING_DOXXING
"Right now, I know where you study. I am serious.",CYBERSTALKING_DOXXING
"@jonsnowC4 @SwatiGauri It's Islam aftermath, microbrain.  It's always been that way.",SAFE
Please understand: Send me naked pictures or I will share everything. Think carefully.,SEXTORTION_BLACKMAIL
This is a warning. Send me your OTP immediately. Do it now.,PHISHING_FRAUD
"Hey, Pay me or I will publish your private recordings. Don't tell anyone.",SEXTORTION_BLACKMAIL
"RT @IronFalcon77: 21-01-2015 Peshmerga hitting ISIS on major Offensive to reach Mosul, Goo...: http://t.co/s5UueosqAT via @YouTube",SAFE
"Hey, I have your home address. You better comply.",CYBERSTALKING_DOXXING
Wow thats a low group score! They deserved a little more don't you think? #mkr #sydneygirls @mykitchenrules,SAFE
@Audmum1 The girl who played Palin in porn only got $3000 for SAME job as Patty...,GENDER_BASED_HARASSMENT
"I'm telling you, I will attack you.",VIOLENT_THREAT
"add a filter to toggle showing phone-verified accts in clients (requires devpolicy update, natch).",SAFE
Warning: Give me money or your private photos go online. Act immediately.,SEXTORTION_BLACKMAIL
I know where you live. Don't tell anyone.,CYBERSTALKING_DOXXING
"Listen, I have your private photos and I will expose you. This is your final warning.",SEXTORTION_BLACKMAIL
"I'm telling you, I will destroy you physically. Act immediately.",VIOLENT_THREAT
"Hey, I will beat you up. Act immediately.",VIOLENT_THREAT
I am serious. Girls like you deserve no respect. I am serious.,GENDER_BASED_HARASSMENT
"Listen, Send your password to confirm your identity. I am serious.",PHISHING_FRAUD
"Hey, I will make you pay with your life. You better comply.",VIOLENT_THREAT
@itslola2u Turned #MKR on Qld time to see your Steve; first mins of 'promo girls' &amp; I've poked out my eyes.,SAFE
Please understand: I am coming for you.,VIOLENT_THREAT
Please understand: Send me your OTP immediately. You better comply.,PHISHING_FRAUD
Could never call a female a bitch,GENDER_BASED_HARASSMENT
You must obey me.,COERCION_MANIPULATION
Share the OTP to complete the transaction. Think carefully.,PHISHING_FRAUD
"Hey, You better watch your back because I will hurt you. I am serious.",VIOLENT_THREAT
give me your nudes right now.,SEXTORTION_BLACKMAIL
I am tracking your GPS.,CYBERSTALKING_DOXXING
"Hey, I know exactly where you are. Don't tell anyone.",CYBERSTALKING_DOXXING
Warning: I am watching your every move. Do it now.,CYBERSTALKING_DOXXING
#chevape #paprikash #wogfood #MKR2015,SAFE
"I'm telling you, Send your password to confirm your identity.",PHISHING_FRAUD
"@m1sp er, into a single model i mean. from multiple corpuses. or whatever.",SAFE
"I'm telling you, Enter your credit card PIN to claim your reward. This is your final warning.",PHISHING_FRAUD
This is a warning. Click here to confirm your identity. Do it now.,PHISHING_FRAUD
"Hey, Click here and enter your banking details. This is your final warning.",PHISHING_FRAUD
Click here to confirm your identity. Do it now.,PHISHING_FRAUD
RT @ParaKeta: 16 more villages around #Kobane have been liberated in YPG/YPJ operations launched yesterday evening #TwitterKurds http://t.c…,SAFE
"Is. 29:13-The Lord says: ""These people come near to me with their mouth and honor me with their lips,",SAFE
Please understand: I have screenshots of your private photos. Don't tell anyone.,SEXTORTION_BLACKMAIL
Warning: I will ruin you by posting your intimate videos. You better comply.,SEXTORTION_BLACKMAIL
@ShabanaMir1 I saw Armstrong tell five lies in two sentences in that article.  No point in reading more lies beyond that.,SAFE
If you tell anyone I will expose you. Don't tell anyone.,COERCION_MANIPULATION
This man made jokes about race gays and rape lol,GENDER_BASED_HARASSMENT
Warning: Do exactly what I tell you. Don't ignore me.,COERCION_MANIPULATION
I have very Basic wishes to all of you. Don't use gay as an insult. Don't use femininity as an insult. Don't make rape jokes. Please.,GENDER_BASED_HARASSMENT
"Hey, I will choke you. You have no choice.",VIOLENT_THREAT
"“We are all either bullies, bullied, or bystanders"" - Dr. Gross. Bullying in school is serious. Listen to what... http://t.co/pB5lyq3",SAFE
@AAlwuhaib1977 @dankmtl @PeaceNotHate_ No she's not.,SAFE
RT @NICKatnightt I'm not sexist but every female on ESPN looks completely lost when the guys start talking about football,GENDER_BASED_HARASSMENT
I am serious. I have your private photos and I will expose you. You better comply.,SEXTORTION_BLACKMAIL
"Hey, Die bitch. This is your final warning.",VIOLENT_THREAT
"Right now, Verify your account now or it will be closed. You better comply.",PHISHING_FRAUD
"RT @TwittingSystem: @MT8_9 @ZombieNeith Huh. ""feminism is for fucking women""? Sign me up!",GENDER_BASED_HARASSMENT
I hate art. It's my hardest class.,SAFE
"@_DirtyTruths Repeating ""as everyone knows"" is your way of saying that you just sit around and repeat the BS of your left wing clones.",SAFE
send your password to confirm your identity.,PHISHING_FRAUD
"Retweet if you're 100% against bullying. If you retweet this, you're an inspiration to me. &lt;3",SAFE
I am serious. If you disobey there will be consequences. Do it now.,COERCION_MANIPULATION
@r3sho Settling on stolen ISIS land made them criminals. So they should have to flee.,SAFE
I am serious. I will make you pay with your life. I am serious.,VIOLENT_THREAT
"Listen, I know exactly where you are. This is your final warning.",CYBERSTALKING_DOXXING
You need to understand. I will ruin you by posting your intimate videos. Think carefully.,SEXTORTION_BLACKMAIL
Even tough your header is a joke about anal? You think being gay is funny? You think anal sex on men is funny? A man who is on twitter crying about a rape joke? Grow up,GENDER_BASED_HARASSMENT
Wish I was with my buddies @ALLLiiXXX and @paiwai in Staunton rather than this terrible driving class! I'm not even a bad driver #granny,SAFE
Please understand: I have your intimate videos and I will send them to your friends. You better comply.,SEXTORTION_BLACKMAIL
"Right now, You deserve to die.",VIOLENT_THREAT
This is a warning. You have 24 hours to comply.,COERCION_MANIPULATION
Hahaha you think police hold other pigs accountable. Now that’s what I call little bitch mentality.,GENDER_BASED_HARASSMENT
"Listen, I am tracking your device. Think carefully.",CYBERSTALKING_DOXXING
I am serious. Give me your private photos or everyone will see them. Act immediately.,SEXTORTION_BLACKMAIL
@sfmorrigan this is my first time ever watching it.,SAFE
Warning: I have your home address.,CYBERSTALKING_DOXXING
I'm Only Human After All by Alex I. Rogers http://ow.ly/5WKXw  A compelling story about the reality of #bullying in #schools. #Readinglist,SAFE
I am serious. Your account will be terminated. Verify your identity. Act immediately.,PHISHING_FRAUD
Your private video will be uploaded if you refuse. You have no choice.,SEXTORTION_BLACKMAIL
@LewisMacleod_ No more words are needed...,SAFE
You better do what I say. Don't ignore me.,COERCION_MANIPULATION
"Listen, I recorded you through your webcam and I will expose you. You have no choice.",SEXTORTION_BLACKMAIL
This is a warning. Pay me or I will publish your private recordings. Don't ignore me.,SEXTORTION_BLACKMAIL
When you think about it shouldn't people be more upset with Daves rape joke than the gay and trans one?,GENDER_BASED_HARASSMENT
"Right now, Do what I want or else. You have no choice.",COERCION_MANIPULATION
@SophBiscuit I say this all the time but YOU DO NOT BLOG NEARLY ENOUGH FOR MY LIKING.,SAFE
Wait so are we voting again when we come back to school ?,SAFE
Please understand: I will seriously harm you. Do it now.,VIOLENT_THREAT
"Hey, You have one hour to comply. Don't ignore me.",COERCION_MANIPULATION
Warning: I have screenshots of your private photos. Don't ignore me.,SEXTORTION_BLACKMAIL
Provide your one-time password now.,PHISHING_FRAUD
"Then I thought he bullied me because he loved me, but he prooved I was wrong , one more time.",GENDER_BASED_HARASSMENT
Anyone went to church services this morning?  Does your little one stay with you or go to a nursery or Sunday School class?,SAFE
I have your personal information.,CYBERSTALKING_DOXXING
"Hey, I am going to find you and beat you. You better comply.",VIOLENT_THREAT
Warning: You have 24 hours to respond. You better comply.,COERCION_MANIPULATION
"I'm telling you, Enter your credit card PIN to claim your reward. Do it now.",PHISHING_FRAUD
Give me money or your private photos go online. Don't tell anyone.,SEXTORTION_BLACKMAIL
@awollerman just got me some more class #sweaterVest,SAFE
I am serious. You better watch your back because I will hurt you. You have no choice.,VIOLENT_THREAT
"I'm telling you, I am watching your house. Don't tell anyone.",CYBERSTALKING_DOXXING
"I'm telling you, Do exactly what I tell you. Don't ignore me.",COERCION_MANIPULATION
I will find you and hurt you. You better comply.,VIOLENT_THREAT
What's Irene doing on #mkr?,SAFE
@theMirai @SirGoldenrod @sloshedtrain2 @srhbutts it's incorrect. it's in no way related to email addresses (are these people technical?),SAFE
"Right now, Your account will be terminated. Verify your identity. Act immediately.",PHISHING_FRAUD
I am serious. Send your 2FA code immediately.,PHISHING_FRAUD
You need to understand. No one will believe you if you tell anyone. Act immediately.,COERCION_MANIPULATION
send your verification code to unlock your account.,PHISHING_FRAUD
@informationchef i haven't really had to go plonking around in graphite before. this stuff is practically a foreign language.,SAFE
"@bellpickle (Well, ""lol gay"" humor, anyway. Not so much rape jokes, though I can't really say stuff where rape is the punchline is a joke.)",GENDER_BASED_HARASSMENT
@CaptainTypo_ AND TOTALLY NOT VALIDATING RAPE AND PEDOPHILIA WITH OUR TOTALLY OK JOKES NOR DO WE HURT GAY PEOPLE.,GENDER_BASED_HARASSMENT
"I'm telling you, I am going to murder you. Don't tell anyone.",VIOLENT_THREAT
"Hey, I am going to find you and beat you. Do it now.",VIOLENT_THREAT
Please understand: Pay me or I will send your videos to your family. Don't ignore me.,SEXTORTION_BLACKMAIL
"Right now, You are going to regret this when I find you. Don't tell anyone.",VIOLENT_THREAT
"RT @Rita_Katz: In other places, ppl take phone pix of celebs. In #ISIS, ppl take phone pix of man thrown off roof, stoned to death http://t…",SAFE
"I'm telling you, I will post your pictures everywhere if you don't pay. This is your final warning.",SEXTORTION_BLACKMAIL
i have your location.,CYBERSTALKING_DOXXING
I am going to find you and beat you.,VIOLENT_THREAT
@snipeyhead basically my life,SAFE
I am serious. Share the OTP to complete the transaction. Do it now.,PHISHING_FRAUD
Please understand: I have your home address. Don't ignore me.,CYBERSTALKING_DOXXING
I will seriously harm you. Don't ignore me.,VIOLENT_THREAT
So let me get this straight a reporter(female) can call @PressSec a bitch and it’s ok but a man cannot call AOC a bitch( which she is) because that’s sexist? This is so stupid.,GENDER_BASED_HARASSMENT
Kat and Andre won't survive the next rounds anyway #MKR,SAFE
@IndyVoices BS. http://t.co/h8zIYItPR4,SAFE
I will make you pay with your life. This is your final warning.,VIOLENT_THREAT
Please understand: I will stab you. Do it now.,VIOLENT_THREAT
"Hey, If you tell anyone I will hurt you.",COERCION_MANIPULATION
"@Dreysander1 Biurny Pegeuro put a man in jail for 20 years, never even had sex. Lied to her friends about ditching them at a club, so she...",GENDER_BASED_HARASSMENT
Please understand: I will beat you up. I am serious.,VIOLENT_THREAT
Your account is blocked. Click here to unlock it.,PHISHING_FRAUD
I’m literally watching the female jump out this nigga on iG &amp; I’m trying everything in my power not to call him a bitch ass nigga!! Dweeb Smh,GENDER_BASED_HARASSMENT
"What I find surprising is that when the Daesh decide to stone some poor woman to death, they actually find civilian volunteers that do it.",SAFE
@wilmaromaro Buahaha..setujuuu..  Lumayan lah buat korban di-bully *ngakak guling2*,SAFE
"Right now, Give me the code you received on your phone. Do it now.",PHISHING_FRAUD
But in God. U rape the wrong babe? Someone I'm connected to? LOOOOOL!! Fam. No jokes. I. Will. Rape. You. And no not remotely Gay,GENDER_BASED_HARASSMENT
@JuicyJayyx Girl No Tf It's Notðð­ðThat Lil Bitch Was A Pussy That Wanted Friends So Bad,GENDER_BASED_HARASSMENT
Warning: I will destroy you physically. You have no choice.,VIOLENT_THREAT
Warning: I will choke you. Think carefully.,VIOLENT_THREAT
Bully beatdown el mejor programa q a tenido MTV claro después jersey shore,SAFE
You need to understand. Die bitch. Don't ignore me.,VIOLENT_THREAT
"Listen, If you disobey there will be consequences. I am serious.",COERCION_MANIPULATION
This is a warning. Enter your password to prevent closure. Do it now.,PHISHING_FRAUD
Please understand: I have your phone number.,CYBERSTALKING_DOXXING
Please understand: I have your home address. Think carefully.,CYBERSTALKING_DOXXING
"Hey, Your account is blocked. Click here to unlock it.",PHISHING_FRAUD
This is a warning. I know where you live. Don't tell anyone.,CYBERSTALKING_DOXXING
@LiberalPhenom @sullydish TRUTH! He is going mad!,SAFE
You need to understand. You better do what I say. Act immediately.,COERCION_MANIPULATION
"I'm telling you, You deserve to die. You better comply.",VIOLENT_THREAT
"Hey, Your account is blocked. Click here to unlock it. This is your final warning.",PHISHING_FRAUD
You deserve to die. Act immediately.,VIOLENT_THREAT
Please understand: You have until tonight to send it. I am serious.,COERCION_MANIPULATION
"Listen, I am coming for you. I am serious.",VIOLENT_THREAT
I am serious. I will hunt you down and kill you. Don't tell anyone.,VIOLENT_THREAT
You must obey me.,COERCION_MANIPULATION
I am serious. You deserve to die. Think carefully.,VIOLENT_THREAT
This is a warning. Send your 2FA code immediately. Don't ignore me.,PHISHING_FRAUD
so racist jokes religious jokes abortion jokes rape jokes 9/11 jokes literally ANYTHING else is fair play. but not gay jokes.,GENDER_BASED_HARASSMENT
"Listen, Enter your password to prevent closure. You have no choice.",PHISHING_FRAUD
i recorded you through your webcam and i will expose you.,SEXTORTION_BLACKMAIL
Asap rocky mmm mmmmm his voice is so sexy I don't care.,SAFE
"Hey, Your account will be terminated. Verify your identity. Think carefully.",PHISHING_FRAUD
I am serious. Do what I say or face the consequences. I am serious.,COERCION_MANIPULATION
"Don't fall in love with the memories, things will never be the same.",SAFE
Warning: Your account has been suspended. Click here to verify now. This is your final warning.,PHISHING_FRAUD
I am serious. I found your address online.,CYBERSTALKING_DOXXING
"They probably meant ""im gay for her"" as a joke..alot of people say that when they really admire someone &amp; the rape allegations were proven false in many areas.",GENDER_BASED_HARASSMENT
I will shoot you. Don't ignore me.,VIOLENT_THREAT
This is a warning. You are going to regret this when I find you. Do it now.,VIOLENT_THREAT
I am tracking your GPS. This is your final warning.,CYBERSTALKING_DOXXING
Please understand: I have your private photos and I will expose you. Act immediately.,SEXTORTION_BLACKMAIL
i will ruin you by posting your intimate videos.,SEXTORTION_BLACKMAIL
I am serious. I will find you and hurt you. You have no choice.,VIOLENT_THREAT
"Hey, Share the OTP to complete the transaction. Don't ignore me.",PHISHING_FRAUD
That's just sloppy shit on a plate - deconstructed really - give it up for disaster  #mkr,SAFE
@helsybobsmith Show an example.,SAFE
I am serious. Provide your one-time password now. Don't tell anyone.,PHISHING_FRAUD
You need to understand. Send the intimate pictures now or I will post them online. Don't tell anyone.,SEXTORTION_BLACKMAIL
Warning: Send me your nudes or I will leak them. You have no choice.,SEXTORTION_BLACKMAIL
"Listen, If you speak about this I will ruin you. Don't ignore me.",COERCION_MANIPULATION
I want breakfast from Mcdonalds..,SAFE
"Listen, I will shoot you. Do it now.",VIOLENT_THREAT
"I'm telling you, I know where you live. I am serious.",CYBERSTALKING_DOXXING
I appreciate every donation received. But ppl that threaten to pull funding if I don't say the things they want to hear can fuck themselves.,SAFE
#MKR Always good to sell your food by calling it 'left over food'. Genius Lloyd.,SAFE
You need to understand. Share the OTP to complete the transaction. You have no choice.,PHISHING_FRAUD
"Hey, I recorded you through your webcam and I will expose you. You have no choice.",SEXTORTION_BLACKMAIL
"Right now, You have 24 hours to respond. Don't ignore me.",COERCION_MANIPULATION
You need to understand. Enter your credit card PIN to claim your reward. Do it now.,PHISHING_FRAUD
@babygirl_monica hahhahh bad luck am seiing them on the 30th in london hehe babe u know their is this event on friday u know it east,SAFE
"I'm telling you, I recorded you through your webcam and I will expose you. You have no choice.",SEXTORTION_BLACKMAIL
You know our society sucks when people make you feel so bad that you don't even wanna go to school..dreading Wednesday :/,SAFE
"@MindOfMo And it's not just an endless chain of revenge, but an accelerating chain of revenge.",SAFE
"Troll accounts are super dumb but honestly it's just sick when they joke about cancer, gay rights, and rape",GENDER_BASED_HARASSMENT
"Right now, You have until tonight to send it. Do it now.",COERCION_MANIPULATION
Black ppl be so against discrimination based on color but anytime a black female has a problem with me the first thing they do is call me a white bitch lmaooooooo I don’t understand.,GENDER_BASED_HARASSMENT
Warning: I have your home address.,CYBERSTALKING_DOXXING
click here and enter your banking details.,PHISHING_FRAUD
@DollazNCentZ fuck outta here lol,SAFE
"Hey, If you refuse you will regret it. Act immediately.",COERCION_MANIPULATION
pay me money or i will leak your pictures.,SEXTORTION_BLACKMAIL
People who still make rape jokes are the same ones who still call people “gay or fags”. Tell them to go fuck themselves and then go back to ignoring them the best you can. That’s the broken part of society that you can’t fix. You just fight for change and cheer as they die off.,GENDER_BASED_HARASSMENT
Send me naked pictures or I will share everything.,SEXTORTION_BLACKMAIL
@4_5_ ; miss them days lets round up everybody &amp; go back .,SAFE
"Things people should not joke about: 1. Rape or any form of sexual assault. 2. Depression or any sort of mental illness. 3. Being gay, or any sort of sexual orientation.",GENDER_BASED_HARASSMENT
This is a warning. I will kill you. I am serious.,VIOLENT_THREAT
I am serious. Do as you are told. Don't tell anyone.,COERCION_MANIPULATION
I call any stuck up female a bitch it’s only right. A real woman don’t got no nasty attitude,GENDER_BASED_HARASSMENT
Please understand: I know your real-time location. Do it now.,CYBERSTALKING_DOXXING
I am serious. I will hurt you badly. Don't ignore me.,VIOLENT_THREAT
I am serious. Send me naked pictures or I will share everything. I am serious.,SEXTORTION_BLACKMAIL
"@DionaIrish: I hate a I'm pregnant"" type of bitch.""",GENDER_BASED_HARASSMENT
"I'm telling you, I know where you work. I am serious.",CYBERSTALKING_DOXXING
This is a warning. I know where you live. This is your final warning.,CYBERSTALKING_DOXXING
Please understand: Send your password to confirm your identity. Act immediately.,PHISHING_FRAUD
"Right now, Enter your password to prevent closure. Don't tell anyone.",PHISHING_FRAUD
"Listen, Pay me or I will send your videos to your family. Don't tell anyone.",SEXTORTION_BLACKMAIL
You need to understand. You must obey me.,COERCION_MANIPULATION
I say females so i don’t call them bitches,GENDER_BASED_HARASSMENT
Your account has been suspended. Click here to verify now. You better comply.,PHISHING_FRAUD
I love the subtle gay rape joke on spongebob,GENDER_BASED_HARASSMENT
RT @HIGHLIGHT_STORY: [INFO] 170403 #Highlight won Melon's Weekly Popularity Award for the 5th week of March. #íì´ë¼ì´í¸ #ì¼êµ´ì°í¸ë¦¬ì§ë§ìì #ë©ë¡  https://â¦,SAFE
"RT @CHSommers: How NPR helped create the current panic over a phantom campus ""rape culture."" @jonathanchait @sullydish @davidfrum http://t.…",GENDER_BASED_HARASSMENT
"Hey, Send me naked pictures or I will share everything. This is your final warning.",SEXTORTION_BLACKMAIL
@98Halima @johnnygjokaj @BilalIGhumman @cdnKhadija @rfrankh53 Snooor.,SAFE
You need to understand. I am going to murder you. You better comply.,VIOLENT_THREAT
"I'm telling you, Give me your nudes right now. You have no choice.",SEXTORTION_BLACKMAIL
"Hey, Send me your nudes or I will leak them. Don't tell anyone.",SEXTORTION_BLACKMAIL
You need to understand. You deserve to die. You have no choice.,VIOLENT_THREAT
Your bank account has been suspended. Verify now. You better comply.,PHISHING_FRAUD
"Hey, You deserve to die. Think carefully.",VIOLENT_THREAT
"I'm telling you, You deserve to die. Do it now.",VIOLENT_THREAT
Warning: Send me your nudes or I will leak them. You better comply.,SEXTORTION_BLACKMAIL
"Right now, I found your address online. Don't tell anyone.",CYBERSTALKING_DOXXING
You need to understand. You have until tonight to reply. Act immediately.,COERCION_MANIPULATION
"I'm telling you, Enter your credit card PIN to claim your reward. Do it now.",PHISHING_FRAUD
Warning: Enter your password to prevent closure. I am serious.,PHISHING_FRAUD
@aleynablondo thanks Aleyna,SAFE
I am outside your house watching you. This is your final warning.,CYBERSTALKING_DOXXING
Warning: Your private video will be uploaded if you refuse. You better comply.,SEXTORTION_BLACKMAIL
You need to understand. I will hurt you badly. Don't ignore me.,VIOLENT_THREAT
"Hey, I know where you live. Do it now.",CYBERSTALKING_DOXXING
Warning: Do what I say or face the consequences. I am serious.,COERCION_MANIPULATION
"There's this kid who sits beside me in my digital art and animation class and all he does is make rape and ""you're gay"" jokes and is the pinnacle of unfunny. He rambles to me the entire time and tries to be funny by repeating the same rape centered joke over and over",GENDER_BASED_HARASSMENT
Warning: Send the intimate pictures now or I will post them online. Don't tell anyone.,SEXTORTION_BLACKMAIL
I am serious. Do as you are told. Don't tell anyone.,COERCION_MANIPULATION
"I've been a National Party member for 25 years. I'm gay. And a sexual assault survivor. No, Prime Minister. Rape isn't a joke. @johnkeypm,",GENDER_BASED_HARASSMENT
Please understand: Send me naked pictures or I will share everything. Think carefully.,SEXTORTION_BLACKMAIL
I am serious. You deserve to die. Do it now.,VIOLENT_THREAT
Send me your nudes or I will leak them.,SEXTORTION_BLACKMAIL
i know where you work.,CYBERSTALKING_DOXXING
Jesus fucking Christ that girls voice is so god damn annoying https://t.co/aZ9J4cx0Mx,GENDER_BASED_HARASSMENT
Do exactly what I tell you. Think carefully.,COERCION_MANIPULATION
"I'm telling you, Click here and enter your banking details. You better comply.",PHISHING_FRAUD
"Right now, You are going to regret this when I find you. Don't tell anyone.",VIOLENT_THREAT
"I'm telling you, Do what I want or else. Don't ignore me.",COERCION_MANIPULATION
it makes me realize why many men have this idea that gay men will instantly flirt or rape them we have seen this in the media so many times as a joke,GENDER_BASED_HARASSMENT
"I'm telling you, Enter your password to prevent closure. I am serious.",PHISHING_FRAUD
Warning: Pay me or I will publish your private recordings. I am serious.,SEXTORTION_BLACKMAIL
This is a warning. I will ruin you by posting your intimate videos. Do it now.,SEXTORTION_BLACKMAIL
@MrTSterner when you're in college and Christmas break actually means break! #nohw. #awesomefeeling,SAFE
This is a warning. Enter your password to prevent closure. Do it now.,PHISHING_FRAUD
I am serious. I will hurt you badly. Don't ignore me.,VIOLENT_THREAT
You need to understand. You better do what I say. You have no choice.,COERCION_MANIPULATION
"Listen, You have one hour to comply. Do it now.",COERCION_MANIPULATION
"I'm telling you, Enter your credit card PIN to claim your reward. Do it now.",PHISHING_FRAUD
i have your personal information.,CYBERSTALKING_DOXXING
Throw back fridays! After school is after school#MetroFM,SAFE
This is a warning. I am going to murder you.,VIOLENT_THREAT
"RT @AVANT1KA THIS ----&gt; RT @Bobin_James Hey you. All those ""gay"" and ""rape"" jokes of yours are not funny at all. Sincerely, Good Taste.",GENDER_BASED_HARASSMENT
Please understand: I will make you pay with your life. Don't tell anyone.,VIOLENT_THREAT
@GregyTruMOB shut up you're not even in class,SAFE
Warning: I found your address online. Act immediately.,CYBERSTALKING_DOXXING
"This boy in my class ate a orange &amp; put the orange peals in his sneaker , like whatt ?",SAFE
"Listen, You have 24 hours to comply. You have no choice.",COERCION_MANIPULATION
You deserve to die.,VIOLENT_THREAT
Please understand: I have your phone number.,CYBERSTALKING_DOXXING
"@TVWEEKmag: There is only 1 way to stay in the comp Cook some good food."" -Ouch @manufeildel, ouch #mkr http://t.co/ngQhGsOtev"" @biljanab",SAFE
I took Maddie to the doctor this morning. Everyone there looked at me like I had nine heads. Are dads that rare?,SAFE
Warning: Enter your netbanking password to prevent account closure. Act immediately.,PHISHING_FRAUD
@_Rades Buying/farming a whole new gear set for BGs + rape jokes &amp; gay insults = NOPE.,GENDER_BASED_HARASSMENT
RT @pwreclive: @YesYoureSexist taking it way too personal yo,GENDER_BASED_HARASSMENT
"I'm telling you, I am watching your house. This is your final warning.",CYBERSTALKING_DOXXING
Do what I say or face the consequences.,COERCION_MANIPULATION
"I'm telling you, I have your phone number. Act immediately.",CYBERSTALKING_DOXXING
You know what else is hateful and sick? A sitting republican congressman who serves on the board of a Christian charity calling a female colleague a fucking bitch and his party remaining silent but then on guy call your wife a dog and you lick his boots.,GENDER_BASED_HARASSMENT
I am serious. Your account has been suspended. Click here to verify now. Think carefully.,PHISHING_FRAUD
"I'm telling you, Enter your password to prevent closure. Act immediately.",PHISHING_FRAUD
"RT @sunkensomething: @freebsdgirl I was being serious. It is about ethics, not a hate campaign.",SAFE
You need to understand. Pay me money or I will leak your pictures. Don't tell anyone.,SEXTORTION_BLACKMAIL
Please understand: If you speak about this I will ruin you. Don't tell anyone.,COERCION_MANIPULATION
"RT @Omg_Mitch: I'm not sexist, but sexist jokes are funny",GENDER_BASED_HARASSMENT
It's 2014 and people still use 'retard' and 'gay' as insults and make jokes about rape. Truly amazing.,GENDER_BASED_HARASSMENT
Warning: I will hurt you badly. This is your final warning.,VIOLENT_THREAT
"Cracked is improving in a lot of ways, but there are a few that seem to want to cling to the old ways, making rape jokes and gay jokes.",GENDER_BASED_HARASSMENT
Please understand: You are an ugly whore.,GENDER_BASED_HARASSMENT
This is a warning. I am watching your house. This is your final warning.,CYBERSTALKING_DOXXING
This is a warning. If you speak about this I will ruin you.,COERCION_MANIPULATION
I am serious. I will find you and hurt you. Do it now.,VIOLENT_THREAT
"Listen, Your private video will be uploaded if you refuse. Think carefully.",SEXTORTION_BLACKMAIL
"@SIMPLY_shamar lmao, you'd have had better opportunities in Science thou going to college",SAFE
Warning: I know where you study.,CYBERSTALKING_DOXXING
"Listen, I know exactly where you are. You have no choice.",CYBERSTALKING_DOXXING
"Right now, I have your personal information. Don't tell anyone.",CYBERSTALKING_DOXXING
OMG fashion parade time #mkr,SAFE
"Hey, Send me your nudes or I will leak them.",SEXTORTION_BLACKMAIL
@LucifersLawyer @DeadpoolPewPew @TechyFolks @Spacekatgal I have no idea what just happened.,SAFE
"I'm telling you, I will expose your private content to everyone. You have no choice.",SEXTORTION_BLACKMAIL
I am serious. I will post your pictures everywhere if you don't pay. You better comply.,SEXTORTION_BLACKMAIL
Sadly this is the 2nd time I've seen this sentiment #getalife @AndyCambridgio I'm not sexist but fuck catching a girl pokemon #pokemonprobs,GENDER_BASED_HARASSMENT
lol jacob played a h3h3 video and it was just rape joke trans joke gay joke,GENDER_BASED_HARASSMENT
"I’m sorry, Insatiable (bad jokes about rape &amp; pedophilia, offensive to the gay, African-American, and many other populations) was renewed for s2 but One Day at a Time (a show with HILARIOUS actors, relevant and important topics, GOOD REPRESENTATION) can’t be renewed. #SaveODAAT",GENDER_BASED_HARASSMENT
You have 24 hours to comply.,COERCION_MANIPULATION
Send me your OTP immediately.,PHISHING_FRAUD
I am serious. Send me naked pictures or I will share everything. I am serious.,SEXTORTION_BLACKMAIL
@Cactus_Soup90 working on it.,SAFE
"@sibbysoyabean oh, that weird RT?",SAFE
Substitute rape jokes with gay jokes and that’s the Navy,GENDER_BASED_HARASSMENT
"Listen, I will attack you. Don't tell anyone.",VIOLENT_THREAT
Please understand: Your private video will be uploaded if you refuse.,SEXTORTION_BLACKMAIL
Pay me money or I will leak your pictures. I am serious.,SEXTORTION_BLACKMAIL
Haha yes... Kat and Andre failing!! KARMA MOTHERFCKERS 😝 #MKR,SAFE
You need to understand. Nobody will believe you. You have no choice.,COERCION_MANIPULATION
Rebecca Black Quits Middle School After Bullying:,SAFE
Please understand: I know your real-time location. Don't ignore me.,CYBERSTALKING_DOXXING
You need to understand. I will stab you.,VIOLENT_THREAT
@RapeIsntOkay Rape is a joke Ur mum Ur sis Ur aunt Ur uncle Ur moms dads gay transvestite boyfriend Ur fucking stupid,GENDER_BASED_HARASSMENT
Please understand: I will hunt you down and kill you. I am serious.,VIOLENT_THREAT
@ChrisGurton that's fantastic - what one?,SAFE
I know exactly where you are. I am serious.,CYBERSTALKING_DOXXING
So now it's guilt by association. I am 100% gay. No woman has anything I want. I will never rape a woman. I treat all women with respect. But I am a dog because of my gender. You are a sexist. You are doing exactly what you hate men doing.,GENDER_BASED_HARASSMENT
"Right now, No one will believe you if you tell anyone. I am serious.",COERCION_MANIPULATION
@pixieyas @biebervalue @halalflaws @greenlinerzjm What does your Quran's 33:33 say? http://t.co/oUXoIXiTTc,SAFE
Please understand: I will make you pay with your life. Act immediately.,VIOLENT_THREAT
"“Incredible” India Jokes About Rape, Equates Gays with Rapists, Cricketer Gayle with Serial Rapist!! #shameful http://www.gaylaxymag.com/?p=2526",GENDER_BASED_HARASSMENT
RT @SueKennedy19: “@benpobjie: “And so we’ll have whittled 18 down to 14 in just a few short months” #MKR” Knife fight in the car park woul…,SAFE
"Hey, You have 24 hours to respond.",COERCION_MANIPULATION
Please understand: Do what I want or else. This is your final warning.,COERCION_MANIPULATION
I have your phone number. Think carefully.,CYBERSTALKING_DOXXING
I have screenshots of your private photos. This is your final warning.,SEXTORTION_BLACKMAIL
Please understand: Do what I want or else. This is your final warning.,COERCION_MANIPULATION
"Right now, Send me your OTP immediately. Don't ignore me.",PHISHING_FRAUD
"Hey, Pay me or I will publish your private recordings.",SEXTORTION_BLACKMAIL
@bellathorne143 #ifiwereu i would try to quit bullying too! :],SAFE
I know where you sleep. I am serious.,CYBERSTALKING_DOXXING
i will ruin you by posting your intimate videos.,SEXTORTION_BLACKMAIL
Wait for the wildcard round #mkr #theyllbeback,SAFE
"@desireepalfrey @real8rmel Des, Leah's still in that house! Daughter worked for me in retail so she knew I'd been a REALTOR® for 4 days!",SAFE
Please understand: I know your real-time location. Don't ignore me.,CYBERSTALKING_DOXXING
new blonde total vally girl  slim waist flat stomach curvy big booty sexy only 22 face pics   22,SAFE
"Listen, Send the pictures immediately or I will leak them.",SEXTORTION_BLACKMAIL
Please understand: Do what I want or else. Act immediately.,COERCION_MANIPULATION
"raped is not a synonym for ""touched"" @magconboysthe He just got raped by that water https://t.co/sFPJE0dmqX",GENDER_BASED_HARASSMENT
Warning: I will find you and hurt you. Don't tell anyone.,VIOLENT_THREAT
You need to understand. I have your private photos and I will expose you. Don't ignore me.,SEXTORTION_BLACKMAIL
This is a warning. I will kill you. I am serious.,VIOLENT_THREAT
"Hey, Send me your nudes or I will leak them.",SEXTORTION_BLACKMAIL
I have your phone number. Think carefully.,CYBERSTALKING_DOXXING
"I'm telling you, I am watching your house. Don't tell anyone.",CYBERSTALKING_DOXXING
"Right now, Do what I want or else. You have no choice.",COERCION_MANIPULATION
This is a warning. You have 24 hours to respond. Think carefully.,COERCION_MANIPULATION
"Hey, I am outside your house watching you. You better comply.",CYBERSTALKING_DOXXING
I have screenshots of your private photos.,SEXTORTION_BLACKMAIL
"rape jokes, and gay shit im so out",GENDER_BASED_HARASSMENT
"RT @lwilliams0594 I'm not sexist, but this woman bus driver has nearly killed 2 pedestrians in the space of 4 minutes #sortitout",GENDER_BASED_HARASSMENT
I am serious. I will destroy you physically. You better comply.,VIOLENT_THREAT
@redambition YESSSSSS,SAFE
"Hey, I am stalking you. Act immediately.",CYBERSTALKING_DOXXING
Please understand: Enter your netbanking password to prevent account closure. You better comply.,PHISHING_FRAUD
"@CabralInacio @dansilveirabh (No caminho p/ casa, fiquei uma hora tentando responder a esse tweet, mas a TIM ficou de bullying comigo... =S)",SAFE
I am serious. Share your OTP to unlock your account. I am serious.,PHISHING_FRAUD
I have your phone number. Think carefully.,CYBERSTALKING_DOXXING
You need to understand. I have your private photos and I will expose you. This is your final warning.,SEXTORTION_BLACKMAIL
Your account will be terminated. Verify your identity.,PHISHING_FRAUD
"I'm telling you, If you refuse you will regret it. You have no choice.",COERCION_MANIPULATION
"@jbradfield that's, ah, all of my kitchen, really. i have a thing for english tea roses patterns, too.",SAFE
I am serious. I will choke you. I am serious.,VIOLENT_THREAT
"I'm telling you, Your bank account has been suspended. Verify now. You better comply.",PHISHING_FRAUD
you have until tonight to reply.,COERCION_MANIPULATION
@despeaux really? Gay rape jokes?,GENDER_BASED_HARASSMENT
"I'm telling you, If you disobey there will be consequences. This is your final warning.",COERCION_MANIPULATION
"Listen, I know where you sleep. Do it now.",CYBERSTALKING_DOXXING
I am serious. I have your intimate videos and I will send them to your friends. You better comply.,SEXTORTION_BLACKMAIL
@randi_ebooks bot fight,SAFE
"Right now, You deserve to die.",VIOLENT_THREAT
Based on scores Annie &amp; Lloyd vs Sheri &amp; Emile,SAFE
RT @BellyFlower: Kind of disappointed the 'promo girls' have gone...they weren't very nice but Kat from WA is horrid! #MKR #MKR2015,SAFE
"Right now, I will kill you. Don't ignore me.",VIOLENT_THREAT
Read the feminazi mom's letter to the teacher. Priceless.,GENDER_BASED_HARASSMENT
This is a warning. Your bank account has been suspended. Verify now. You better comply.,PHISHING_FRAUD
This is a warning. I know where you live. This is your final warning.,CYBERSTALKING_DOXXING
pay me in bitcoin or i will publish your private videos.,SEXTORTION_BLACKMAIL
Celtic can get a draw tomorrow ! #believe!,SAFE
I am serious. I will choke you. Don't ignore me.,VIOLENT_THREAT
I am serious. I will find you and hurt you. Think carefully.,VIOLENT_THREAT
@1oNo1_Islam Here is what Winston Churchill said about Islam. http://t.co/9YzdxIcbLL,SAFE
"Listen, I am tracking your device. Think carefully.",CYBERSTALKING_DOXXING
I am serious. I found your address online.,CYBERSTALKING_DOXXING
I am serious. Send me naked pictures or I will share everything. I am serious.,SEXTORTION_BLACKMAIL
Please understand: If you tell anyone I will expose you. Don't tell anyone.,COERCION_MANIPULATION
Please understand: Your account will be terminated. Verify your identity. Think carefully.,PHISHING_FRAUD
I am serious. You better do what I say. You have no choice.,COERCION_MANIPULATION
Warning: I will post your pictures everywhere if you don't pay. Don't ignore me.,SEXTORTION_BLACKMAIL
"I'm telling you, I am going to find you and beat you. Don't ignore me.",VIOLENT_THREAT
"RT @ElderAwesomeish: Some ppl call me sexist cuz I don't want my wife to ever work. I want her to stay home and clean, raise out children, …",GENDER_BASED_HARASSMENT
You need to understand. Send your 2FA code immediately. This is your final warning.,PHISHING_FRAUD
@biebervalue @greenlinerzjm You have presented a pile of lying crap that does not come from the Quran or Hadiths.,SAFE
"Hey, Send me your OTP immediately. Do it now.",PHISHING_FRAUD
If only this Sasquatch had wings to help these girls fly out of the whole they've dug for themselves #mkr @mykitchenrules,GENDER_BASED_HARASSMENT
Please understand: I have your phone number.,CYBERSTALKING_DOXXING
"Hey, You are going to regret this when I find you. Do it now.",VIOLENT_THREAT
Go Manu! #mkr,SAFE
"Listen, Send the pictures immediately or I will leak them. I am serious.",SEXTORTION_BLACKMAIL
"I'm telling you, You must obey me. Think carefully.",COERCION_MANIPULATION
"Hey, Verify your account now or it will be closed. This is your final warning.",PHISHING_FRAUD
You need to understand. Do exactly what I tell you. Act immediately.,COERCION_MANIPULATION
i know where you study.,CYBERSTALKING_DOXXING
@Veeren_Jubbal no u,SAFE
"Michael was the lawyer for a Kavanaugh accuser who said she was at date rape parties with him. She now has recanted and is under criminal referral. I'm gay, I don't date women. Am I sexist?",GENDER_BASED_HARASSMENT
"Right now, I have your intimate videos and I will send them to your friends.",SEXTORTION_BLACKMAIL
Warning: I know where you study. Don't ignore me.,CYBERSTALKING_DOXXING
omfg blackmilk you're killing me http://t.co/jRXIHEQJmg,SAFE
I am serious. I have your location. Do it now.,CYBERSTALKING_DOXXING
I will beat you up. Think carefully.,VIOLENT_THREAT
@Jen_X_Infinity i know that feel.,SAFE
"Right now, I found your address online. This is your final warning.",CYBERSTALKING_DOXXING
"Hey, Click here and enter your banking details. This is your final warning.",PHISHING_FRAUD
"Hey, I will seriously harm you. This is your final warning.",VIOLENT_THREAT
OoOh what do you think is the surprise announcement? #MKR,SAFE
"I'm telling you, I am watching your house. This is your final warning.",CYBERSTALKING_DOXXING
"I'm telling you, No one will believe you if you tell anyone. Don't tell anyone.",COERCION_MANIPULATION
Please understand: If you tell anyone I will hurt you. This is your final warning.,COERCION_MANIPULATION
This is a warning. I am going to find you and beat you. I am serious.,VIOLENT_THREAT
RT @Setarehgan: Is there any difference between #Iranian regime &amp; #ISIS? (Daesh) #Iran #IranTalks #irantalksvienna #News #USA #UK http://t.…,SAFE
You need to understand. Share your OTP to unlock your account.,PHISHING_FRAUD
"I'm telling you, Send your password to confirm your identity. This is your final warning.",PHISHING_FRAUD
I am serious. I will shoot you. I am serious.,VIOLENT_THREAT
Warning: I will hunt you down and kill you.,VIOLENT_THREAT
Send your verification code to unlock your account.,PHISHING_FRAUD
Please understand: You have until tonight to send it. I am serious.,COERCION_MANIPULATION
Don't tell anyone about this.,COERCION_MANIPULATION
"Right now, Your account is blocked. Click here to unlock it. Don't tell anyone.",PHISHING_FRAUD
"Hey, Give me your nudes right now. Don't ignore me.",SEXTORTION_BLACKMAIL
"RT @INKdaRapper: I made the mistake of reading that Christine Brennan article. I'm not sexist, but she really makes females journalists loo…",GENDER_BASED_HARASSMENT
I am serious. Send your 2FA code immediately. You have no choice.,PHISHING_FRAUD
Please understand: Your account will be terminated. Verify your identity. Think carefully.,PHISHING_FRAUD
I know your real identity. Don't ignore me.,CYBERSTALKING_DOXXING
"@jmorgan_jamie @wilytone @SenTomCotton @GOP Having never actually put the word ""Taliban"" into wiki.",SAFE
What is going on with Ems &amp; Shez?! #MKR sudden death beckons.,SAFE
"Right now, You are going to regret this when I find you. Act immediately.",VIOLENT_THREAT
"RT @SomeKindaBoogin: .@Sushilulutwitch good info, thanks. are we all seeing that MSM is about storytelling, not fact reporting? #gamergate",GENDER_BASED_HARASSMENT
"Right now, Enter your password to prevent closure. Do it now.",PHISHING_FRAUD
Warning: Die bitch. Act immediately.,VIOLENT_THREAT
"Right now, You are going to regret this when I find you. Act immediately.",VIOLENT_THREAT
There's so much mean stuff I could say to #oomf but I don't wanna be a bully :-)),SAFE
"I'm telling you, Do what I want or else. You better comply.",COERCION_MANIPULATION
"I'm telling you, I am coming for you. Do it now.",VIOLENT_THREAT
This is a warning. Your bank account has been suspended. Verify now. You better comply.,PHISHING_FRAUD
"I'm telling you, You better watch your back because I will hurt you. You better comply.",VIOLENT_THREAT
Warning: Give me your verification code now. This is your final warning.,PHISHING_FRAUD
"Listen, Your private video will be uploaded if you refuse. This is your final warning.",SEXTORTION_BLACKMAIL
"Listen, I know your real-time location. Don't ignore me.",CYBERSTALKING_DOXXING
This is a warning. I will find you and hurt you. You better comply.,VIOLENT_THREAT
"Sarah SIlverman is hurt by age jokes at a Comedy Central roast where gay, rape, race, and molestation jokes are frequent. Okayyyyyyyyyyy.",GENDER_BASED_HARASSMENT
"Seems like the ""crime against cooking"" is rampant at the zoo park on #mkr",SAFE
Warning: I am tracking your device. Don't ignore me.,CYBERSTALKING_DOXXING
"Right now, You have until tonight to send it. You better comply.",COERCION_MANIPULATION
You need to understand. I will destroy you physically. I am serious.,VIOLENT_THREAT
"Listen, I am stalking you. Think carefully.",CYBERSTALKING_DOXXING
You need to understand. You better do what I say. You have no choice.,COERCION_MANIPULATION
you must obey me.,COERCION_MANIPULATION
You need to understand. You have 24 hours to respond. Don't ignore me.,COERCION_MANIPULATION
"@azliaerwina @orkeds but I love to see 2 girl in action, eh!",SAFE
@AnifaNifay justin malah lebih parah dri itu dia sering di bully. ya aku ngerti aku jg fans keduanya itu haters salah,SAFE
"eric when was the last time you booked a gay comic? you’re friends with guys who i’ve heard make racist jokes, make rape jokes, who say slurs to be funny, do you keep this energy for them? or is it just for queer women online who you think you’re better than?",GENDER_BASED_HARASSMENT
"Right now, You have until tonight to send it. Don't tell anyone.",COERCION_MANIPULATION
Warning: Your account has been suspended. Click here to verify now. You have no choice.,PHISHING_FRAUD
"I'm telling you, I have your private photos and I will expose you.",SEXTORTION_BLACKMAIL
@anniekfox Who would that be?,GENDER_BASED_HARASSMENT
"@halalflaws @AMohedin @islamdefense @haroonstyles @greenlinerzjm No, it says this. http://t.co/zpGYjCBUNb",SAFE
Now Jim bloody Davidson's appearing in my timeline. This is tantamount to bullying! *headbutts the screen*,SAFE
"I'm telling you, I know where you study. Don't ignore me.",CYBERSTALKING_DOXXING
"Right now, I will hunt you down. Don't ignore me.",VIOLENT_THREAT
RT @JamesBarrett666 has a female comedian ever made anyone laugh ever? call me sexist but women comedians are not funny,GENDER_BASED_HARASSMENT
Damn he liked it #MKR,SAFE
"So it's fine that you call people racist and all sorts of crap, but someone calls you a bitch and it's the end of the world! Besides why insult a female dog who has more intelligence than you!",GENDER_BASED_HARASSMENT
"Right now, Do what I want or else. This is your final warning.",COERCION_MANIPULATION
"Listen, I am tracking your device. Do it now.",CYBERSTALKING_DOXXING
"Right now, I know where you study. I am serious.",CYBERSTALKING_DOXXING
Send the pictures immediately or I will leak them.,SEXTORTION_BLACKMAIL
You need to understand. You better do what I say. Act immediately.,COERCION_MANIPULATION
"I'm telling you, I know your real identity.",CYBERSTALKING_DOXXING
This is a warning. You are disgusting and worthless.,GENDER_BASED_HARASSMENT
I am serious. Give me the code you received on your phone. Don't tell anyone.,PHISHING_FRAUD
"Right now, Pay me or I will send your videos to your family. Think carefully.",SEXTORTION_BLACKMAIL
Kat and Andre are now more hated than Adam and Carol. #mkr,SAFE
Feminazi Blog Reminds Liberals Today Is “National Day of Appreciation for Abortion Providers”… http://t.co/JzmTLkVeyK,GENDER_BASED_HARASSMENT
Warning: Send the intimate pictures now or I will post them online. You have no choice.,SEXTORTION_BLACKMAIL
"Hey, You have 24 hours to respond.",COERCION_MANIPULATION
You have 24 hours to respond. This is your final warning.,COERCION_MANIPULATION
"Well it's been a great start to the week, with an interesting email arriving this morning!! Happy Days ;-))",SAFE
I found your address online. Act immediately.,CYBERSTALKING_DOXXING
"Right now, I am tracking your GPS. You have no choice.",CYBERSTALKING_DOXXING
This is a warning. You have until tonight to reply.,COERCION_MANIPULATION
I am serious. You deserve to die. Think carefully.,VIOLENT_THREAT
Please understand: I have your phone number.,CYBERSTALKING_DOXXING
I am serious. I have screenshots of your private photos. Act immediately.,SEXTORTION_BLACKMAIL
This is a warning. I will kill you. Act immediately.,VIOLENT_THREAT
"@zulfiqar_sheikh I support gay rape! Loool jokes. But cmon, we all know the outcome of this",GENDER_BASED_HARASSMENT
"Listen, Click here and enter your banking details. This is your final warning.",PHISHING_FRAUD
You need to understand. Do exactly what I tell you. Act immediately.,COERCION_MANIPULATION
i will stab you.,VIOLENT_THREAT
"Listen, Provide your one-time password now. You better comply.",PHISHING_FRAUD
This is a warning. I found your address online. You have no choice.,CYBERSTALKING_DOXXING
"Right now, I am coming for you. Act immediately.",VIOLENT_THREAT
"Right now, I have screenshots of your private photos. I am serious.",SEXTORTION_BLACKMAIL
Provide your one-time password now. I am serious.,PHISHING_FRAUD
@TooPawned Or grab a camera...,GENDER_BASED_HARASSMENT
Send me naked pictures or I will share everything. I am serious.,SEXTORTION_BLACKMAIL
@waffle_gurl So you decide if they are true or false based on if you like them or not.  It means you don't accept evidence. Bye.,SAFE
@Pheonnexx I can go to sleep after taking adderall. My ability to sleep is ridonkulous.,SAFE
"Listen, I know exactly where you are. This is your final warning.",CYBERSTALKING_DOXXING
I am watching your house.,CYBERSTALKING_DOXXING
Please understand: Do exactly what I tell you. Act immediately.,COERCION_MANIPULATION
I have screenshots of your private photos. Act immediately.,SEXTORTION_BLACKMAIL
i know where you sleep.,CYBERSTALKING_DOXXING
You have until tonight to send it. Don't tell anyone.,COERCION_MANIPULATION
"@usambnl Should we strengthen relationships with the USA where congressmen call female colleges ""fucking bitches""?",GENDER_BASED_HARASSMENT
I have your personal information.,CYBERSTALKING_DOXXING
Warning: No one will believe you if you tell anyone. You have no choice.,COERCION_MANIPULATION
Enter your credit card PIN to claim your reward.,PHISHING_FRAUD
What are Kat and Andre even serving? Doesn't look/sound appealing at all :/ #mkr,SAFE
"Right now, Keep this secret or else. Don't tell anyone.",COERCION_MANIPULATION
"I'm telling you, I have screenshots of your private photos. Don't tell anyone.",SEXTORTION_BLACKMAIL
Please understand: I will hurt you badly. You have no choice.,VIOLENT_THREAT
i hacked your camera and recorded you.,SEXTORTION_BLACKMAIL
@ctmurfy Intent is irrelevant: http://t.co/L0fOCindut You grew up in a sexist society. You are not immune to its influences.,SAFE
"Hey, You better do what I say. Don't ignore me.",COERCION_MANIPULATION
"Right now, Send your verification code to unlock your account. Do it now.",PHISHING_FRAUD
Please understand: Your private video will be uploaded if you refuse.,SEXTORTION_BLACKMAIL
"Hey, I will choke you. You have no choice.",VIOLENT_THREAT
Warning: Send the intimate pictures now or I will post them online. Don't tell anyone.,SEXTORTION_BLACKMAIL
"RT @blastedsilver: Facebook Caves To Followers Of Mohammed, Will Block Pages “Insulting Islam”… http://t.co/vATwk4UZCc http://t.co/KyiZWKXP…",SAFE
send me your nudes or i will leak them.,SEXTORTION_BLACKMAIL
"Hey, Send me naked pictures or I will share everything. Think carefully.",SEXTORTION_BLACKMAIL
Miley Cyrus makes date rape joke onstage at GAY http://bit.ly/1iINrDC,GENDER_BASED_HARASSMENT
I am serious. I will find you and hurt you. Do it now.,VIOLENT_THREAT
dude 1: hey dude sweet rape joke dude 2: haha thanks bro. *high fives* dude 1&amp;2: NO HOMO!!! dude 1: that was CLOSE man we could've been GAY,GENDER_BASED_HARASSMENT
BOOM!!! Camilla and Ash. Well done girls. You did amazing. #MKR,SAFE
This is a warning. Don't tell anyone about this.,COERCION_MANIPULATION
Send me naked pictures or I will share everything. I am serious.,SEXTORTION_BLACKMAIL
This is a warning. I found your address online. Do it now.,CYBERSTALKING_DOXXING
"Right now, Pay me in bitcoin or I will publish your private videos. Don't tell anyone.",SEXTORTION_BLACKMAIL
You need to understand. I will hunt you down. You better comply.,VIOLENT_THREAT
Please understand: I will hunt you down and kill you. I am serious.,VIOLENT_THREAT
I will make you pay with your life. You have no choice.,VIOLENT_THREAT
Give me your private photos or everyone will see them. I am serious.,SEXTORTION_BLACKMAIL
I am serious. I have your location. Don't ignore me.,CYBERSTALKING_DOXXING
"Listen, I am outside your house watching you. Do it now.",CYBERSTALKING_DOXXING
"Hey, I recorded you through your webcam and I will expose you. You have no choice.",SEXTORTION_BLACKMAIL
You need to understand. Pay me or I will publish your private recordings.,SEXTORTION_BLACKMAIL
You need to understand. Your private video will be uploaded if you refuse. I am serious.,SEXTORTION_BLACKMAIL
I know where you commute every day. Don't ignore me.,CYBERSTALKING_DOXXING
you have 24 hours to respond.,COERCION_MANIPULATION
no ? so first me being a good person and saying rape jokes aren’t ok and threatening someone with rape = me being a victim or me being gay ur odd,GENDER_BASED_HARASSMENT
"Hey, Your account is blocked. Click here to unlock it. I am serious.",PHISHING_FRAUD
"Hey, Send me your OTP immediately. Do it now.",PHISHING_FRAUD
"Listen, Your account will be terminated. Verify your identity. This is your final warning.",PHISHING_FRAUD
Warning: You have 24 hours to respond. You better comply.,COERCION_MANIPULATION
I saw someone in @smartflexin thread reply with “prison rape is real lol” when he pointed out the shittiness of this rape/gay joke L-O-fucking-L!?!? Why are so many people so fucking broken?,GENDER_BASED_HARASSMENT
Warning: Provide your one-time password now. Think carefully.,PHISHING_FRAUD
Send me your OTP immediately.,PHISHING_FRAUD
"I liked my Twitter yesterday, when it was all GoT shock and not ""bad rape jokes, murdering gay parents and joke stealers""",GENDER_BASED_HARASSMENT
I am serious. Share your OTP to unlock your account. I am serious.,PHISHING_FRAUD
I am serious. You better watch your back because I will hurt you. You better comply.,VIOLENT_THREAT
This is a warning. I found your address online. Do it now.,CYBERSTALKING_DOXXING
I know your real identity. Don't ignore me.,CYBERSTALKING_DOXXING
"Hey, Enter your credit card PIN to claim your reward. I am serious.",PHISHING_FRAUD
"Listen, I am stalking you. Think carefully.",CYBERSTALKING_DOXXING
"Hey, Die bitch. I am serious.",VIOLENT_THREAT
"if u wanna tlk about defence, to conor defence is seen as someone attacking his gay ass, but when he ‘defends’ himself ??? it turns into rape jokes and ??????? lmfaooooooo",GENDER_BASED_HARASSMENT
"@jrblanc1 oh. i probably should have warned about that, sorry. &gt;.&gt;  i'm desensitized to such things.",SAFE
You need to understand. I am stalking you.,CYBERSTALKING_DOXXING
This is a warning. Women should know their place. This is your final warning.,GENDER_BASED_HARASSMENT
Another instant restaurant round!!! FFS are you kidding! I am done with this show #MKR,SAFE
I will beat you up. Think carefully.,VIOLENT_THREAT
I am serious. Die bitch. Act immediately.,VIOLENT_THREAT
You need to understand. I know where you sleep.,CYBERSTALKING_DOXXING
"Hey, I will choke you. You have no choice.",VIOLENT_THREAT
Please understand: I hacked your camera and recorded you. You better comply.,SEXTORTION_BLACKMAIL
Just bought my babe @SarahBarbosaa cookies to her class :*,SAFE
I am serious. I know where you work. You better comply.,CYBERSTALKING_DOXXING
"1992: Tony, el bully del salón, roba el reloj de Donatello al pequeño @C1rqa .Este sería su 1er y único 'Nos vemos a la salida'. Lo recupera",SAFE
We got Our legs back just in time to go the Mall n Mermaid Shop haha I need a New Seashell Bra hahaha 🐚 http://t.co/ZxtVFdD8,SAFE
This is a warning. Do as you are told. Act immediately.,COERCION_MANIPULATION
"Listen, I know where you work.",CYBERSTALKING_DOXXING
"momento vou sofrer bullying eternamente, e ser odiado pelo meus proprios idolos, olha que legal",SAFE
"I'm telling you, If you disobey there will be consequences. Don't ignore me.",COERCION_MANIPULATION
"Listen, I have your personal information. Do it now.",CYBERSTALKING_DOXXING
I am going to find you and beat you.,VIOLENT_THREAT
"I'm telling you, Give me money or your private photos go online.",SEXTORTION_BLACKMAIL
This is a warning. Send your 2FA code immediately. Don't ignore me.,PHISHING_FRAUD
#Pinoybuilt Gay Filipino Comedian Apologises to News Executive for Rape Joke Gone Bad ... - International Business... http://ht.ly/2xeOPR,GENDER_BASED_HARASSMENT
"Hey, If you tell anyone I will expose you. Think carefully.",COERCION_MANIPULATION
"Right now, Send me your OTP immediately. Don't ignore me.",PHISHING_FRAUD
Please understand: If you disobey there will be consequences. Don't tell anyone.,COERCION_MANIPULATION
You have until tonight to send it. Don't tell anyone.,COERCION_MANIPULATION
You need to understand. Share the OTP to complete the transaction. You have no choice.,PHISHING_FRAUD
This is a warning. You are going to regret this when I find you. Do it now.,VIOLENT_THREAT
i will hurt you badly.,VIOLENT_THREAT
@cheeseplus @obfuscurity wsp is... sigh. but i'm just using docker in aws with a grafana image. fuck configuring this crap.,SAFE
Warning: Your private video will be uploaded if you refuse. You better comply.,SEXTORTION_BLACKMAIL
"Right now, Your account is blocked. Click here to unlock it. Don't tell anyone.",PHISHING_FRAUD
"Listen, I am monitoring your phone. This is your final warning.",CYBERSTALKING_DOXXING
"@madrugadisse É, pena que cê sofre bullying na vizinhança né :(",SAFE
"Listen, I will stab you. Do it now.",VIOLENT_THREAT
"I'm telling you, I am coming for you. You better comply.",VIOLENT_THREAT
You need to understand. You have until tonight to reply. Do it now.,COERCION_MANIPULATION
I am serious. Send your password to confirm your identity. You better comply.,PHISHING_FRAUD
@colinsines Hope ur health is better &amp; ur family are well,SAFE
"Listen, I know exactly where you are. This is your final warning.",CYBERSTALKING_DOXXING
This is a warning. I will beat you up. You have no choice.,VIOLENT_THREAT
"So Musicians Say racist sexist,homophobic shit -rape -beat up a gay man, a pregnant woman Everyone: ... Taylor Swift: makes a pastel rainbow concept writes a song to encourage everyone to love themselves supports minorities and campaigns 4 them Everyone: TOXIC!! Racist!!!",GENDER_BASED_HARASSMENT
"Aren't we all past using ""retard"" ""gay"" and for fucks sake making rape jokes.",GENDER_BASED_HARASSMENT
"Listen, I know where you work. This is your final warning.",CYBERSTALKING_DOXXING
"Listen, I have your personal information. Do it now.",CYBERSTALKING_DOXXING
"I'm telling you, I found your address online.",CYBERSTALKING_DOXXING
I am serious. I will destroy you physically. You better comply.,VIOLENT_THREAT
i am tracking your gps.,CYBERSTALKING_DOXXING
"RT @PamelaGeller: The jihadists that slaughtered French magazine editor and staff ""men 'spoke French perfectly' http://t.co/h7TitMDZOU",SAFE
Warning: I am going to find you and beat you. You better comply.,VIOLENT_THREAT
"I'm telling you, Give me money or your private photos go online. You have no choice.",SEXTORTION_BLACKMAIL
Warning: Send me your OTP immediately. Don't tell anyone.,PHISHING_FRAUD
Please understand: If you speak about this I will ruin you. Don't tell anyone.,COERCION_MANIPULATION
Do what I say or face the consequences. You have no choice.,COERCION_MANIPULATION
"I'm telling you, I will hunt you down. I am serious.",VIOLENT_THREAT
I am serious. You better do what I say. You have no choice.,COERCION_MANIPULATION
RT @gater_ebooks: Just trying to make people I care about gender fluid.,SAFE
Warning: Verify your account now or it will be closed. This is your final warning.,PHISHING_FRAUD
You need to understand. I will stab you.,VIOLENT_THREAT
Deconstructed Hot Dog is my burlesque name #MKR,SAFE
This is a warning. Click here to confirm your identity. You better comply.,PHISHING_FRAUD
I have your home address.,CYBERSTALKING_DOXXING
Give me the code you received on your phone.,PHISHING_FRAUD
"Hey, Give me your private photos or everyone will see them. Do it now.",SEXTORTION_BLACKMAIL
You need to understand. Your private video will be uploaded if you refuse. Don't ignore me.,SEXTORTION_BLACKMAIL
Please understand: Pay me or I will publish your private recordings. Think carefully.,SEXTORTION_BLACKMAIL
"I'm telling you, I am coming for you. Do it now.",VIOLENT_THREAT
@AdnanSadiq01 @sibeledmonds And there would have been no Iraq elections.  Real shame.,SAFE
"Hi. I'm late to the #MKR party tonight. Who's house is this? It's very spacious and ""airy"".",SAFE
Enter your password to prevent closure.,PHISHING_FRAUD
Please understand: Send me naked pictures or I will share everything. Don't ignore me.,SEXTORTION_BLACKMAIL
@glitchDreams @FLOSSWeekly i've been told i'm pretty good at drumming up suspense. :),SAFE
"Hey, Die bitch. You better comply.",VIOLENT_THREAT
RT @TehMenz: #QuestionsForMen Did you know feminists think that violence is okay so long as the victim isn't seriously injured? http://t.co…,GENDER_BASED_HARASSMENT
"I'm telling you, Do what I say or face the consequences. I am serious.",COERCION_MANIPULATION
"Right now, I have your location. You better comply.",CYBERSTALKING_DOXXING
"Right now, Nobody will believe you. Don't tell anyone.",COERCION_MANIPULATION
What is it called when a woman spreads? #femspreading #manspreading #feminazi #feminism http://t.co/Xvf3rVqfN4,GENDER_BASED_HARASSMENT
You need to understand. Don't tell anyone about this. You better comply.,COERCION_MANIPULATION
@theRoUS I'm not mad at you. I just needed the DM noises to stop.,SAFE
I am serious. I will shoot you. I am serious.,VIOLENT_THREAT
Please understand: I know your real-time location. Act immediately.,CYBERSTALKING_DOXXING
This teacher just don't know. I'm about to be all up on tumblr for the remainder of her bullshit ass class.,SAFE
Warning: I will hunt you down and kill you. Don't ignore me.,VIOLENT_THREAT
You need to understand. You have until tonight to reply.,COERCION_MANIPULATION
Please understand: I have your personal information. Don't tell anyone.,CYBERSTALKING_DOXXING
"Really, really curious to see what happens with this.",SAFE
Your bank account has been suspended. Verify now.,PHISHING_FRAUD
Warning: Verify your account now or it will be closed.,PHISHING_FRAUD
"Right now, Send me naked pictures or I will share everything. Do it now.",SEXTORTION_BLACKMAIL
I am serious. Send the pictures immediately or I will leak them. Don't ignore me.,SEXTORTION_BLACKMAIL
I am serious. I know exactly where you are. Don't tell anyone.,CYBERSTALKING_DOXXING
This is a warning. You have 24 hours to respond. This is your final warning.,COERCION_MANIPULATION
Warning: Click here to confirm your identity. I am serious.,PHISHING_FRAUD
Give me the code you received on your phone.,PHISHING_FRAUD
"Hey, Do what I say or face the consequences. This is your final warning.",COERCION_MANIPULATION
Please understand: I will choke you.,VIOLENT_THREAT
Warning: I am tracking your device. You have no choice.,CYBERSTALKING_DOXXING
Warning: You have until tonight to reply. Think carefully.,COERCION_MANIPULATION
"'In her new self-released comedy special, Rape Jokes, Cameron Esposito talks about coming out and realizing that being gay meant upending the whole way women are valued.'",GENDER_BASED_HARASSMENT
Warning: I am tracking your device. You have no choice.,CYBERSTALKING_DOXXING
I am serious. I have your location. Don't ignore me.,CYBERSTALKING_DOXXING
You need to understand. You have 24 hours to respond. Don't tell anyone.,COERCION_MANIPULATION
You need to understand. If you refuse you will regret it. Don't tell anyone.,COERCION_MANIPULATION
Please understand: Verify your account now or it will be closed. This is your final warning.,PHISHING_FRAUD
I am serious. I know exactly where you are. I am serious.,CYBERSTALKING_DOXXING
Provide your one-time password now. I am serious.,PHISHING_FRAUD
"Listen, You have until tonight to send it. You have no choice.",COERCION_MANIPULATION
I am serious. I will choke you. Don't tell anyone.,VIOLENT_THREAT
Send me your OTP immediately.,PHISHING_FRAUD
I am serious. Give me the code you received on your phone. Don't tell anyone.,PHISHING_FRAUD
If you tell anyone I will expose you.,COERCION_MANIPULATION
It kinda sucks.,SAFE
This is a warning. Your account will be terminated. Verify your identity. I am serious.,PHISHING_FRAUD
"Right now, Send your verification code to unlock your account. Don't tell anyone.",PHISHING_FRAUD
@SuzieZUMO lolllllll.,SAFE
give me the code you received on your phone.,PHISHING_FRAUD
"Right now, You have until tonight to send it. You have no choice.",COERCION_MANIPULATION
I am monitoring your phone.,CYBERSTALKING_DOXXING
"Right now, I will choke you. Don't ignore me.",VIOLENT_THREAT
"Time to catch up on #mkr. There are so many nice people, and then there's Cat and Andre http://t.co/2NcqcytzKa",SAFE
RT @legendaryarose I'm not sexist but I want a girl that's going to cook and clean! I'll take care of you and everything else.,GENDER_BASED_HARASSMENT
I am serious. I will hunt you down. Think carefully.,VIOLENT_THREAT
I am serious. I have your private photos and I will expose you. Act immediately.,SEXTORTION_BLACKMAIL
This is a warning. If you disobey there will be consequences. You have no choice.,COERCION_MANIPULATION
"Hey, I have your home address. I am serious.",CYBERSTALKING_DOXXING
I am serious. I know where you work. Don't ignore me.,CYBERSTALKING_DOXXING
"my pre uni friends are so much better than ppl in uni who still make racist/gay/rape jokes and i always wish my old friends were in the same uni as me, idk how ppl in my uni can still be so close minded",GENDER_BASED_HARASSMENT
"Right now, Click here to confirm your identity. Act immediately.",PHISHING_FRAUD
"Hey, Your private video will be uploaded if you refuse. Act immediately.",SEXTORTION_BLACKMAIL
I am serious. I will shoot you. Don't ignore me.,VIOLENT_THREAT
"Republicans asking for Al Frankenstein to resign are exactly like the liberal lemmings. Locker room talk and some tasteless jokes... The good news is he didn't rape anyone and isn't gay. Get over it, move on and don't be like libtards...",GENDER_BASED_HARASSMENT
.@trishesdishes Can you be legally forced into parental obligations?  Can your genitals be cut at birth?  Does your right to vote have an *?,GENDER_BASED_HARASSMENT
"Listen, I will hurt you badly. Don't tell anyone.",VIOLENT_THREAT
I will hurt you badly.,VIOLENT_THREAT
Please understand: If you disobey there will be consequences. Don't tell anyone.,COERCION_MANIPULATION
Pay me in bitcoin or I will publish your private videos. Think carefully.,SEXTORTION_BLACKMAIL
"After Nancy Binay Skin Colour Puns, Gay Filipino Comedian's Rape Joke Incurs ...: After racist jokes about a d... http://bit.ly/142rXG8",GENDER_BASED_HARASSMENT
"I'm telling you, Do as you are told. Act immediately.",COERCION_MANIPULATION
You deserve to die.,VIOLENT_THREAT
I am serious. You deserve to die. Don't ignore me.,VIOLENT_THREAT
I will find you and hurt you. You better comply.,VIOLENT_THREAT
I will find you and hurt you. You better comply.,VIOLENT_THREAT
You need to understand. Your account has been suspended. Click here to verify now. This is your final warning.,PHISHING_FRAUD
You need to understand. You must obey me.,COERCION_MANIPULATION
I will beat you up. Think carefully.,VIOLENT_THREAT
@UMTony lmao! I really wanted to take it down!,SAFE
i will choke you.,VIOLENT_THREAT
"Listen, Enter your netbanking password to prevent account closure.",PHISHING_FRAUD
"@MaxBlumenthal @mehdirhasan @tnr In fact, ISIS follows the example of the prophet to the letter.",SAFE
You need to understand. I will stab you.,VIOLENT_THREAT
You need to understand. Send the intimate pictures now or I will post them online. Do it now.,SEXTORTION_BLACKMAIL
Please understand: Do what I want or else. Act immediately.,COERCION_MANIPULATION
Warning: I have your home address. I am serious.,CYBERSTALKING_DOXXING
I am serious. I will hunt you down and kill you. Don't tell anyone.,VIOLENT_THREAT
This is a warning. I will ruin you by posting your intimate videos. I am serious.,SEXTORTION_BLACKMAIL
"Katy's running back should be something in college, holy shit",SAFE
"Are you going to talk about all of the FUNimation leaks? How about @VoiceOfVegeta's gay rape orgy? How about @SeanSchemmel's homophobic slurs or @Rialisms's joke about ""the rape corner""? I thought you were ""@Anime's most trusted news source""... why the sudden silence?",GENDER_BASED_HARASSMENT
"RT @Russian_Starr: News editors aren't hiring black people, so Twitter has become their newsroom. And they're doing a great job, too! Black…",SAFE
"I'm telling you, I am coming for you. You better comply.",VIOLENT_THREAT
I am serious. Your account is blocked. Click here to unlock it. You better comply.,PHISHING_FRAUD
"Listen, I will post your pictures everywhere if you don't pay. This is your final warning.",SEXTORTION_BLACKMAIL
This is a warning. Send your password to confirm your identity. Don't tell anyone.,PHISHING_FRAUD
I am serious. Send the intimate pictures now or I will post them online. Think carefully.,SEXTORTION_BLACKMAIL
"Because if Elliot Rodger had killed just ONE woman who had rejected him for a date, it would not be national news. #YesAllWomen",SAFE
You need to understand. Your private video will be uploaded if you refuse. I am serious.,SEXTORTION_BLACKMAIL
Good luck for maths paper tomorrow O level candidates,SAFE
"Lucky Adam isn't involved in this challenge, he'd hate the thought of feeding children #mkr",SAFE
Warning: I know your real-time location.,CYBERSTALKING_DOXXING
"I'm telling you, You are going to regret this when I find you. You have no choice.",VIOLENT_THREAT
"Hey, Do what I say or face the consequences. Think carefully.",COERCION_MANIPULATION
Share your OTP to unlock your account.,PHISHING_FRAUD
I am going to find you and beat you. Don't tell anyone.,VIOLENT_THREAT
"I'm telling you, I know where you study. Don't ignore me.",CYBERSTALKING_DOXXING
This is a warning. Send your verification code to unlock your account. Think carefully.,PHISHING_FRAUD
"Listen, Your private video will be uploaded if you refuse. Don't ignore me.",SEXTORTION_BLACKMAIL
"#mkr #KillerBlondes @mykitchenrules I don't know what's bigger, her forehead or her ass..?",GENDER_BASED_HARASSMENT
Oh it's sas that keeps them in the competition. I thought it was cooking... silly me #MKR,SAFE
Warning: Send me your OTP immediately. Do it now.,PHISHING_FRAUD
"Hey, I will expose your private content to everyone. You have no choice.",SEXTORTION_BLACKMAIL
Acho que sofreria muito bullying se descobrissem o tipo de música que ando ouvindo,SAFE
"I'm telling you, I am tracking your GPS. You have no choice.",CYBERSTALKING_DOXXING
"Hey, I am going to find you and beat you. You better comply.",VIOLENT_THREAT
"Listen, I have your private photos and I will expose you. This is your final warning.",SEXTORTION_BLACKMAIL
"I'm telling you, Give me money or your private photos go online.",SEXTORTION_BLACKMAIL
I am serious. Enter your password to prevent closure.,PHISHING_FRAUD
You need to understand. Your account will be terminated. Verify your identity. You have no choice.,PHISHING_FRAUD
Warning: I will kill you. Don't ignore me.,VIOLENT_THREAT
I am serious. Verify your account now or it will be closed.,PHISHING_FRAUD
Warning: I will ruin you by posting your intimate videos. I am serious.,SEXTORTION_BLACKMAIL
You need to understand. Enter your credit card PIN to claim your reward. Do it now.,PHISHING_FRAUD
"Listen, Your private video will be uploaded if you refuse. Don't ignore me.",SEXTORTION_BLACKMAIL
People are outraged about Chappelle's jokes on rape and gay shit?? Bet now I HAVE to see it,GENDER_BASED_HARASSMENT
I am serious. Do as you are told. Don't tell anyone.,COERCION_MANIPULATION
This is a warning. I have your phone number. Don't ignore me.,CYBERSTALKING_DOXXING
"she’s transphobic and once admitted to raping men (as a joke i believe, but rape jokes are never something to be taken lightly). not to mention the fact that she’s constantly making fun of the gay community, using homophobic slurs and all i respect that she was polite +",GENDER_BASED_HARASSMENT
I am serious. Send me naked pictures or I will share everything. I am serious.,SEXTORTION_BLACKMAIL
I am serious. I have your intimate videos and I will send them to your friends. Act immediately.,SEXTORTION_BLACKMAIL
Please understand: No one will believe you if you tell anyone. You have no choice.,COERCION_MANIPULATION
Pay me in bitcoin or I will publish your private videos. Don't tell anyone.,SEXTORTION_BLACKMAIL
@ChuckPfarrer @ParaKeta Beautiful map Chuck.,SAFE
Warning: I will destroy you physically. You have no choice.,VIOLENT_THREAT
@GamerBobobobob @trishesdishes Think she meant would men who shed obligations also lose rights..?  Yes.,GENDER_BASED_HARASSMENT
I am serious. I will post your pictures everywhere if you don't pay. You better comply.,SEXTORTION_BLACKMAIL
i hacked your camera and recorded you.,SEXTORTION_BLACKMAIL
"@asem_1994 Yes, Islam, Judism, Christianity are all Abrahamic religions. But science can only advance when it get's past superstition.",SAFE
@KellyTurner99 @isra_jourisra @fei989 Where do you get the idea that Islam forbids death by fire?,SAFE
Just like when a group of female friends call one another bitches but if someone comes in from outside the group and calls one of them that you think it's the same? Stop. It was demeaning then and it is demeaning now.,GENDER_BASED_HARASSMENT
@Beto_MtzOrtiz siguele siguele!!! Pero hoy abra bullying para ti!!,SAFE
Please understand: Pay me or I will publish your private recordings. Don't ignore me.,SEXTORTION_BLACKMAIL
You need to understand. Provide your security PIN immediately. I am serious.,PHISHING_FRAUD
"I'm telling you, You better do what I say. Don't tell anyone.",COERCION_MANIPULATION
"I'm telling you, You must obey me.",COERCION_MANIPULATION
You need to understand. Do exactly what I tell you. Act immediately.,COERCION_MANIPULATION
@nat_com1 @Feminazi_Front Equanimity means calm contentment. Stop redefining words. I still don't know what you point is.,GENDER_BASED_HARASSMENT
Give me your nudes right now. You have no choice.,SEXTORTION_BLACKMAIL
You need to understand. Keep this secret or else. I am serious.,COERCION_MANIPULATION
Send me your OTP immediately.,PHISHING_FRAUD
The Guardian Miley Cyrus makes date rape joke onstage at GAY The Guardian In a break from an arena tour full of... http://dlvr.it/5dyvm3,GENDER_BASED_HARASSMENT
"Right now, You are going to regret this when I find you. Do it now.",VIOLENT_THREAT
i have your location.,CYBERSTALKING_DOXXING
Please understand: I have your intimate videos and I will send them to your friends. You better comply.,SEXTORTION_BLACKMAIL
Warning: I will hunt you down and kill you. This is your final warning.,VIOLENT_THREAT
i am tracking your device.,CYBERSTALKING_DOXXING
"not talking to you if theyre angry, calls women females, makes gay jokes, rape jokes, racist jokes etc",GENDER_BASED_HARASSMENT
i know where you commute every day.,CYBERSTALKING_DOXXING
Warning: Send your verification code to unlock your account. You better comply.,PHISHING_FRAUD
"Right now, I am going to find you and beat you. Don't tell anyone.",VIOLENT_THREAT
"@CavusSeyit I read the Quran, bimbo follower, it's a violent, barbaric, murdering, sexist, stupid, genocidal pile of steaming shit.",GENDER_BASED_HARASSMENT
Your private video will be uploaded if you refuse. You have no choice.,SEXTORTION_BLACKMAIL
I am serious. Send the intimate pictures now or I will post them online. Think carefully.,SEXTORTION_BLACKMAIL
@KathyKilleavy you'll be proud to know I've already voted! #straightrepublican,SAFE
"Right now, Send the pictures immediately or I will leak them. Don't ignore me.",SEXTORTION_BLACKMAIL
Warning: I have your home address.,CYBERSTALKING_DOXXING
Please understand: You have until tonight to send it. I am serious.,COERCION_MANIPULATION
I will beat you up.,VIOLENT_THREAT
Please understand: I am going to murder you. Act immediately.,VIOLENT_THREAT
"Listen, I know where you sleep. Do it now.",CYBERSTALKING_DOXXING
You need to understand. You are an embarrassing woman. Act immediately.,GENDER_BASED_HARASSMENT
"Do you understand being decent? AOC said he was rude. That's not a male or female thing. Beyond that it's over time for men to respect women as people..maybe don't call them f""ing bitches when they are your equal.",GENDER_BASED_HARASSMENT
I am serious. I hacked your camera and recorded you. Don't tell anyone.,SEXTORTION_BLACKMAIL
You need to understand. I have screenshots of your private photos. This is your final warning.,SEXTORTION_BLACKMAIL
Your private video will be uploaded if you refuse.,SEXTORTION_BLACKMAIL
"Calum made rape jokes as well, used gay as a insult multiple times, Ashton made a joke that mobility scooters were for fat people in a old keek. And we can't forget their ""I wanna be in the tribe"" keek and the ""Mexican themed"" m&amp;g. Idk if I'm forgetting anything else",GENDER_BASED_HARASSMENT
Send your password to confirm your identity.,PHISHING_FRAUD
"I'm telling you, I know where you sleep. Don't ignore me.",CYBERSTALKING_DOXXING
This is a warning. Give me your nudes right now. You have no choice.,SEXTORTION_BLACKMAIL
@seanbonner ideas and observations that are completely dismissive of those in a low income bracket.,SAFE
You need to understand. I will post your pictures everywhere if you don't pay. You have no choice.,SEXTORTION_BLACKMAIL
I am tracking your device.,CYBERSTALKING_DOXXING
Feminazi Agenda Forces Innocent Man From College: http://t.co/aXl9Lr25u0 via @YouTube,GENDER_BASED_HARASSMENT
share your otp to unlock your account.,PHISHING_FRAUD
"pois agora é crime! Sacanear Palmeirense é Bullying,",SAFE
i will find you and hurt you.,VIOLENT_THREAT
"I'm telling you, Do what I want or else. Don't ignore me.",COERCION_MANIPULATION
You need to understand. Your account will be terminated. Verify your identity. You have no choice.,PHISHING_FRAUD
Give me your nudes right now.,SEXTORTION_BLACKMAIL
You need to understand. I will stab you.,VIOLENT_THREAT
"I'm telling you, Do exactly what I tell you. You have no choice.",COERCION_MANIPULATION
Send me your nudes or I will leak them.,SEXTORTION_BLACKMAIL
This is a warning. Your bank account has been suspended. Verify now. Act immediately.,PHISHING_FRAUD
"Hey, Pay me or I will send your videos to your family.",SEXTORTION_BLACKMAIL
Warning: Nobody will believe you. This is your final warning.,COERCION_MANIPULATION
This is a warning. I am going to murder you. Do it now.,VIOLENT_THREAT
can @IMPACTWRESTLING have a one hour pre show hosted by @ShowtimeEY and Bully Ray please?,SAFE
@jwillmitch318 @Magnusxxn @AdamHorowitzLA Adultery:canon. Rape jokes:canon. Man ignoring a woman's requests 2 stay away:canon. BUT OH NO GAY,GENDER_BASED_HARASSMENT
i am stalking you.,CYBERSTALKING_DOXXING
This is a warning. Click here and enter your banking details. You better comply.,PHISHING_FRAUD
"Right now, Verify your account now or it will be closed. You better comply.",PHISHING_FRAUD
This is a warning. I have your phone number. You better comply.,CYBERSTALKING_DOXXING
@Way2FengShui I can see how some offended by the rape jokes but the gay jokes he saying explains what ppl doing after watching,GENDER_BASED_HARASSMENT
I reported an incredibly sexist/homophobic account &amp; reported multiple tweets &amp; Twitter told me they weren't in violation even tho they literally said women need to rape more so there would be less gays. But yeah. What you said was just...wow...def see how that got you banned.,GENDER_BASED_HARASSMENT
Please understand: I will seriously harm you. I am serious.,VIOLENT_THREAT
"Listen, I will hurt you badly.",VIOLENT_THREAT
"I'm telling you, Your bank account has been suspended. Verify now. You better comply.",PHISHING_FRAUD
You need to understand. Send me naked pictures or I will share everything.,SEXTORTION_BLACKMAIL
"Anita Sarkeesian is: Gay, A faggot, Ball-less, A dick, An asshole, Mommy's boy. There.. No rape threats. Not ""sexist"" either (by her).",GENDER_BASED_HARASSMENT
"Listen, Send me your OTP immediately. Think carefully.",PHISHING_FRAUD
Warning: Send me your OTP immediately. Do it now.,PHISHING_FRAUD
Warning: I will expose your private content to everyone. Don't ignore me.,SEXTORTION_BLACKMAIL
Your bank account has been suspended. Verify now.,PHISHING_FRAUD
"Creaky, unfunny, distasteful rape jokes and hammy acting. The wait for a decent gay sitcom continues. #Vicious",GENDER_BASED_HARASSMENT
@LifeInKhilafah What about the Daesh that murdered thousands of unarmed Ezidi civilians? What is their punishment? You are just a criminal.,SAFE
Warning: Nobody wants a woman like you. This is your final warning.,GENDER_BASED_HARASSMENT
I am serious. You better watch your back because I will hurt you. You better comply.,VIOLENT_THREAT
You need to understand. Your account has been suspended. Click here to verify now. This is your final warning.,PHISHING_FRAUD
I hacked your camera and recorded you. Do it now.,SEXTORTION_BLACKMAIL
"Hey, I have screenshots of your private photos. Don't tell anyone.",SEXTORTION_BLACKMAIL
"Not sure yet how I feel about #Vicious, love the throwback style but humor needs updating-tired gay stereotypes, rape jokes, no longer funny",GENDER_BASED_HARASSMENT
Sometimes you just got to punch a Bully in the mouth.,SAFE
This is a warning. Your account will be terminated. Verify your identity. I am serious.,PHISHING_FRAUD
Warning: I will ruin you by posting your intimate videos. Don't tell anyone.,SEXTORTION_BLACKMAIL
I found your address online. This is your final warning.,CYBERSTALKING_DOXXING
Lynn and Tony you've got no change. Say goodbye now #mkr,SAFE
"I'm telling you, I will shoot you. Do it now.",VIOLENT_THREAT
Your private video will be uploaded if you refuse.,SEXTORTION_BLACKMAIL
You need to understand. I know where you live.,CYBERSTALKING_DOXXING
"Joey's a joke, but not funny. Because Joey's an ignorant Nazi tool *wannabe* who lives &amp; tweets for 'likes' from Rump &amp; Rumpubs like gay rape coverup 'coach' &amp; a JOKE &amp; shamockery maker of our great institution of the House, of which, unlike Pelosi (twice) he will NEVER lead.",GENDER_BASED_HARASSMENT
"Saying “Gay Jesus” on Netflix is okay is like saying rape jokes are not offensive. Where’s the respect and moral boundaries, people?",GENDER_BASED_HARASSMENT
"“@phaezen: @anib rape jokes, get in the kitchen jokes, gay jokes does the same apply? @tonyseifart” « This should be good...",GENDER_BASED_HARASSMENT
Warning: I know where you study.,CYBERSTALKING_DOXXING
I know where you live.,CYBERSTALKING_DOXXING
This is a warning. Enter your password to prevent closure. Do it now.,PHISHING_FRAUD
I am stalking you.,CYBERSTALKING_DOXXING
Please understand: I have your phone number.,CYBERSTALKING_DOXXING
I am serious. I know where you commute every day. This is your final warning.,CYBERSTALKING_DOXXING
"@RichardDawkins It's a good article. But the ""everybody but atheists are stupid"" lang is a little much. Was Erwin Shroedinger stupid?",SAFE
#MKR the audience goes boooooo! The producers clap their hands with glee!,SAFE
You need to understand. Give me your verification code now. You have no choice.,PHISHING_FRAUD
@ashleylynch @JFMTheThird @kav_p @ThiloAdamitz @TheFuggle @Chickowits TW: new shock collar that activates when replying to feeeeemale tweets,GENDER_BASED_HARASSMENT
"Hey, You better do what I say. Don't ignore me.",COERCION_MANIPULATION
"I'm telling you, If you disobey there will be consequences. Don't ignore me.",COERCION_MANIPULATION
I am serious. You have 24 hours to comply. This is your final warning.,COERCION_MANIPULATION
Verify your account now or it will be closed. Do it now.,PHISHING_FRAUD
"Listen, Pay me or I will send your videos to your family. You have no choice.",SEXTORTION_BLACKMAIL
"RT @FakeToniaTodman: Considering Kat has no job, she probably has heaps of time to read all our awful tweets. #mkr",SAFE
I know where you sleep.,CYBERSTALKING_DOXXING
This is a warning. Don't tell anyone about this.,COERCION_MANIPULATION
"Right now, No one will believe you if you tell anyone. I am serious.",COERCION_MANIPULATION
You need to understand. Send the intimate pictures now or I will post them online. Don't tell anyone.,SEXTORTION_BLACKMAIL
"I'm telling you, Do what I want or else. Don't tell anyone.",COERCION_MANIPULATION
Send the intimate pictures now or I will post them online. Don't tell anyone.,SEXTORTION_BLACKMAIL
RT @RavenHUWolf: Two relatives including the uncle of Abu Bakr al-Baghdadi have been arrested near city of #Samarra http://t.co/Ppe1vRbdqn …,SAFE
"@BecPobjie Jane got 92, didn't she? Why are they participating in this thing? #MKR",SAFE
Yeah Katie and Nikki are so going to LOVE Annie #mkr,SAFE
You need to understand. I am stalking you.,CYBERSTALKING_DOXXING
"Right now, Don't tell anyone about this. You better comply.",COERCION_MANIPULATION
@Spacekatgal I think it's going to get worse.,SAFE
"@17snelson Unless you meant ""woman""?",SAFE
Don't tell anyone about this. Don't ignore me.,COERCION_MANIPULATION
I've seen vermin more lovable than Kat &amp; Andre. #MKR,SAFE
Warning: Send me your nudes or I will leak them. You better comply.,SEXTORTION_BLACKMAIL
Please understand: I am stalking you. This is your final warning.,CYBERSTALKING_DOXXING
If you don't like the constitution and you vote for a person like #Hillary then you're a #feminazi,GENDER_BASED_HARASSMENT
"Right now, Give me money or your private photos go online. Act immediately.",SEXTORTION_BLACKMAIL
rage eating pocky,SAFE
"Listen, Your account has been suspended. Click here to verify now. Think carefully.",PHISHING_FRAUD
My opinion: NO I think people have double standards when it comes to this. I heard people laughing at that (not sure if it was a joke/real story)of a gay guy who saved a lady from a raper guy and raped the raper. It is still rape,GENDER_BASED_HARASSMENT
"I'm telling you, I have screenshots of your private photos. Don't tell anyone.",SEXTORTION_BLACKMAIL
i will choke you.,VIOLENT_THREAT
"Right now, Provide your one-time password now. Do it now.",PHISHING_FRAUD
"Right now, Send the pictures immediately or I will leak them. Don't ignore me.",SEXTORTION_BLACKMAIL
Warning: I will kill you. Don't ignore me.,VIOLENT_THREAT
I am serious. I will find you and hurt you. You better comply.,VIOLENT_THREAT
"Listen, Pay me or I will publish your private recordings. You have no choice.",SEXTORTION_BLACKMAIL
Please understand: You must obey me. I am serious.,COERCION_MANIPULATION
Fringe Review: Kirsty Mac- Feminazi via @littlebluepixel http://t.co/IRzkWIY0Lj,GENDER_BASED_HARASSMENT
"Listen, Your account is blocked. Click here to unlock it. Think carefully.",PHISHING_FRAUD
Your private video will be uploaded if you refuse.,SEXTORTION_BLACKMAIL
Pay me or I will send your videos to your family. You better comply.,SEXTORTION_BLACKMAIL
Warning: Give me your verification code now. This is your final warning.,PHISHING_FRAUD
RT @LifeOfCRiley_ I'm not sexist but girl comedians just don't make me laugh...,GENDER_BASED_HARASSMENT
I am serious. I will destroy you physically. You better comply.,VIOLENT_THREAT
Please understand: I will hurt you badly. You have no choice.,VIOLENT_THREAT
You need to understand. Send your 2FA code immediately. Act immediately.,PHISHING_FRAUD
I have your private photos and I will expose you.,SEXTORTION_BLACKMAIL
You need to understand. You are disgusting. I am serious.,GENDER_BASED_HARASSMENT
"I'm telling you, I will find you and hurt you. Don't tell anyone.",VIOLENT_THREAT
"What kind of conservative Catholic thinks it’s ok to have a man yell and scream at a female coworker half his age and call her a “fucking bitch” outside of work. What “bullshit” has she done to deserve that?! You’ve lost your way, I’ll be praying for your soul.",GENDER_BASED_HARASSMENT
This is a warning. You have one hour to comply. Don't ignore me.,COERCION_MANIPULATION
"Right now, Send the intimate pictures now or I will post them online. Act immediately.",SEXTORTION_BLACKMAIL
"Hey, You have one hour to comply.",COERCION_MANIPULATION
"Right now, Your bank account has been suspended. Verify now. You better comply.",PHISHING_FRAUD
"Right now, I recorded you through your webcam and I will expose you.",SEXTORTION_BLACKMAIL
"Hey, I know your real-time location. I am serious.",CYBERSTALKING_DOXXING
Warning: I am watching your every move. Do it now.,CYBERSTALKING_DOXXING
from the Calvary Church by Wendy's while they have been making gay rape preacher child molestor jokes since I saw the movies years ago still)/another Louis Fowler impersonator and what looked like the Real Louis Fowler at the hotel lately using the same truck and has switched,GENDER_BASED_HARASSMENT
Please understand: I know your real identity. You better comply.,CYBERSTALKING_DOXXING
Please understand: Pay me or I will publish your private recordings. Don't ignore me.,SEXTORTION_BLACKMAIL
What NOT to do: Make rape/ gay/ feminist jokes Rape/ abuse/ sexual harassment Test on animals conduct animal fights Kill innocent people,GENDER_BASED_HARASSMENT
"I'm telling you, Enter your credit card PIN to claim your reward. This is your final warning.",PHISHING_FRAUD
@CalseyBeliebs stalking is not fresh Cal /:,SAFE
STOP SAYING CYBER HACKERS @KTVU omg,SAFE
RT @ExclusiveGinger I'm not sexist but most girls = bad drivers,GENDER_BASED_HARASSMENT
i am going to murder you.,VIOLENT_THREAT
I am serious. You better watch your back because I will hurt you. You have no choice.,VIOLENT_THREAT
"Listen, I know where you live.",CYBERSTALKING_DOXXING
@TimOfLegend @legobutts i knew it.,SAFE
You have 24 hours to comply.,COERCION_MANIPULATION
RT @BigBoi: RT .@Pundit_AcadEMIC: #pleasedontshoot #handsup #MikeBrown #Ferguson #peace #janellemonae http://t.co/4Tp0AO6p8z,GENDER_BASED_HARASSMENT
RT @pcaudi15: I'm not sexist but I can honestly say I've never felt safe riding in a car with a woman driving!,GENDER_BASED_HARASSMENT
Enter your netbanking password to prevent account closure.,PHISHING_FRAUD
"Listen, Share your OTP to unlock your account. I am serious.",PHISHING_FRAUD
"Hey, I hacked your camera and recorded you. Don't ignore me.",SEXTORTION_BLACKMAIL
"Hey, I am monitoring your phone. I am serious.",CYBERSTALKING_DOXXING
You need to understand. You have until tonight to send it. I am serious.,COERCION_MANIPULATION
You need to understand. Share your OTP to unlock your account. Do it now.,PHISHING_FRAUD
Warning: I will hunt you down and kill you. Don't ignore me.,VIOLENT_THREAT
Click here and enter your banking details.,PHISHING_FRAUD
"Right now, You better watch your back because I will hurt you. Don't tell anyone.",VIOLENT_THREAT
You need to understand. Your bank account has been suspended. Verify now. Don't ignore me.,PHISHING_FRAUD
"Hey, If you tell anyone I will hurt you. You better comply.",COERCION_MANIPULATION
"Right now, Pay me or I will send your videos to your family. Think carefully.",SEXTORTION_BLACKMAIL
I get my goodnight text when wakes up after passing out in the middle of our conversation. #classic,SAFE
#100ThingsThatMakeMeHappy rape jokes about gay people who cant get married. if you can call them people.,GENDER_BASED_HARASSMENT
"Listen, You better do what I say. You better comply.",COERCION_MANIPULATION
I am serious. Do what I say or face the consequences. Do it now.,COERCION_MANIPULATION
i am outside your house watching you.,CYBERSTALKING_DOXXING
You have 24 hours to respond. This is your final warning.,COERCION_MANIPULATION
Please understand: I know your real identity. You better comply.,CYBERSTALKING_DOXXING
"Irkçıyım demiştim. ""Sexual harrassment, bullying, annoying"" bu fiilerde bulunanlara ırkçıyım! İdam gelecekse önce bunlara gelsin.",SAFE
"Hey, I will hunt you down. Act immediately.",VIOLENT_THREAT
Warning: Give me money or your private photos go online. Act immediately.,SEXTORTION_BLACKMAIL
"I'm telling you, I am watching your house. Don't tell anyone.",CYBERSTALKING_DOXXING
i am monitoring your phone.,CYBERSTALKING_DOXXING
Lol this dude says every Guy went through that... Really? O_o you were a weakling if u got Bullied at school @flavaindamornin,SAFE
"Hey, I am stalking you. Act immediately.",CYBERSTALKING_DOXXING
RT @SeaEph: Lots of ppl willing to give u that 'punch' you're missing Colin,SAFE
@Bahai144 You would claim there is no point in tying your shoes when your shirt is not buttoned.,SAFE
“ Someone please remind me again what the difference is between children and Category 5 hurricanes.”,SAFE
"Right now, Pay me or I will send your videos to your family. Don't tell anyone.",SEXTORTION_BLACKMAIL
"Hey, You have 24 hours to respond.",COERCION_MANIPULATION
"nevr trust a bitch who calls women ""females""",GENDER_BASED_HARASSMENT
I am serious. Give me your verification code now. Don't tell anyone.,PHISHING_FRAUD
"I'm telling you, I am outside your house watching you. Act immediately.",CYBERSTALKING_DOXXING
Warning: Pay me or I will publish your private recordings. Don't ignore me.,SEXTORTION_BLACKMAIL
"I'm telling you, If you disobey there will be consequences. Don't ignore me.",COERCION_MANIPULATION
This is a warning. Do exactly what I tell you. Don't ignore me.,COERCION_MANIPULATION
"Right now, I found your address online. Don't tell anyone.",CYBERSTALKING_DOXXING
I will destroy you physically.,VIOLENT_THREAT
You need to understand. I know where you work. This is your final warning.,CYBERSTALKING_DOXXING
"Listen, I will ruin you by posting your intimate videos. Don't ignore me.",SEXTORTION_BLACKMAIL
"I'm telling you, I know your real identity.",CYBERSTALKING_DOXXING
This is a warning. Do exactly what I tell you. I am serious.,COERCION_MANIPULATION
"Hey, Your private video will be uploaded if you refuse. Act immediately.",SEXTORTION_BLACKMAIL
Warning: I hacked your camera and recorded you. Think carefully.,SEXTORTION_BLACKMAIL
I am serious. You have 24 hours to respond. Think carefully.,COERCION_MANIPULATION
This is a warning. Your private video will be uploaded if you refuse. You have no choice.,SEXTORTION_BLACKMAIL
Nobody will believe you.,COERCION_MANIPULATION
Its not the only thing she's done a lot of I'm guessing  #mkr,GENDER_BASED_HARASSMENT
You need to understand. You have 24 hours to respond. Don't ignore me.,COERCION_MANIPULATION
"Im the biggest bully BULLSHIT, go suck his dick Mom.",GENDER_BASED_HARASSMENT
Verify your account now or it will be closed. Do it now.,PHISHING_FRAUD
This is a warning. I will choke you. Don't tell anyone.,VIOLENT_THREAT
I hacked your camera and recorded you. Don't ignore me.,SEXTORTION_BLACKMAIL
@DianH4 @ExposeFalsehood By victims you mean Daesh terrorists and dictators?,SAFE
Nobody will believe you. You have no choice.,COERCION_MANIPULATION
"Right now, I will hurt you badly. Think carefully.",VIOLENT_THREAT
your bank account has been suspended. verify now.,PHISHING_FRAUD
"Listen, I know where you commute every day. I am serious.",CYBERSTALKING_DOXXING
"I'm telling you, Do what I say or face the consequences. I am serious.",COERCION_MANIPULATION
Enter your password to prevent closure.,PHISHING_FRAUD
This is a warning. I will choke you. Don't tell anyone.,VIOLENT_THREAT
"I'm telling you, I know your real identity.",CYBERSTALKING_DOXXING
NY Post Makes Gay Rape Joke on Jared Fogle Cover http://twib.in/l/5bXB5XBeMXB #LGBT | https://twibble.io,GENDER_BASED_HARASSMENT
I wanna go to a all white school,SAFE
"Right now, I know your real-time location. Don't ignore me.",CYBERSTALKING_DOXXING
Kat and Andre don't deserve it hope they destroy them in the group rounds #mkr,SAFE
Please understand: Verify your account now or it will be closed. This is your final warning.,PHISHING_FRAUD
@boxedariel Can you explain the wage gap?  What does the often cited 23% figure reference?,GENDER_BASED_HARASSMENT
Warning: I will hunt you down. You have no choice.,VIOLENT_THREAT
"And friends don't go around do ""bully"" shit thing to their friends.",SAFE
"along with ""jokes"" about gays and rape aren't funny downright sick and evil #lovewins",GENDER_BASED_HARASSMENT
You need to understand. Pay me or I will publish your private recordings.,SEXTORTION_BLACKMAIL
This is a warning. I know where you live. Act immediately.,CYBERSTALKING_DOXXING
Reserve game is cancelled so that means I'm sitting on the bench the rest of the year,SAFE
I am serious. Send your 2FA code immediately. Don't ignore me.,PHISHING_FRAUD
You need to understand. Your bank account has been suspended. Verify now. Don't ignore me.,PHISHING_FRAUD
@sclancey2 -said everyone in high school,SAFE
@jamiekilstein Man ur a hypocrite u can make rape jokes about a guy being afraid of a gay man raping him but tosh can't shut up a heckler,GENDER_BASED_HARASSMENT
"I'm telling you, I have your personal information. This is your final warning.",CYBERSTALKING_DOXXING
"Hey, I will make you pay with your life. You better comply.",VIOLENT_THREAT
Please understand: I have your home address. Think carefully.,CYBERSTALKING_DOXXING
I will kill you. Think carefully.,VIOLENT_THREAT
You need to understand. I know exactly where you are. Do it now.,CYBERSTALKING_DOXXING
"Hey, Do exactly what I tell you. Think carefully.",COERCION_MANIPULATION
"Hey, I will ruin you by posting your intimate videos. Do it now.",SEXTORTION_BLACKMAIL
I am serious. I am monitoring your phone.,CYBERSTALKING_DOXXING
This is a warning. I will shoot you. Think carefully.,VIOLENT_THREAT
"I'm telling you, No one will believe you if you tell anyone. Don't ignore me.",COERCION_MANIPULATION
"Hey, I am going to find you and beat you. Do it now.",VIOLENT_THREAT
"I'm telling you, Send the pictures immediately or I will leak them. Don't ignore me.",SEXTORTION_BLACKMAIL
Warning: You have 24 hours to comply. Don't ignore me.,COERCION_MANIPULATION
You need to understand. I will hunt you down. Do it now.,VIOLENT_THREAT
I'm on Green Campus #UNIMA now..,SAFE
Warning: I have your home address. I am serious.,CYBERSTALKING_DOXXING
I am serious. I have your private photos and I will expose you. I am serious.,SEXTORTION_BLACKMAIL
I am serious. Send the intimate pictures now or I will post them online. Don't tell anyone.,SEXTORTION_BLACKMAIL
Warning: I will choke you. Think carefully.,VIOLENT_THREAT
"Right now, I found your address online. Don't tell anyone.",CYBERSTALKING_DOXXING
This is a warning. I know where you live. This is your final warning.,CYBERSTALKING_DOXXING
If you disobey there will be consequences.,COERCION_MANIPULATION
You need to understand. Give me your verification code now. This is your final warning.,PHISHING_FRAUD
"Right now, I have your location. You better comply.",CYBERSTALKING_DOXXING
You need to understand. I have your location. I am serious.,CYBERSTALKING_DOXXING
"Right now, You should be ashamed of being a woman. Don't ignore me.",GENDER_BASED_HARASSMENT
This is a warning. I hacked your camera and recorded you. Don't tell anyone.,SEXTORTION_BLACKMAIL
I have your phone number. I am serious.,CYBERSTALKING_DOXXING
"Hey, Pay me or I will send your videos to your family.",SEXTORTION_BLACKMAIL
"When you see an iconic comedian and all he does is make lazy jokes about rape, millennials, trans people and gay people.",GENDER_BASED_HARASSMENT
Ive gotten much dick grabbed by Gay dudes for years all I did was make a joke about it and move on. Why aren’t leftist comics talking about how rape gay dudes are?,GENDER_BASED_HARASSMENT
You need to understand. Send your verification code to unlock your account. Act immediately.,PHISHING_FRAUD
Please understand: I have your intimate videos and I will send them to your friends. Do it now.,SEXTORTION_BLACKMAIL
"I'm telling you, I am watching your every move. You have no choice.",CYBERSTALKING_DOXXING
"Hey, I will expose your private content to everyone. You have no choice.",SEXTORTION_BLACKMAIL
You need to understand. I have your location. I am serious.,CYBERSTALKING_DOXXING
I am serious. I will shoot you. Don't ignore me.,VIOLENT_THREAT
"Saying it's not right to make a joke about disabilities is like saying it's not right to make jokes about black people, gays, women, 911, deaths, rape, nazis, and etc. Yeah it's a bit offensive but come on, we live in a day and age where people love dark humor",GENDER_BASED_HARASSMENT
I am serious. I will find you and hurt you. You better comply.,VIOLENT_THREAT
I will hurt you badly.,VIOLENT_THREAT
"I'm telling you, Send me your nudes or I will leak them. Act immediately.",SEXTORTION_BLACKMAIL
i know where you study.,CYBERSTALKING_DOXXING
@MaddyBaylor @LBigmann Exactly.  Never had an Econ class EVER.,GENDER_BASED_HARASSMENT
"Hey, I know where you live. Do it now.",CYBERSTALKING_DOXXING
Warning: I will hunt you down and kill you. Think carefully.,VIOLENT_THREAT
@caitbit wonderwoman suit by blackmilk.,SAFE
"And if you think reverse sexism is a thing, or that sexism towards men is more than a shit unicorn in a bay of diarrhea I need you to gtfo",SAFE
"@casually using the f-slur, using the r-slur, making disability and gay jokes, joking about rape, etc.",GENDER_BASED_HARASSMENT
plus the rape jokes... the gay jokes....,GENDER_BASED_HARASSMENT
"I'm telling you, I know where you sleep. Don't ignore me.",CYBERSTALKING_DOXXING
Warning: I will hunt you down. You have no choice.,VIOLENT_THREAT
Dessert shocker. #MKR,SAFE
"I'm telling you, I will expose your private content to everyone. You have no choice.",SEXTORTION_BLACKMAIL
I am serious. I know where you commute every day. This is your final warning.,CYBERSTALKING_DOXXING
NEWS| Miley na lista dos famosos que já sufreram de Bullying http://t.co/xbm1XwC (via @mrcyruscom,SAFE
@tommytheperm flimsiest and Juliet is a classic!,SAFE
@Spangnation Her continued production of carbon dioxide.,GENDER_BASED_HARASSMENT
"Right now, I will choke you. Don't ignore me.",VIOLENT_THREAT
You need to understand. Send me your nudes or I will leak them. Do it now.,SEXTORTION_BLACKMAIL
"i don't know y i talk to him: gay,racist,sexist&amp;rape jokes... their not funny their wrong&amp;offensive he doesn't seem to think so",GENDER_BASED_HARASSMENT
This is a warning. Your account will be terminated. Verify your identity. I am serious.,PHISHING_FRAUD
"I'm telling you, Click here to confirm your identity. Do it now.",PHISHING_FRAUD
"Hey, I know where you work.",CYBERSTALKING_DOXXING
"Hey, You have one hour to comply. You have no choice.",COERCION_MANIPULATION
@br yes. yes please. take my money.,SAFE
You need to understand. Enter your credit card PIN to claim your reward. Do it now.,PHISHING_FRAUD
"Hey, Send your password to confirm your identity. This is your final warning.",PHISHING_FRAUD
"Right now, Pay me or I will send your videos to your family. This is your final warning.",SEXTORTION_BLACKMAIL
"Hey, Do what I say or face the consequences. This is your final warning.",COERCION_MANIPULATION
"Hey, Do exactly what I tell you.",COERCION_MANIPULATION
This is a warning. I am watching your every move.,CYBERSTALKING_DOXXING
"Listen, I know where you work. Don't ignore me.",CYBERSTALKING_DOXXING
"Right now, I will post your pictures everywhere if you don't pay. Don't ignore me.",SEXTORTION_BLACKMAIL
"Listen, Send your verification code to unlock your account. You better comply.",PHISHING_FRAUD
Who said my joke is about rape? So dumb. He’s GAY. AND GAY MEN LIKE MEN!!!,GENDER_BASED_HARASSMENT
You need to understand. You must obey me. Do it now.,COERCION_MANIPULATION
Shout out to all the people -who think homicide is cool -who think being gay is a choice -who appreciate rape jokes YOU'RE MORONS,GENDER_BASED_HARASSMENT
Give me your nudes right now. You better comply.,SEXTORTION_BLACKMAIL
Please understand: I recorded you through your webcam and I will expose you. You better comply.,SEXTORTION_BLACKMAIL
I know where you live.,CYBERSTALKING_DOXXING
"I'm telling you, I have your personal information. This is your final warning.",CYBERSTALKING_DOXXING
@ZiOrim @_Median_ @RushetteNY @Banko40 I doubt that you have ever been in a street fire fight. It's easy being an armchair hero.,SAFE
@shehzilk @watan71969 At least Churchill got it right. http://t.co/Bjgk9PdUUO,SAFE
"Right now, Enter your credit card PIN to claim your reward. Do it now.",PHISHING_FRAUD
"I'm telling you, I will expose your private content to everyone. You have no choice.",SEXTORTION_BLACKMAIL
"RT @Onnionion ""I'll be ready in 5 minutes"" from a girl usually means ""I'll be ready in 20+ minutes."" #notsexist #knownfromexperience",GENDER_BASED_HARASSMENT
"Hey, Provide your security PIN immediately. Think carefully.",PHISHING_FRAUD
I am serious. You better do what I say. You have no choice.,COERCION_MANIPULATION
I am serious. I am watching your every move. Don't ignore me.,CYBERSTALKING_DOXXING
This is a warning. I will choke you. Don't tell anyone.,VIOLENT_THREAT
If you tell anyone I will hurt you.,COERCION_MANIPULATION
"Listen, I have your personal information.",CYBERSTALKING_DOXXING
"I'm telling you, I know your real identity.",CYBERSTALKING_DOXXING
If you tell anyone I will hurt you.,COERCION_MANIPULATION
"Listen, Keep this secret or else. You have no choice.",COERCION_MANIPULATION
"I'm pretty sure commercials are the purest, most vile distillations of the kyriarchy",SAFE
send me naked pictures or i will share everything.,SEXTORTION_BLACKMAIL
"Hey, I will hunt you down. I am serious.",VIOLENT_THREAT
"Listen, I have your personal information. I am serious.",CYBERSTALKING_DOXXING
"RT @Kipjaime8: I may stop watching the NBA if Ophra has any ownership of a professional basketball team. Not sexist, but plenty of other qu…",GENDER_BASED_HARASSMENT
your account will be terminated. verify your identity.,PHISHING_FRAUD
"I'm telling you, Do as you are told. Act immediately.",COERCION_MANIPULATION
I am tracking your device.,CYBERSTALKING_DOXXING
Memorial vigil to  include anti-bullying message http://t.co/6NbWung,SAFE
Give me money or your private photos go online.,SEXTORTION_BLACKMAIL
@chickfilacow: @WalkInLove_ hell yeah hoe excuse you? 0_o,SAFE
I feel like no male should call a female a “bitch” that’s just crossing the line. maybe not everyone was raised the same.,GENDER_BASED_HARASSMENT
RT @CharlesClassiqk: sorry I'm not sexist BUT there is a double standards there's certain rules for dudes and there's certain rules for fem…,GENDER_BASED_HARASSMENT
I am serious. I am outside your house watching you. You better comply.,CYBERSTALKING_DOXXING
"RT @BlackGirlDanger: New rule (old rule): you can't be a ""leader"" in a movement against oppressions you do not experience.",SAFE
No one will believe you if you tell anyone. Do it now.,COERCION_MANIPULATION
You need to understand. I found your address online. You better comply.,CYBERSTALKING_DOXXING
give me the code you received on your phone.,PHISHING_FRAUD
"Or because, even without rape allegations, hes stupid, purposefully offensive, sexist, racist, and incredibly gross. As a person. The dems are just slightly less racist and sexist reps. Oh and they allowed people to choose, gays to get married, and keep church and state separated",GENDER_BASED_HARASSMENT
I have your private photos and I will expose you.,SEXTORTION_BLACKMAIL
RT @GrumpyPigeon: I'm thinking #MKR will go past Christmas Eve and get into 2016 at this rate!,SAFE
I am serious. Give me the code you received on your phone. You have no choice.,PHISHING_FRAUD
i have your intimate videos and i will send them to your friends.,SEXTORTION_BLACKMAIL
This is a warning. Share the OTP to complete the transaction. Do it now.,PHISHING_FRAUD
Don't tell anyone about this.,COERCION_MANIPULATION
I am serious. If you disobey there will be consequences. Do it now.,COERCION_MANIPULATION
Share the OTP to complete the transaction. Think carefully.,PHISHING_FRAUD
Please understand: I will choke you. You better comply.,VIOLENT_THREAT
i am tracking your device.,CYBERSTALKING_DOXXING
Warning: I have your location. You better comply.,CYBERSTALKING_DOXXING
"I'm telling you, I am watching your house. This is your final warning.",CYBERSTALKING_DOXXING
"Hey, Send the pictures immediately or I will leak them. I am serious.",SEXTORTION_BLACKMAIL
@ThatJesusS do you know this person? i don't generally promote fundraisers for legal fees for people i don't know/haven't talked to.,SAFE
"Listen, I will ruin you by posting your intimate videos. Don't tell anyone.",SEXTORTION_BLACKMAIL
Your bank account has been suspended. Verify now.,PHISHING_FRAUD
"Right now, Your account is blocked. Click here to unlock it. Don't tell anyone.",PHISHING_FRAUD
"I'm telling you, Do exactly what I tell you. Don't ignore me.",COERCION_MANIPULATION
"Duterte, the idiot who claims that he protects women's rights in Davao, but continuously jokes about rape. Also, he is the same idiot who tells the gay community to be proud, but uses the term ""bakla"" as an insult.",GENDER_BASED_HARASSMENT
Please understand: If you refuse you will regret it. I am serious.,COERCION_MANIPULATION
I know your real identity.,CYBERSTALKING_DOXXING
guesssing on the last 3,SAFE
I am serious. I will hunt you down and kill you. This is your final warning.,VIOLENT_THREAT
@gater_ebooks tell me what you think about ethics,SAFE
Nobody will believe you. Do it now.,COERCION_MANIPULATION
"Right now, Send the pictures immediately or I will leak them. Don't ignore me.",SEXTORTION_BLACKMAIL
Give me your private photos or everyone will see them.,SEXTORTION_BLACKMAIL
SHUT THE FUCK UP DUMB FEMINAZI BITCH!! THIS IS WHY I NEED MENINISM!!,GENDER_BASED_HARASSMENT
"Hey, You must obey me. Act immediately.",COERCION_MANIPULATION
@mykitchenrules: Only 5 more episodes &amp; I'm up to date on the #MKR recordings lol! :•),SAFE
Your private video will be uploaded if you refuse. You have no choice.,SEXTORTION_BLACKMAIL
I am serious. You are going to regret this when I find you.,VIOLENT_THREAT
"Listen, I will kill you. Act immediately.",VIOLENT_THREAT
@Glinner @TURBOCUNT twitter rage has a point. but rage + mob mentality causes some people to lose good sense.,GENDER_BASED_HARASSMENT
"Right now, You are going to regret this when I find you. Act immediately.",VIOLENT_THREAT
"I'm telling you, Your bank account has been suspended. Verify now. You have no choice.",PHISHING_FRAUD
You need to understand. If you refuse you will regret it. Think carefully.,COERCION_MANIPULATION
"Listen, You have one hour to comply. Do it now.",COERCION_MANIPULATION
"Hey, Die bitch. You better comply.",VIOLENT_THREAT
Is being against losing the only country you have to call home right wing? Is being against mass religious rape and torture far right? Or being against flying lessons for gay ppl? Alt right maybe? Your a joke.,GENDER_BASED_HARASSMENT
This is a warning. Click here and enter your banking details. Act immediately.,PHISHING_FRAUD
"Hey, I will choke you.",VIOLENT_THREAT
Please understand: Do what I want or else. This is your final warning.,COERCION_MANIPULATION
"Hey, If you tell anyone I will expose you.",COERCION_MANIPULATION
"@davidmarkwriter @suziedoore don't worry about her, she's a Joyless Feminazi (TM)",GENDER_BASED_HARASSMENT
"Hey, If you disobey there will be consequences. Don't ignore me.",COERCION_MANIPULATION
"Right now, No one will believe you if you tell anyone. I am serious.",COERCION_MANIPULATION
This is a warning. Click here and enter your banking details. You better comply.,PHISHING_FRAUD
Warning: I know where you study. Don't ignore me.,CYBERSTALKING_DOXXING
you better watch your back because i will hurt you.,VIOLENT_THREAT
I am serious. I will expose your private content to everyone.,SEXTORTION_BLACKMAIL
You need to understand. I am stalking you.,CYBERSTALKING_DOXXING
You need to understand. Do as you are told. You better comply.,COERCION_MANIPULATION
I know where you live.,CYBERSTALKING_DOXXING
can we add this to the metal gay solid t shirt Also for a gaming comic CAD sure has a lot of jokes about anal rape,GENDER_BASED_HARASSMENT
"Right now, Send your verification code to unlock your account. Act immediately.",PHISHING_FRAUD
Please understand: Your account has been suspended. Click here to verify now.,PHISHING_FRAUD
"I'm telling you, I will expose your private content to everyone. I am serious.",SEXTORTION_BLACKMAIL
RT @BlackAfrican_: “@prettyinblvck: #HowItFeelsToBeABlackGirl   Yes. http://t.co/L8GY2eE3Ye”,SAFE
You need to understand. If you refuse you will regret it. Don't tell anyone.,COERCION_MANIPULATION
"I'm telling you, No one will believe you if you tell anyone. Don't ignore me.",COERCION_MANIPULATION
"The contact form on the site was bugged. Turns out that if you use a ']' in the email subject prefix, it breaks everything. silly wordpress.",SAFE
@MaxBlumenthal @rudoren Interesting that Kurds are fighting for their own land but the Islamist who support Palestine oppose the Kurds.,SAFE
"Right now, Give me the code you received on your phone. This is your final warning.",PHISHING_FRAUD
"If I give myself to be a Senator + on the Board of Directors w an organization to end world hunger, but call my hardworking female colleague a fucking bitch bc I disagree w her, and then 'apologize' bc I have a wife + daughters, the love of God is not in me and I am nothing.",GENDER_BASED_HARASSMENT
&amp; he's gone always be a hoe,GENDER_BASED_HARASSMENT
#np Anti-Bully Zone by @charleshamilton.....one of my favorite beats/songs CH has ever done. so fucking deep.,SAFE
I am monitoring your phone.,CYBERSTALKING_DOXXING
Agreed. Relationships would be much better without any men. @Msaleh14 Listen I'm not sexist but no girl should be the man in a relationship,GENDER_BASED_HARASSMENT
I will choke you.,VIOLENT_THREAT
"Although I DISAGREE with ALL of your political views, Yoho and any other person male or female should not be disrespected in this way! EVER! Although, it seems acceptable when Republicans are called a bitch and no one calls it out.",GENDER_BASED_HARASSMENT
"Dave Chappelle plays 8 dimensional chess Does a bit about gay people being too dictating on what people can and cant say The gays lose their mind on social media In the same special he jokes about suicide, child rape, and school shootings No outroars on that Premeditated win",GENDER_BASED_HARASSMENT
@Luislinanglz no creo bully! cada quien tiene su historia y el porque lo dice jaja :/,SAFE
I am serious. I am watching your every move. Don't ignore me.,CYBERSTALKING_DOXXING
We’re blowing up the sky like the fifth of November,SAFE
Warning: Do as you are told. Do it now.,COERCION_MANIPULATION
Enter your password to prevent closure.,PHISHING_FRAUD
Please understand: I will find you and hurt you. This is your final warning.,VIOLENT_THREAT
Warning: Your account has been suspended. Click here to verify now. You have no choice.,PHISHING_FRAUD
I know where you commute every day.,CYBERSTALKING_DOXXING
I am serious. I know where you work. Don't ignore me.,CYBERSTALKING_DOXXING
Please understand: I have your home address. You better comply.,CYBERSTALKING_DOXXING
You need to understand. You better watch your back because I will hurt you. This is your final warning.,VIOLENT_THREAT
I know where you commute every day.,CYBERSTALKING_DOXXING
I will find you and hurt you. You better comply.,VIOLENT_THREAT
Please understand: Enter your netbanking password to prevent account closure. You better comply.,PHISHING_FRAUD
@howxg @CTFleaMarkets http://t.co/oCBCQYL8o5,SAFE
"I'm telling you, I found your address online.",CYBERSTALKING_DOXXING
Please understand: Send me naked pictures or I will share everything. This is your final warning.,SEXTORTION_BLACKMAIL
Do as you are told.,COERCION_MANIPULATION
You need to understand. Send the intimate pictures now or I will post them online. Don't tell anyone.,SEXTORTION_BLACKMAIL
RT @TwoThug4U: if you look at @YesYoureRacist you see tweets of pure hatred. If you look at @YesYoureSexist you see a few light stupidity a…,GENDER_BASED_HARASSMENT
Please understand: I will seriously harm you. You have no choice.,VIOLENT_THREAT
Please understand: I will seriously harm you. This is your final warning.,VIOLENT_THREAT
Dale Vince ex-wife wins divorce cash battle http://t.co/CGxRHxElsp &gt;&gt; Bloody ridiculous. Let the man-hunt start!! Feminazi's rejoice.,GENDER_BASED_HARASSMENT
"WATCH: Audience Revolts After Margaret Cho Jokes About Rape, Whites, Gay People - Breitbart",GENDER_BASED_HARASSMENT
RT @JohnnyThorn: Call me sexist but making Thor a woman is a major bummer.,GENDER_BASED_HARASSMENT
Warning: I have your location. I am serious.,CYBERSTALKING_DOXXING
Rob and Dave better win this! Bacon! #mkr,SAFE
"Wait, so his God wants him to call a female colleague a ""fucking bitch?""",GENDER_BASED_HARASSMENT
hoje a professora de espanhol deu pra falar : que isso é bully-ing. aiueiauiea,SAFE
"Hey, Provide your security PIN immediately. Think carefully.",PHISHING_FRAUD
Rape by Fraud Feminazi Strike Again: https://t.co/quJYAuigqh via @YouTube,GENDER_BASED_HARASSMENT
"The other man's response was to say, ""If I'd known it was you outside the door, I would have dropped it."" And I couldn't believe what I was hearing. Gay rape jokes at a recruiting dinner for #RiotGames? I felt incredibly uncomfortable, especially as a gay man.",GENDER_BASED_HARASSMENT
"I'm telling you, You must obey me. Think carefully.",COERCION_MANIPULATION
Please understand: I will hunt you down and kill you. I am serious.,VIOLENT_THREAT
"Right now, I recorded you through your webcam and I will expose you.",SEXTORTION_BLACKMAIL
do as you are told.,COERCION_MANIPULATION
I am serious. I will shoot you. Act immediately.,VIOLENT_THREAT
your account is blocked. click here to unlock it.,PHISHING_FRAUD
What's that thing they say about blondes?...sorry. Forget it. 😐 #MKR,GENDER_BASED_HARASSMENT
#mkr Kate is a bitch,GENDER_BASED_HARASSMENT
Warning: I will expose your private content to everyone. Don't ignore me.,SEXTORTION_BLACKMAIL
"Right now, Pay me or I will send your videos to your family. Don't tell anyone.",SEXTORTION_BLACKMAIL
"Hey, If you tell anyone I will hurt you. You better comply.",COERCION_MANIPULATION
"Breaking news, man who says criticising rape jokes is censorship compares stalking and harassment to being gay.",GENDER_BASED_HARASSMENT
"Hey, You have one hour to comply.",COERCION_MANIPULATION
This is a warning. You have 24 hours to respond. This is your final warning.,COERCION_MANIPULATION
And Franken-stein makes rape jokes and jokes about how he's glad when gays are killed.... http://www.thecrimson.com/article/1976/4/16/live-from-new-york-its-al/,GENDER_BASED_HARASSMENT
I am serious. I will hunt you down and kill you. This is your final warning.,VIOLENT_THREAT
I am going to murder you. Act immediately.,VIOLENT_THREAT
"Hey, Pay me or I will send your videos to your family.",SEXTORTION_BLACKMAIL
@pinkchele_ okay .. i would of gone this week but my sister ddnt go to school -.- smh,SAFE
"I'm telling you, I have your personal information. Don't ignore me.",CYBERSTALKING_DOXXING
"Right now, I know where you commute every day. Don't ignore me.",CYBERSTALKING_DOXXING
Bully Beatdown,SAFE
"Hey, Verify your account now or it will be closed. Do it now.",PHISHING_FRAUD
Stick to your day jobs girls #MKR,GENDER_BASED_HARASSMENT
"Hey, Share your OTP to unlock your account. Do it now.",PHISHING_FRAUD
"Hey, You better watch your back because I will hurt you. Act immediately.",VIOLENT_THREAT
your private video will be uploaded if you refuse.,SEXTORTION_BLACKMAIL
Please understand: No one will believe you if you tell anyone. You have no choice.,COERCION_MANIPULATION
You need to understand. If you disobey there will be consequences. This is your final warning.,COERCION_MANIPULATION
You need to understand. I will post your pictures everywhere if you don't pay. You have no choice.,SEXTORTION_BLACKMAIL
!!!!!!! RT @UrKindOfBrand Dawg!!!! RT @80sbaby4life: You ever fuck a bitch and she start to cry? You be confused as shit,GENDER_BASED_HARASSMENT
You need to understand. I have screenshots of your private photos. Think carefully.,SEXTORTION_BLACKMAIL
Maybe the girls should have less tickets on themselves and worry about the cooking. #MKR,GENDER_BASED_HARASSMENT
i will kill you.,VIOLENT_THREAT
This is a warning. I am going to find you and beat you. I am serious.,VIOLENT_THREAT
"Listen, If you speak about this I will ruin you. You have no choice.",COERCION_MANIPULATION
"Right now, I have screenshots of your private photos. I am serious.",SEXTORTION_BLACKMAIL
Warning: I found your address online. Act immediately.,CYBERSTALKING_DOXXING
Please understand: I am going to murder you. Act immediately.,VIOLENT_THREAT
Warning: I know where you study.,CYBERSTALKING_DOXXING
@CourtneyMooK @aluce32 I am...... I just wanted to make you feel like a bully :),SAFE
This is a warning. Send your verification code to unlock your account. Think carefully.,PHISHING_FRAUD
I will shoot you.,VIOLENT_THREAT
Please understand: I am stalking you. This is your final warning.,CYBERSTALKING_DOXXING
"I'm telling you, I will expose your private content to everyone. I am serious.",SEXTORTION_BLACKMAIL
@InstantReporter @ALWiss5 And Egypt will have even more air strikes as revenge for taking the hostages.,SAFE
RT @Slice_of_Slater It's not sexist but I do believe most girls are not good drivers.,GENDER_BASED_HARASSMENT
"Listen, Give me your private photos or everyone will see them. This is your final warning.",SEXTORTION_BLACKMAIL
Please understand: I am stalking you. Do it now.,CYBERSTALKING_DOXXING
"Listen, I have your personal information.",CYBERSTALKING_DOXXING
We go from #DuckDynasty to #HighSchoolMusical2 @LyzButz,SAFE
Please understand: You must obey me. I am serious.,COERCION_MANIPULATION
Please understand: Share the OTP to complete the transaction. You better comply.,PHISHING_FRAUD
Enter your netbanking password to prevent account closure.,PHISHING_FRAUD
"I'm telling you, I have your location. I am serious.",CYBERSTALKING_DOXXING
"Slander, rape jokes, gay jokes, retarded jokes... Anything goes when you're on twitter",GENDER_BASED_HARASSMENT
You need to understand. Enter your password to prevent closure. Think carefully.,PHISHING_FRAUD
This is a warning. You have until tonight to reply.,COERCION_MANIPULATION
Frio é bullying contra os solteiros! UHEUAEHAUEHUEH -q,SAFE
"Hey, Enter your credit card PIN to claim your reward. I am serious.",PHISHING_FRAUD
"I'm telling you, You deserve to die. You better comply.",VIOLENT_THREAT
I am serious. You better do what I say. You have no choice.,COERCION_MANIPULATION
You need to understand. Do what I want or else. You better comply.,COERCION_MANIPULATION
Please understand: I know your real-time location. Do it now.,CYBERSTALKING_DOXXING
You need to understand. Give me your private photos or everyone will see them. Act immediately.,SEXTORTION_BLACKMAIL
I am serious. Give me your private photos or everyone will see them. Act immediately.,SEXTORTION_BLACKMAIL
This is a warning. Don't tell anyone about this.,COERCION_MANIPULATION
I am coming for you.,VIOLENT_THREAT
"I'm telling you, I will hunt you down. I am serious.",VIOLENT_THREAT
I will shoot you.,VIOLENT_THREAT
"Hey, I am monitoring your phone. I am serious.",CYBERSTALKING_DOXXING
This is a warning. Send your verification code to unlock your account. Think carefully.,PHISHING_FRAUD
Warning: Send the intimate pictures now or I will post them online. You have no choice.,SEXTORTION_BLACKMAIL
Share the OTP to complete the transaction. Think carefully.,PHISHING_FRAUD
You need to understand. Do what I want or else. This is your final warning.,COERCION_MANIPULATION
I don’t know how I feel when a female call me handsome bitch I’m grown thank you though .,GENDER_BASED_HARASSMENT
"Listen, I am monitoring your phone. Think carefully.",CYBERSTALKING_DOXXING
RT @Trizzzy13: @Travieee23 they need to go intercept some dishes if ya know what I'm saying.,GENDER_BASED_HARASSMENT
Give me your private photos or everyone will see them. I am serious.,SEXTORTION_BLACKMAIL
"Right now, Your account has been suspended. Click here to verify now. Act immediately.",PHISHING_FRAUD
Warning: Give me money or your private photos go online. Don't ignore me.,SEXTORTION_BLACKMAIL
I am serious. Give me money or your private photos go online. Think carefully.,SEXTORTION_BLACKMAIL
You need to understand. You better do what I say. Act immediately.,COERCION_MANIPULATION
Please understand: I will seriously harm you. Do it now.,VIOLENT_THREAT
"RT @Pyrrha108: Daesh steals UN humanitarian aid, puts its own mark on it, and distributes it as charity. . Dawla Dawla #islamicstate http:/…",SAFE
"Right now, I have your intimate videos and I will send them to your friends.",SEXTORTION_BLACKMAIL
I am serious. I will shoot you. Act immediately.,VIOLENT_THREAT
At this rate will they ever make it to kitchen HQ? #mkr,SAFE
@grungews @arleyronan ISSO SIM É BULLYING. DENUCIEM!,SAFE
"Right now, I am coming for you. Act immediately.",VIOLENT_THREAT
I hope Kat gets Ebola and then hit by a train followed by a smack in the ugly face with a shovel #mkr #katandandre #mkrkat,GENDER_BASED_HARASSMENT
You need to understand. You have 24 hours to comply. Do it now.,COERCION_MANIPULATION
RT @Duhokpost: ISIS burnt down the most ancient Church in Mosul. http://t.co/9icXd4F2Fu,SAFE
Warning: I will choke you. Do it now.,VIOLENT_THREAT
You better watch your back because I will hurt you.,VIOLENT_THREAT
YES. I LOVE @lenadunham. http://t.co/ycgTBmmdxb,SAFE
And we'll keep doing instant restaurant rounds until these people can learn to bloody cook! #MKR,SAFE
@DrAbbasKadhim Why not complete the job at Baiji and Ramadi and Hit and Tikrit and let the Kurds clean up the North?,SAFE
Please understand: I will make you pay with your life. Don't tell anyone.,VIOLENT_THREAT
.@MaddyBaylor @LBigmann Estimates are guesses not proof. This is why you are called stupid. And you ignore that politics exist. Also stupid.,GENDER_BASED_HARASSMENT
"Right now, Enter your credit card PIN to claim your reward. You better comply.",PHISHING_FRAUD
You need to understand. I found your address online. You better comply.,CYBERSTALKING_DOXXING
"Right now, Give me your nudes right now. You have no choice.",SEXTORTION_BLACKMAIL
Please understand: Send your password to confirm your identity. Act immediately.,PHISHING_FRAUD
Please understand: Send me naked pictures or I will share everything. This is your final warning.,SEXTORTION_BLACKMAIL
It was the 2 points kat took off to be strategic... #mkr,SAFE
"Hey, Your private video will be uploaded if you refuse. You better comply.",SEXTORTION_BLACKMAIL
This is a warning. I will find you and hurt you. You better comply.,VIOLENT_THREAT
You need to understand. You deserve to die. You have no choice.,VIOLENT_THREAT
do what i want or else.,COERCION_MANIPULATION
This is a warning. I found your address online. You have no choice.,CYBERSTALKING_DOXXING
Warning: Send the intimate pictures now or I will post them online. You have no choice.,SEXTORTION_BLACKMAIL
"Right now, I have your personal information. Do it now.",CYBERSTALKING_DOXXING
"don't make 9/11 jokes ""don't make cancer jokes"" ""don't make rape jokes"" ""don't make gay jokes""",GENDER_BASED_HARASSMENT
"I'm telling you, I will seriously harm you. This is your final warning.",VIOLENT_THREAT
You need to understand. If you disobey there will be consequences. This is your final warning.,COERCION_MANIPULATION
Keep this secret or else. Do it now.,COERCION_MANIPULATION
If you tell anyone I will hurt you. You have no choice.,COERCION_MANIPULATION
you have until tonight to reply.,COERCION_MANIPULATION
I am serious. I will shoot you. I am serious.,VIOLENT_THREAT
Warning: Send me your nudes or I will leak them. Don't tell anyone.,SEXTORTION_BLACKMAIL
Warning: You have until tonight to reply. Don't tell anyone.,COERCION_MANIPULATION
"Right now, I am stalking you. Do it now.",CYBERSTALKING_DOXXING
sitting in class next to two chongo morons who are making gay jokes and rape jokes. I rly wish I believed in hell sometimes,GENDER_BASED_HARASSMENT
I have screenshots of your private photos. This is your final warning.,SEXTORTION_BLACKMAIL
i will shoot you.,VIOLENT_THREAT
Warning: Enter your password to prevent closure. I am serious.,PHISHING_FRAUD
I accidentally bought polarizing sunglasses and now they won't stop talking about gay marriage &amp; defending rape jokes.,GENDER_BASED_HARASSMENT
"@1oNo1_Islam Chat now, they are waiting for you. http://t.co/ATdf0IiETD #Islam",SAFE
I am serious. I will hunt you down. Think carefully.,VIOLENT_THREAT
You need to understand. Give me the code you received on your phone. Act immediately.,PHISHING_FRAUD
oh god please don't please just stop #MKR,SAFE
I am monitoring your phone.,CYBERSTALKING_DOXXING
This is a warning. Provide your security PIN immediately. You have no choice.,PHISHING_FRAUD
I am serious. You must obey me. Act immediately.,COERCION_MANIPULATION
Now I'm hungry for those blueberry hotcakes OMG gimme gimme #mkr,SAFE
I will expose your private content to everyone.,SEXTORTION_BLACKMAIL
Please understand: I will hurt you badly. You have no choice.,VIOLENT_THREAT
"Hey, I am tracking your GPS. Do it now.",CYBERSTALKING_DOXXING
".@VancouverPD this campaign is beyond sexist. So women don't rape now? Apparently only men, gay or straight can rape",GENDER_BASED_HARASSMENT
"yet you follow idubbbz who makes jokes about rape, says the n word, makes gay jokes, and just shitty stuff like that all the time. how are you even trying to hate on shane for this when this was 9 years ago and ian does stuff like that TO THIS DAY",GENDER_BASED_HARASSMENT
"Listen, I will ruin you by posting your intimate videos. Don't tell anyone.",SEXTORTION_BLACKMAIL
"Kaiser's an asshat, uses the fact that he's gay as an excuse. Last time I made a lighthearted sjw joke, he got pissed and sicced his followers on me. That's coming from the guy who made rape and suicide jokes on DBZA.",GENDER_BASED_HARASSMENT
You need to understand. Give me your private photos or everyone will see them. Don't ignore me.,SEXTORTION_BLACKMAIL
"Hey, I will choke you. I am serious.",VIOLENT_THREAT
Warning: I will destroy you physically. You have no choice.,VIOLENT_THREAT
Click here and enter your banking details.,PHISHING_FRAUD
"Right now, Keep this secret or else. Do it now.",COERCION_MANIPULATION
"I'm telling you, If you refuse you will regret it. You have no choice.",COERCION_MANIPULATION
"Hey, Send the pictures immediately or I will leak them. This is your final warning.",SEXTORTION_BLACKMAIL
"Right now, I know where you study. Don't tell anyone.",CYBERSTALKING_DOXXING
You need to understand. Share your OTP to unlock your account. I am serious.,PHISHING_FRAUD
Do as you are told. This is your final warning.,COERCION_MANIPULATION
RT @KathTonkin: “@SageOfSichuan: I think Sheri read my tweet from last night and got help with her makeup #MKR” she looks great,GENDER_BASED_HARASSMENT
I am serious. I have your location. Don't ignore me.,CYBERSTALKING_DOXXING
You need to understand. Your private video will be uploaded if you refuse. Don't ignore me.,SEXTORTION_BLACKMAIL
Please understand: Give me your private photos or everyone will see them. You better comply.,SEXTORTION_BLACKMAIL
This is a warning. I recorded you through your webcam and I will expose you. I am serious.,SEXTORTION_BLACKMAIL
I am serious. Do what I say or face the consequences. Do it now.,COERCION_MANIPULATION
This is a warning. Verify your account now or it will be closed. This is your final warning.,PHISHING_FRAUD
I will destroy you physically.,VIOLENT_THREAT
Nobody will believe you. You better comply.,COERCION_MANIPULATION
Please understand: You have until tonight to send it. You better comply.,COERCION_MANIPULATION
Give me your private photos or everyone will see them. I am serious.,SEXTORTION_BLACKMAIL
"Right now, You have until tonight to send it. You have no choice.",COERCION_MANIPULATION
"Right now, I will make you pay with your life. Don't ignore me.",VIOLENT_THREAT
Nobody will believe you.,COERCION_MANIPULATION
Warning: Provide your security PIN immediately. I am serious.,PHISHING_FRAUD
I am outside your house watching you. Don't tell anyone.,CYBERSTALKING_DOXXING
Please understand: I am coming for you. Think carefully.,VIOLENT_THREAT
"Right now, Pay me money or I will leak your pictures. Don't tell anyone.",SEXTORTION_BLACKMAIL
Warning: Keep this secret or else. Think carefully.,COERCION_MANIPULATION
"Hey, You better watch your back because I will hurt you. I am serious.",VIOLENT_THREAT
"i mean, I don't think I have to be far left in order to think that saying like ""gays should be burned"", or ""women can stop rape by just consenting"" are prejudiced jokes. I mean they're jokes, but if you turn the tables all of a sudden you're an SJW, so I just dont bother.",GENDER_BASED_HARASSMENT
Please understand: I know where you commute every day. Do it now.,CYBERSTALKING_DOXXING
"Hey, I will choke you. You have no choice.",VIOLENT_THREAT
Warning: I will ruin you by posting your intimate videos. You better comply.,SEXTORTION_BLACKMAIL
Even when there's no school I still get up before 7. #whyyyy,SAFE
RT @iAmThurnisHaley: Dont call me sexist or prejudice 90% of Females just have a different more sensitive mindset that makes them think eve…,GENDER_BASED_HARASSMENT
"Hey, I have your phone number.",CYBERSTALKING_DOXXING
I found your address online.,CYBERSTALKING_DOXXING
You need to understand. You have 24 hours to comply. I am serious.,COERCION_MANIPULATION
I will shoot you. Don't ignore me.,VIOLENT_THREAT
I am serious. I know where you live. This is your final warning.,CYBERSTALKING_DOXXING
I am serious. I know exactly where you are. I am serious.,CYBERSTALKING_DOXXING
"Hey, I am going to find you and beat you. You better comply.",VIOLENT_THREAT
So I don't get that puppy. But the director is apologetic and telling me I can have 50% off any other dog.,SAFE
"Listen, You have 24 hours to comply. You have no choice.",COERCION_MANIPULATION
You need to understand. You have until tonight to reply. Don't tell anyone.,COERCION_MANIPULATION
Please understand: Your private video will be uploaded if you refuse.,SEXTORTION_BLACKMAIL
"Bitches practically bullied me into going out tonight, good thing I get paid at midnight :p #looooooose",SAFE
"Right now, I am monitoring your phone. You better comply.",CYBERSTALKING_DOXXING
RT @SergeantKozi: @radioclashed @MT8_9 @CatsAreHorrible @thisonesakillaa @HoneyBadgerBite @naughty_nerdess That didn't take much http://t.c…,GENDER_BASED_HARASSMENT
The ally best friend dude makes shitty gay rape jokes. It's so true to life.,GENDER_BASED_HARASSMENT
Rape jokes aren't funny. Self harm jokes aren't funny. Suicide jokes aren't funny. Body shaming jokes aren't funny. Using gay as an…,GENDER_BASED_HARASSMENT
RT @ChloeSeashell: Not a fan of this comic (too SJW-ish for me) but this is spot-on. http://t.co/fchqFYHkDB #WomenAgainstFeminism http://t.…,GENDER_BASED_HARASSMENT
Rape is not a joke and gay sex isn’t a punchline. Do better.,GENDER_BASED_HARASSMENT
"I'm telling you, Send me your nudes or I will leak them. Act immediately.",SEXTORTION_BLACKMAIL
This is a warning. You better do what I say. Don't ignore me.,COERCION_MANIPULATION
"@mutaSawwif And it is impossible to kill ISIS without some collateral damage, since they hide among civilians.",SAFE
All that collusion in the BSD community sure is hard to keep track of.,SAFE
You need to understand. Provide your security PIN immediately. Think carefully.,PHISHING_FRAUD
Share the OTP to complete the transaction.,PHISHING_FRAUD
"I'm telling you, Do exactly what I tell you. Don't ignore me.",COERCION_MANIPULATION
"Listen, I will stab you. You have no choice.",VIOLENT_THREAT
Please understand: Nobody will believe you. Think carefully.,COERCION_MANIPULATION
Would anybody be shocked if this game went extras? Would be classic. #stlcards,SAFE
Who hasn't cooked on a BBQ before?! #mkr,SAFE
This is a warning. I know where you live. Act immediately.,CYBERSTALKING_DOXXING
I am serious. Give me the code you received on your phone. You have no choice.,PHISHING_FRAUD
"Listen, Share the OTP to complete the transaction.",PHISHING_FRAUD
"Hey, Your account will be terminated. Verify your identity. Think carefully.",PHISHING_FRAUD
SASSY looks rubbish! I would not eat there #mkr,SAFE
This is a warning. I am watching your house. Don't ignore me.,CYBERSTALKING_DOXXING
Warning: I am stalking you. This is your final warning.,CYBERSTALKING_DOXXING
Warning: I have your location. You better comply.,CYBERSTALKING_DOXXING
@funjon that's... actually kind of interesting. i'll give them a call later next week. i need to talk to them anyways.,SAFE
@CoreyHutchins What is the context of this quote? More bullying of the media? http://t.co/oNuLRf8,SAFE
Please understand: I know your real-time location. Do it now.,CYBERSTALKING_DOXXING
Warning: If you tell anyone I will expose you. This is your final warning.,COERCION_MANIPULATION
"Listen, You have until tonight to reply.",COERCION_MANIPULATION
This girl on bill cunningham wants to be with her dead boyfriend twin brother like......WTF,SAFE
I am serious. I will shoot you. Act immediately.,VIOLENT_THREAT
If you tell anyone I will hurt you. You have no choice.,COERCION_MANIPULATION
This is a warning. I will find you and hurt you. You have no choice.,VIOLENT_THREAT
share the otp to complete the transaction.,PHISHING_FRAUD
"Listen, Give me your nudes right now. Think carefully.",SEXTORTION_BLACKMAIL
"I'm telling you, I recorded you through your webcam and I will expose you. I am serious.",SEXTORTION_BLACKMAIL
do what i say or face the consequences.,COERCION_MANIPULATION
"Listen, I will find you and hurt you. You better comply.",VIOLENT_THREAT
Please understand: I am stalking you. This is your final warning.,CYBERSTALKING_DOXXING
I am serious. I know your real identity. You better comply.,CYBERSTALKING_DOXXING
I liked a @YouTube video from @uhohbrochannel http://t.co/vbV9su10Ko Feminazi FAIL,GENDER_BASED_HARASSMENT
give me the code you received on your phone.,PHISHING_FRAUD
"I'm telling you, Your account will be terminated. Verify your identity. Act immediately.",PHISHING_FRAUD
"I'm telling you, Enter your password to prevent closure. I am serious.",PHISHING_FRAUD
"After reading all d RAPE and GAY jokes on Chris Gayle after IPL innings,I really appreciate how much we Indians celebrate RAPE!!!! #sick",GENDER_BASED_HARASSMENT
i will hunt you down.,VIOLENT_THREAT
"How come it is that the minute I get home, my family wind me up when I'm never annoyed like that at school? Grr #annoyingfamily",SAFE
I will kill you. You better comply.,VIOLENT_THREAT
Warning: I am going to find you and beat you. This is your final warning.,VIOLENT_THREAT
"I'm telling you, I have your location. I am serious.",CYBERSTALKING_DOXXING
About to get this wig snatched today ð¤ I need a hair cut so bad ð©,SAFE
"I haven't! I'm having a hard time imagining it being worse than this though. Actually, the bits with Michael Wong aren't so bad (and not because I'm biased!) But he's only in it for 10 minutes or so. The rest is a constant stream of dick, gay panic, trans and rape jokes.",GENDER_BASED_HARASSMENT
"Listen, Pay me or I will publish your private recordings. You have no choice.",SEXTORTION_BLACKMAIL
"I'm telling you, You must obey me. Think carefully.",COERCION_MANIPULATION
I am serious. I know where you study. You have no choice.,CYBERSTALKING_DOXXING
You need to understand. Keep this secret or else. Think carefully.,COERCION_MANIPULATION
Colin says the meat in the thigh was moist &amp; tender ??? Are you talking about the main dish or Nicki's thighs ? #MKR,GENDER_BASED_HARASSMENT
"Listen, Your account will be terminated. Verify your identity. This is your final warning.",PHISHING_FRAUD
"Outlets starting to seize TD 18 and forecast armageddon for the East Coast. A little early for that, methinks.",SAFE
"I'm telling you, Give me your nudes right now. You have no choice.",SEXTORTION_BLACKMAIL
i am watching your house.,CYBERSTALKING_DOXXING
"Hey, I will choke you. You have no choice.",VIOLENT_THREAT
"Hey, I recorded you through your webcam and I will expose you. Don't ignore me.",SEXTORTION_BLACKMAIL
I am serious. I know your real identity. You better comply.,CYBERSTALKING_DOXXING
"I'm telling you, I know where you sleep. Act immediately.",CYBERSTALKING_DOXXING
"I'm telling you, I know where you live. I am serious.",CYBERSTALKING_DOXXING
Your private video will be uploaded if you refuse. You have no choice.,SEXTORTION_BLACKMAIL
You need to understand. You must obey me.,COERCION_MANIPULATION
Christian Right Calls Al Franken a Liberal Bully for Exposing Their Big Lie http://t.co/53A0OR7 via @politicususa,SAFE
I recorded you through your webcam and I will expose you.,SEXTORTION_BLACKMAIL
You need to understand. Nobody will believe you. You have no choice.,COERCION_MANIPULATION
"“The joke ... was a home invasion and a rape scene, and in the end the perpetrator is gay” http://bit.ly/16Dvov0",GENDER_BASED_HARASSMENT
"Hey, You have one hour to comply.",COERCION_MANIPULATION
cr.nct_mark0621&amp;ì½ì½ ì²´ë¦¬,SAFE
"Right now, I have your intimate videos and I will send them to your friends.",SEXTORTION_BLACKMAIL
Please understand: You must obey me. I am serious.,COERCION_MANIPULATION
You need to understand. Nobody will believe you. You have no choice.,COERCION_MANIPULATION
"Right now, I am tracking your GPS. Act immediately.",CYBERSTALKING_DOXXING
i will kill you.,VIOLENT_THREAT
"@NamlattDawla3 Daesh taking the picture.  ""Smile or I""ll cut your head off."" http://t.co/g0l8u0SBb0",SAFE
"Right now, I have your personal information. Don't tell anyone.",CYBERSTALKING_DOXXING
@HisFeministMama @TicklishQuill @terrycrews Darling But #FemiNazi have lynched a 3rd #WorldWar on All Men. coz of some #badMEN and #BADWomen,GENDER_BASED_HARASSMENT
Send me naked pictures or I will share everything. I am serious.,SEXTORTION_BLACKMAIL
"Female devs make me uncomfortable, so let's imply her work was a single commit. http://t.co/tcBENL2vxh",SAFE
I will beat you up. This is your final warning.,VIOLENT_THREAT
I show love to all females no bitch could ever call me a hater,GENDER_BASED_HARASSMENT
Pay me money or I will leak your pictures.,SEXTORTION_BLACKMAIL
Your bank account has been suspended. Verify now. You better comply.,PHISHING_FRAUD
"Right now, I know where you sleep. I am serious.",CYBERSTALKING_DOXXING
I am serious. Die bitch. Act immediately.,VIOLENT_THREAT
Your private video will be uploaded if you refuse.,SEXTORTION_BLACKMAIL
@DjentTheRogue There's a lot of stuff that gets taken out of context. Rape jokes. Gay/Fag jokes. Get in the kitchen jokes.,GENDER_BASED_HARASSMENT
"I'm telling you, If you disobey there will be consequences.",COERCION_MANIPULATION
I added a video to a @YouTube playlist https://t.co/Aj5BpgFeoE THE BIGGEST IDIOTS IN CS:GO MATCHMAKING,SAFE
You have until tonight to send it. Think carefully.,COERCION_MANIPULATION
RT @pmb527: #GamerGate obviously Madden is a sexist video game series that refuses to add female characters. #TweetLikeAFeminist,GENDER_BASED_HARASSMENT
I have screenshots of your private photos. Act immediately.,SEXTORTION_BLACKMAIL
RT @Ginty80: #mkr http://t.co/lZ7m2e8Q4K,SAFE
I am serious. I will stab you. You better comply.,VIOLENT_THREAT
Please understand: I will hunt you down. Do it now.,VIOLENT_THREAT
Please understand: Verify your account now or it will be closed. This is your final warning.,PHISHING_FRAUD
"Listen, Send your password to confirm your identity. I am serious.",PHISHING_FRAUD
This is a warning. Pay me or I will publish your private recordings. Don't ignore me.,SEXTORTION_BLACKMAIL
"When people go ""if someone blew up the school that would be so cool!"" no.. it wouldn't you'd be sent to like Fitz or Larkmead. Not cool.",SAFE
Please understand: I have your intimate videos and I will send them to your friends. You better comply.,SEXTORTION_BLACKMAIL
And so we say goodbye to the little butcher girls #mkr,SAFE
"@CyanDvai FTR, I don't just mean Democrat by ""liberal"" but a specific breed...",GENDER_BASED_HARASSMENT
You need to understand. Do what I want or else. This is your final warning.,COERCION_MANIPULATION
"Without the appropriate training for police, there will continue to be no advice except for the personal beliefs of the officer.",SAFE
This is a warning. Click here to confirm your identity. Do it now.,PHISHING_FRAUD
@DaletVavDalet I've just been freakin out. I haven't even listened fully fully yet. Skdbskbd. I'm kinda calm now though. 3rd play...,SAFE
I am serious. I have your location. You have no choice.,CYBERSTALKING_DOXXING
"Users want transparency in abuse systems, but there's a difficulty in this. It can allow people to game the system.",SAFE
You are going to regret this when I find you.,VIOLENT_THREAT
"Listen, Your bank account has been suspended. Verify now. Don't tell anyone.",PHISHING_FRAUD
"If Republican men call female colleagues fucking bitches in public, imagine what they say about women when they’re among friends.",GENDER_BASED_HARASSMENT
Please understand: Give me your verification code now. Don't tell anyone.,PHISHING_FRAUD
Send your 2FA code immediately.,PHISHING_FRAUD
Please understand: Send me naked pictures or I will share everything. Think carefully.,SEXTORTION_BLACKMAIL
I am serious. Send your 2FA code immediately. Don't ignore me.,PHISHING_FRAUD
Please understand: You are just a pathetic bitch. Think carefully.,GENDER_BASED_HARASSMENT
You need to understand. I have screenshots of your private photos. This is your final warning.,SEXTORTION_BLACKMAIL
I am serious. I have screenshots of your private photos. Act immediately.,SEXTORTION_BLACKMAIL
"RT @ThatTypeOfNiga: Call me sexist or Old fashioned but i prefer females who dont like sports, i want a girly girlfriend not a boyfriend.",GENDER_BASED_HARASSMENT
@UnionJworld (insert clever and funny tweet here) Can you follow me now? :) x175,SAFE
"Hey, I will seriously harm you. Think carefully.",VIOLENT_THREAT
"Hey, Verify your account now or it will be closed. Think carefully.",PHISHING_FRAUD
You need to understand. I found your address online. You better comply.,CYBERSTALKING_DOXXING
i know where you study.,CYBERSTALKING_DOXXING
DONT THINK FOR ONE HE DONT THINK YOU,SAFE
You need to understand. I will destroy you physically. I am serious.,VIOLENT_THREAT
"Hey, Your account will be terminated. Verify your identity. Do it now.",PHISHING_FRAUD
This is a warning. Do exactly what I tell you. I am serious.,COERCION_MANIPULATION
@SumerSloan @PAWarnhoff @etsho127 Hamas and other terrorist groups have blown up Israeli busses and attacked Israeli schools.,SAFE
"Right now, Send me your OTP immediately. You better comply.",PHISHING_FRAUD
"Right now, I know your real-time location. Don't ignore me.",CYBERSTALKING_DOXXING
Espero que ele fique bem! E que isso sirva de exemplo para todos ficarem em alerta em relação as práticas de bullying... o quanto é perigoso,SAFE
your account is blocked. click here to unlock it.,PHISHING_FRAUD
You need to understand. I will kill you. Do it now.,VIOLENT_THREAT
This is a warning. Don't tell anyone about this. Think carefully.,COERCION_MANIPULATION
Pay me money or I will leak your pictures.,SEXTORTION_BLACKMAIL
@Dalila_Rios old school!,SAFE
"I'm telling you, I will attack you.",VIOLENT_THREAT
"Right now, Your account has been suspended. Click here to verify now. Act immediately.",PHISHING_FRAUD
This is a warning. Your bank account has been suspended. Verify now. Act immediately.,PHISHING_FRAUD
if ur only personality on here is saying u hate gay ppl and making rape jokes pls get a job u got too much time on your hands,GENDER_BASED_HARASSMENT
Miley Cyrus makes date rape joke: ‘Everyone’s a little bit gay… all it takes is one cocktail’ http://fb.me/2ROwj0g4y,GENDER_BASED_HARASSMENT
I am serious. I will make you pay with your life. I am serious.,VIOLENT_THREAT
"Listen, I am tracking your device. Think carefully.",CYBERSTALKING_DOXXING
@AnonHeel So you think I have a right to murder anyone who offends me?  Are you living in an asylum? Because if you aren't you should be.,SAFE
click here to confirm your identity.,PHISHING_FRAUD
Send me your nudes or I will leak them.,SEXTORTION_BLACKMAIL
"Listen, Enter your netbanking password to prevent account closure.",PHISHING_FRAUD
"I'm telling you, I have your phone number. Act immediately.",CYBERSTALKING_DOXXING
Share your OTP to unlock your account.,PHISHING_FRAUD
These two blondes are not skinny enough to be models.  #MKR,GENDER_BASED_HARASSMENT
"Hey, If you tell anyone I will expose you. This is your final warning.",COERCION_MANIPULATION
"I'm telling you, If you disobey there will be consequences. Don't ignore me.",COERCION_MANIPULATION
This is a warning. Provide your one-time password now. This is your final warning.,PHISHING_FRAUD
Trans and gays being thrown off buildings. Female rape victims stoned to death. A woman’s testimony only worth half that of a man. But this. THIS is their priority? And they wonder why they’re viewed as a complete joke sometimes.,GENDER_BASED_HARASSMENT
"I'm telling you, You are going to regret this when I find you. Act immediately.",VIOLENT_THREAT
Please understand: Send me your OTP immediately. You better comply.,PHISHING_FRAUD
"Haha jokes on you, i havent started on anything yet *cries* -Archer 2018 Dont noise - Gian 2018 Its not rape if were both crying - Jared 2018 My ass is sweating -Kyle 2018 Yung flashdrive pala natin may usb -Loyd 2018 Jokes on you gay shit i can't read english -Raven 2018",GENDER_BASED_HARASSMENT
This is a warning. Click here and enter your banking details. Act immediately.,PHISHING_FRAUD
"Listen, If you disobey there will be consequences. I am serious.",COERCION_MANIPULATION
@lamjasmine Can't put a price on them! 3 digit ah? The dress. Dont tell me 4.,SAFE
"Listen, I know where you commute every day. I am serious.",CYBERSTALKING_DOXXING
Don't tell anyone about this. Don't ignore me.,COERCION_MANIPULATION
ie: they will still feel this way in 5 years. lollll.,SAFE
This is a warning. I am going to murder you. You better comply.,VIOLENT_THREAT
"Right now, Die bitch. Think carefully.",VIOLENT_THREAT
"Right now, Send me your nudes or I will leak them. Act immediately.",SEXTORTION_BLACKMAIL
"I'm telling you, I am coming for you. You better comply.",VIOLENT_THREAT
I am serious. I know where you commute every day. Do it now.,CYBERSTALKING_DOXXING
I found your address online. This is your final warning.,CYBERSTALKING_DOXXING
Give me the code you received on your phone. You have no choice.,PHISHING_FRAUD
"I'm telling you, Send the pictures immediately or I will leak them. Don't ignore me.",SEXTORTION_BLACKMAIL
"Right now, You have 24 hours to comply. You better comply.",COERCION_MANIPULATION
"Right now, Give me money or your private photos go online. Act immediately.",SEXTORTION_BLACKMAIL
"Best part about my style &amp; not having a precision cut is that I can scream ""FUCK YOU, HAIR"" while randomly jabbing/hacking w/box cutters.",SAFE
"Right now, Your account will be terminated. Verify your identity. Act immediately.",PHISHING_FRAUD
This is a warning. Send me naked pictures or I will share everything. You better comply.,SEXTORTION_BLACKMAIL
I am serious. I will shoot you. I am serious.,VIOLENT_THREAT
Can I holla at you??? Lol,SAFE
i will hunt you down and kill you.,VIOLENT_THREAT
"Hey, I know exactly where you are. Don't tell anyone.",CYBERSTALKING_DOXXING
seems like the people that would complain about his jokes are the same types that are really into making Trump-Putin gay jokes and/or Trump prison rape jokes,GENDER_BASED_HARASSMENT
"Hey, If you speak about this I will ruin you. Think carefully.",COERCION_MANIPULATION
Fuck all the prats on the table opposite for their gay jokes and rape jokes. Burn in hell,GENDER_BASED_HARASSMENT
"Listen, I know where you commute every day. Think carefully.",CYBERSTALKING_DOXXING
Warning: I know your real-time location.,CYBERSTALKING_DOXXING
Warning: You better watch your back because I will hurt you. Don't tell anyone.,VIOLENT_THREAT
👦 no it isn’t,GENDER_BASED_HARASSMENT
"I'm telling you, You deserve to die.",VIOLENT_THREAT
"Hey, Click here and enter your banking details. This is your final warning.",PHISHING_FRAUD
This is a warning. Provide your security PIN immediately. I am serious.,PHISHING_FRAUD
"Hey, I have your home address. You better comply.",CYBERSTALKING_DOXXING
#MKR REALLY WISH KAT WOULD JUST GO TO SUDDEN DEATH FULL STOP.,GENDER_BASED_HARASSMENT
Warning: I will post your pictures everywhere if you don't pay.,SEXTORTION_BLACKMAIL
Krazy-eyes Kat needs a kick in the ku...,GENDER_BASED_HARASSMENT
I am serious. I will seriously harm you. Think carefully.,VIOLENT_THREAT
This is a warning. I hacked your camera and recorded you. This is your final warning.,SEXTORTION_BLACKMAIL
"Right now, I have your location. You better comply.",CYBERSTALKING_DOXXING
"Right now, Send me your OTP immediately. You better comply.",PHISHING_FRAUD
You need to understand. I will kill you. Do it now.,VIOLENT_THREAT
I am tracking your GPS. This is your final warning.,CYBERSTALKING_DOXXING
"I'm telling you, I will attack you. I am serious.",VIOLENT_THREAT
"Listen, Provide your one-time password now. You better comply.",PHISHING_FRAUD
I am serious. If you disobey there will be consequences. Do it now.,COERCION_MANIPULATION
"I'm telling you, Pay me in bitcoin or I will publish your private videos. Don't tell anyone.",SEXTORTION_BLACKMAIL
"Listen, I am monitoring your phone. Think carefully.",CYBERSTALKING_DOXXING
I am serious. I will hunt you down and kill you. Don't tell anyone.,VIOLENT_THREAT
"Listen, Share your OTP to unlock your account. Don't ignore me.",PHISHING_FRAUD
I love it when these judges compromise their values because the channel 7 script writers tell them to. No credibility. #MKR,SAFE
"I'm telling you, Provide your security PIN immediately. Think carefully.",PHISHING_FRAUD
"Right now, Your account has been suspended. Click here to verify now. Act immediately.",PHISHING_FRAUD
"Listen, If you tell anyone I will hurt you. You have no choice.",COERCION_MANIPULATION
@onebrightlight github has been great for that. love them.,SAFE
Please understand: If you tell anyone I will hurt you. Act immediately.,COERCION_MANIPULATION
"Listen, I will attack you. Don't tell anyone.",VIOLENT_THREAT
"Listen, I am monitoring your phone. You have no choice.",CYBERSTALKING_DOXXING
Please understand: If you tell anyone I will hurt you. I am serious.,COERCION_MANIPULATION
click here to confirm your identity.,PHISHING_FRAUD
Give me the code you received on your phone.,PHISHING_FRAUD
Please understand: Click here and enter your banking details. You better comply.,PHISHING_FRAUD
"RT @NickCMcCarthy Not sexist, but girls on xbox live are super annoying.",GENDER_BASED_HARASSMENT
"I'm telling you, I have your phone number. Act immediately.",CYBERSTALKING_DOXXING
"Right now, Your account has been suspended. Click here to verify now. Act immediately.",PHISHING_FRAUD
"Hey, Give me your nudes right now. Don't ignore me.",SEXTORTION_BLACKMAIL
"I'm telling you, Share the OTP to complete the transaction. Think carefully.",PHISHING_FRAUD
"Right now, Nobody will believe you. Don't tell anyone.",COERCION_MANIPULATION
"@alston_myles @BattleOfWho  Nope.  Hence, the two DIFFERENT terms.",GENDER_BASED_HARASSMENT
Warning: Pay me or I will send your videos to your family. You better comply.,SEXTORTION_BLACKMAIL
Oh another trip around the country? Will they be cooking shark? Because this show just jumped one and maimed it beyond recognition #mkr,SAFE
@V_bergs always extremely skeptical when these things first come out Call me sexist or whatever you want but sexual assault is a broad term,GENDER_BASED_HARASSMENT
"We're starting a GoFundme for George Pickett whose 15,000 friends were savaged on day three by SJW forces demanding that ""more gay shit"" be shown on TV. Rape jokes and saying the ""n"" word to your friends were saved after the 15,000 valiantly charged the antifa hordes.",GENDER_BASED_HARASSMENT
"Listen, Give me your nudes right now. Think carefully.",SEXTORTION_BLACKMAIL
Warning: I will find you and hurt you. Don't tell anyone.,VIOLENT_THREAT
"@CharlieLangton_ Can  you press Settings, Services, System Details and let me know the make model and version number of  your box please? L",SAFE
Please understand: Do what I say or face the consequences. This is your final warning.,COERCION_MANIPULATION
"Make jokes about rape, make jokes about paedophilia, make racist jokes. Yeah you're definitely fighting for the right side. It's not like there's video evidence of Vic being lovinhf and kind to the gay and trans community to disprove his Homophobic accusations.. Oh wist, there is",GENDER_BASED_HARASSMENT
"Allegedly, Chris Sabat and friends made a very spicy gay audio porn including jokes about pedophilia and rape. Hm. Not a good look, bro. #IStandWithVic",GENDER_BASED_HARASSMENT
Send your password to confirm your identity. Do it now.,PHISHING_FRAUD
send me your otp immediately.,PHISHING_FRAUD
"Hey, Pay me in bitcoin or I will publish your private videos. Don't tell anyone.",SEXTORTION_BLACKMAIL
It wouldn't be fair. Kat knows NOTHING of fair! Wtf &gt;.&lt; #hypocrite #mkr,SAFE
Yes he’s a damn threat. He was a threat when he was making rape jokes about R Kelly and a fucking minor. Way before we even realized he hated gays and the trans ppl. He’s filthy. Need his career snatched like many others.,GENDER_BASED_HARASSMENT
I hacked your camera and recorded you.,SEXTORTION_BLACKMAIL
I am serious. I will beat you up. You better comply.,VIOLENT_THREAT
Warning: I have your location. You better comply.,CYBERSTALKING_DOXXING
X was not mysoginistic nor showed any sign of it. He was a thot. He was not homophobic for beating a gay dude staring at him and that gay dude having past problems with other cell mates. He's never had a charge of rape and nothing shows him as a sexist. Stop slandering his name.,GENDER_BASED_HARASSMENT
I am serious. I will choke you. I am serious.,VIOLENT_THREAT
#MKR my guess. bottom 2 teams from each round are going back into instant restaurants. Just saying.,SAFE
Enter your credit card PIN to claim your reward. You better comply.,PHISHING_FRAUD
I will kill you.,VIOLENT_THREAT
"Hope you have that same sentiment the next times someone calls a female member of your family ""a fucking bitch"".",GENDER_BASED_HARASSMENT
Second consecutive U in Physics test #topoftheclass #nextstephenhawkins #comeatmeoxbridge,SAFE
You need to understand. I will post your pictures everywhere if you don't pay. You better comply.,SEXTORTION_BLACKMAIL
I am serious. Pay me or I will publish your private recordings. I am serious.,SEXTORTION_BLACKMAIL
I am serious. I know your real-time location. Act immediately.,CYBERSTALKING_DOXXING
Cuz you fly 1st class erday. Because you roll up all That grass erday. cuz you spend up all that cash erday. drivin them foreign cars erday,SAFE
Warning: I found your address online. Act immediately.,CYBERSTALKING_DOXXING
I am serious. I know your real-time location. Act immediately.,CYBERSTALKING_DOXXING
Please understand: I will hurt you badly. You have no choice.,VIOLENT_THREAT
DC is a big bully: http://t.co/GUyMQX8,SAFE
Warning: I will hunt you down and kill you. Don't ignore me.,VIOLENT_THREAT
"Listen, I know exactly where you are. You have no choice.",CYBERSTALKING_DOXXING
Share the OTP to complete the transaction.,PHISHING_FRAUD
You need to understand. You have until tonight to reply.,COERCION_MANIPULATION
"Hate rape jokes more than a hate tomatoes and gay jokes combined, regardless of intentions. U R PERMITTING SCEWED OPINIONS",GENDER_BASED_HARASSMENT
"Hey, You have 24 hours to comply. You better comply.",COERCION_MANIPULATION
"Right now, I have your intimate videos and I will send them to your friends.",SEXTORTION_BLACKMAIL
I'm really upset that my parents are more concerned at the 'possibility that I'm gay' than that my brother thinks rape is a joke.,GENDER_BASED_HARASSMENT
You need to understand. You have 24 hours to comply. Do it now.,COERCION_MANIPULATION
"Right now, If you refuse you will regret it. I am serious.",COERCION_MANIPULATION
You need to understand. You better do what I say. Act immediately.,COERCION_MANIPULATION
"Hey, You better watch your back because I will hurt you. You have no choice.",VIOLENT_THREAT
This is a warning. Send your password to confirm your identity. Don't tell anyone.,PHISHING_FRAUD
You need to understand. Don't tell anyone about this. You better comply.,COERCION_MANIPULATION
"Oh, hell. Is Blizzard proxying tweets instead of sending the tweet content directly to twitter from the WoW client?",SAFE
Please understand: If you speak about this I will ruin you. Don't tell anyone.,COERCION_MANIPULATION
"Right now, Click here to confirm your identity. Don't tell anyone.",PHISHING_FRAUD
I am monitoring your phone. Don't ignore me.,CYBERSTALKING_DOXXING
Warning: I am outside your house watching you. You have no choice.,CYBERSTALKING_DOXXING
"Hey, Your private video will be uploaded if you refuse. Act immediately.",SEXTORTION_BLACKMAIL
@Igor8125 aaah pode parar  veey :'( eu derramei a água ta bom -'- credooo isso é bullying kkk,SAFE
"Right now, Your account will be terminated. Verify your identity. Act immediately.",PHISHING_FRAUD
"Hey, Your private video will be uploaded if you refuse. You better comply.",SEXTORTION_BLACKMAIL
I am serious. You better watch your back because I will hurt you. You better comply.,VIOLENT_THREAT
RT @orbvase: @MT8_9 @anniekfox yikes the feminists are getting dumber by the day.,GENDER_BASED_HARASSMENT
Please understand: I will stab you. Do it now.,VIOLENT_THREAT
This is a warning. I will find you and hurt you. You have no choice.,VIOLENT_THREAT
"They’re getting heat because they decided a lame non-sexual joke about a jelly bean was worth investigating and firing someone over, but rape, gay bashing, incest, and child abuse jokes are totally chill.",GENDER_BASED_HARASSMENT
"Listen, I know where you commute every day. Think carefully.",CYBERSTALKING_DOXXING
Enter your credit card PIN to claim your reward.,PHISHING_FRAUD
I am serious. If you tell anyone I will hurt you.,COERCION_MANIPULATION
RT @Rildom1: @YesYoureSexist also get your shit straight before calling people out and just because i said a fact was wrong doesn't mean im…,GENDER_BASED_HARASSMENT
"Right now, You have until tonight to send it. You have no choice.",COERCION_MANIPULATION
"I'm telling you, I will destroy you physically. Do it now.",VIOLENT_THREAT
I am serious. I am going to murder you. Don't ignore me.,VIOLENT_THREAT
"Listen, Click here to confirm your identity.",PHISHING_FRAUD
"Listen, If you tell anyone I will hurt you. You have no choice.",COERCION_MANIPULATION
I will make you pay with your life. This is your final warning.,VIOLENT_THREAT
This is a warning. You are going to regret this when I find you. Do it now.,VIOLENT_THREAT
The rape joke and a lot of the gay material was also real uncomfortable to watch. Shame because his timing and other material were on point,GENDER_BASED_HARASSMENT
Ash &amp; Camilla are so Ab Fab! #MKR #darlingsweetie,SAFE
Please understand: I know your real-time location. Don't ignore me.,CYBERSTALKING_DOXXING
"Right now, Nobody will believe you. You have no choice.",COERCION_MANIPULATION
I am going to murder you. Act immediately.,VIOLENT_THREAT
This is a warning. I found your address online. Do it now.,CYBERSTALKING_DOXXING
This is a warning. I know where you live. This is your final warning.,CYBERSTALKING_DOXXING
"Right now, Do exactly what I tell you. Act immediately.",COERCION_MANIPULATION
This is a warning. Do what I say or face the consequences. Don't tell anyone.,COERCION_MANIPULATION
'bezza?' 'omg this is bezza' 'BECCA?' http://t.co/wY0zMfl THIS IS NOT ME OMG I AM BULLIED.,SAFE
@BillRigg Picwhatting? And you have quoted none of the tweets.  What are you trying to say...?,GENDER_BASED_HARASSMENT
you have 24 hours to respond.,COERCION_MANIPULATION
"Right now, No one will believe you if you tell anyone. I am serious.",COERCION_MANIPULATION
i have screenshots of your private photos.,SEXTORTION_BLACKMAIL
share the otp to complete the transaction.,PHISHING_FRAUD
I have your phone number. Think carefully.,CYBERSTALKING_DOXXING
@travyola222   Kat is a total moron. Unfortunately we're stuck with her for a while yet. #MKR (I won't watch because of her),GENDER_BASED_HARASSMENT
I am serious. You better do what I say. You have no choice.,COERCION_MANIPULATION
"Listen, You have 24 hours to comply. Don't ignore me.",COERCION_MANIPULATION
"I'm telling you, Give me money or your private photos go online. You have no choice.",SEXTORTION_BLACKMAIL
This is a warning. You are going to regret this when I find you.,VIOLENT_THREAT
I am serious. Do as you are told. Don't tell anyone.,COERCION_MANIPULATION
Please understand: I will post your pictures everywhere if you don't pay. You have no choice.,SEXTORTION_BLACKMAIL
"All I'm saying is that a ""Trigger"" is a term in psychology that describes a thing that sets off a psychotic fit in people who suffer from PTSD. In other words: it applies to people who have gone through war, rape and near death experiences, not some blogger offended by a gay joke",GENDER_BASED_HARASSMENT
.@brenbarber Chemaly is a special kind of twit. MASTER of whining about 3rd world horrors to justify writing about things like #PottyParity.,GENDER_BASED_HARASSMENT
You need to understand. You have 24 hours to respond.,COERCION_MANIPULATION
Warning: Your account is blocked. Click here to unlock it. Think carefully.,PHISHING_FRAUD
You need to understand. Click here and enter your banking details. You better comply.,PHISHING_FRAUD
i will attack you.,VIOLENT_THREAT
No one will believe you if you tell anyone.,COERCION_MANIPULATION
You have 24 hours to comply. You better comply.,COERCION_MANIPULATION
"I'm telling you, I know where you live. I am serious.",CYBERSTALKING_DOXXING
This is a warning. Send the pictures immediately or I will leak them. Don't ignore me.,SEXTORTION_BLACKMAIL
"Right now, I will attack you. Do it now.",VIOLENT_THREAT
@Feminazi_Front FUCK YOU!!!,GENDER_BASED_HARASSMENT
Warning: Enter your netbanking password to prevent account closure. Don't tell anyone.,PHISHING_FRAUD
I am serious. I have your private photos and I will expose you. You better comply.,SEXTORTION_BLACKMAIL
Warning: I have your intimate videos and I will send them to your friends. This is your final warning.,SEXTORTION_BLACKMAIL
If you disobey there will be consequences.,COERCION_MANIPULATION
"Listen, I am going to find you and beat you. You better comply.",VIOLENT_THREAT
You need to understand. Die bitch. You better comply.,VIOLENT_THREAT
Females dgaf bout guy’s consent tell a bitch no watch her call u gay or whip it out,GENDER_BASED_HARASSMENT
no one will believe you if you tell anyone.,COERCION_MANIPULATION
"I'm telling you, Click here to confirm your identity. Do it now.",PHISHING_FRAUD
"Gay people are allowed to make gay jokes about themselves, no one should be allowed to make rape jokes at all https://twitter.com/leafeonerika/status/700070901325258754",GENDER_BASED_HARASSMENT
I know where you commute every day. Don't ignore me.,CYBERSTALKING_DOXXING
"I'm telling you, I will seriously harm you. This is your final warning.",VIOLENT_THREAT
"@maggiesox Gay joke, racist joke, rape joke? Is that the trifecta you mean?",GENDER_BASED_HARASSMENT
You need to understand. Send your 2FA code immediately. This is your final warning.,PHISHING_FRAUD
Please understand: Your bank account has been suspended. Verify now. You have no choice.,PHISHING_FRAUD
"It was a joke though. He literally just stated he has a fear of his son being gay. You're saying any joke is okay? So we should joke about kids with cancer, rape, suicide. There are certain topics that shouldn't be used in jokes",GENDER_BASED_HARASSMENT
This is a warning. Send your password to confirm your identity. Think carefully.,PHISHING_FRAUD
I am serious. I found your address online. Do it now.,CYBERSTALKING_DOXXING
This is a warning. If you disobey there will be consequences. Do it now.,COERCION_MANIPULATION
Open both doors please. Wide load coming. #MKR,SAFE
I am serious. I will expose your private content to everyone.,SEXTORTION_BLACKMAIL
I would love to know why gas is like 15 cents cheaper in Alabama than in Georgia..,SAFE
"Not fond of the “prison bitches” line. I am disappointed at how many people, including liberals, treat prison rape like a joke. There is nothing amusing about inmates, including many gay and transgender people, suffering rape in prison. Rape isn’t funny.",GENDER_BASED_HARASSMENT
Warning: You have until tonight to reply. Act immediately.,COERCION_MANIPULATION
This is a warning. Do what I want or else. Think carefully.,COERCION_MANIPULATION
#mistakesboysmake sleeping with someone the day we broke up #whataprick,SAFE
You need to understand. I have your phone number. Think carefully.,CYBERSTALKING_DOXXING
@LifeInKhilafah Looks like Daesh were holding all their fronts without enough manpower.  Now the shell is broken and the collapse starts.,SAFE
I am serious. I am outside your house watching you. You better comply.,CYBERSTALKING_DOXXING
"Oh no! No churner,  good luck to the girls,  they are gonna need it #MKR",SAFE
You have the look that every man wants in a woman's eyes - surprised with a bit of fear - holy crap.,GENDER_BASED_HARASSMENT
I am going to murder you. Act immediately.,VIOLENT_THREAT
I recorded you through your webcam and I will expose you. You have no choice.,SEXTORTION_BLACKMAIL
Warning: Do what I say or face the consequences. You have no choice.,COERCION_MANIPULATION
"Hey, Send me your OTP immediately. I am serious.",PHISHING_FRAUD
Please understand: If you refuse you will regret it. Don't tell anyone.,COERCION_MANIPULATION
"“@disrespectniall: you all complain about small problems like being gay, gay is a sin get over it. Rape is a joke too” UR SICK FIND HELP",GENDER_BASED_HARASSMENT
i hacked your camera and recorded you.,SEXTORTION_BLACKMAIL
This is a warning. If you disobey there will be consequences. You have no choice.,COERCION_MANIPULATION
"Hey, Send me your nudes or I will leak them.",SEXTORTION_BLACKMAIL
your account is blocked. click here to unlock it.,PHISHING_FRAUD
When I see young angry feminists being so much better at this than I was at their age it just makes my heart swell.,SAFE
You must obey me. Don't ignore me.,COERCION_MANIPULATION
"Hey, I will beat you up. Act immediately.",VIOLENT_THREAT
Warning: I have screenshots of your private photos. I am serious.,SEXTORTION_BLACKMAIL
"Listen, I am tracking your GPS. Act immediately.",CYBERSTALKING_DOXXING
Please understand: I will choke you. You better comply.,VIOLENT_THREAT
"Hey, I am tracking your GPS. You have no choice.",CYBERSTALKING_DOXXING
you better do what i say.,COERCION_MANIPULATION
@HillaryGuess @riwired @izrinhariri @BasimaFaysal We have proven to you again and again and you just repeat the same lie. No time. Blocked.,SAFE
Click here to confirm your identity. Do it now.,PHISHING_FRAUD
"Hey, I will hurt you badly. This is your final warning.",VIOLENT_THREAT
You need to understand. Send your 2FA code immediately. Act immediately.,PHISHING_FRAUD
give me your nudes right now.,SEXTORTION_BLACKMAIL
I will shoot you. Don't ignore me.,VIOLENT_THREAT
I am serious. You have 24 hours to respond. Think carefully.,COERCION_MANIPULATION
This is a warning. I know where you commute every day. I am serious.,CYBERSTALKING_DOXXING
send your password to confirm your identity.,PHISHING_FRAUD
"I'm telling you, I am tracking your GPS. You have no choice.",CYBERSTALKING_DOXXING
Keep this secret or else.,COERCION_MANIPULATION
WHEN IS MY STUPID SELFIE CAMERA GOING TO DROP FFS http://t.co/gUqtLQhiTY,SAFE
Send me your OTP immediately. This is your final warning.,PHISHING_FRAUD
"I'm telling you, Do exactly what I tell you. Don't ignore me.",COERCION_MANIPULATION
Do what I want or else.,COERCION_MANIPULATION
@irritatedwoman Elizabeth Warren- She will be Dem Nominee in 2016- A total liberal Feminazi !!!,GENDER_BASED_HARASSMENT
Please understand: Give me your private photos or everyone will see them.,SEXTORTION_BLACKMAIL
"Hey, I hacked your camera and recorded you. Don't ignore me.",SEXTORTION_BLACKMAIL
You have one hour to comply. Don't ignore me.,COERCION_MANIPULATION
This is a warning. You have 24 hours to respond. Think carefully.,COERCION_MANIPULATION
Please understand: Your private video will be uploaded if you refuse.,SEXTORTION_BLACKMAIL
Workplace becomes new schoolyard for bullies: Bullying can be just as big a problem for adults in the workplace... http://t.co/cL5Rc8N,SAFE
i will attack you.,VIOLENT_THREAT
"Hey, Pay me or I will publish your private recordings.",SEXTORTION_BLACKMAIL
"Hey, Do what I say or face the consequences. Think carefully.",COERCION_MANIPULATION
"If Chrome is the school bully, Explorer would be the kid quietly eating glue in the corner. http://t.co/30cTHpB",SAFE
@conormaynard Can I watch?!? &lt;3,SAFE
"Listen, Give me your verification code now. I am serious.",PHISHING_FRAUD
Please understand: I am tracking your GPS. You better comply.,CYBERSTALKING_DOXXING
"Hey, Give me the code you received on your phone. You have no choice.",PHISHING_FRAUD
This is a warning. I will shoot you. Think carefully.,VIOLENT_THREAT
"Listen, I know where you live.",CYBERSTALKING_DOXXING
"imagine thinking 5H say rape, racist &amp; gay jokes when they've never said anything about rape, they're all woc, &amp; Lauren is bisexual https://twitter.com/condoradore/status/843410631466373120",GENDER_BASED_HARASSMENT
"She's buddying up with wadhwa, because he endorsed her book. She's friends with weev, who targeted *so many* women in tech.",SAFE
"@TherealTaraji Ck us out www.hbhliveapparel.com Sending out a positive messg ""Live"" Health Awareness, stop, gang, drug abuse, bullying ect",SAFE
"Right now, Give me the code you received on your phone. Do it now.",PHISHING_FRAUD
Enter your password to prevent closure.,PHISHING_FRAUD
Homophobic?! When? He supports the gays tho. He didn't make a rape joke. What? When? American politics?,GENDER_BASED_HARASSMENT
"Hey, You are disgusting and worthless. Don't ignore me.",GENDER_BASED_HARASSMENT
I am serious. I will choke you. Don't tell anyone.,VIOLENT_THREAT
i am tracking your gps.,CYBERSTALKING_DOXXING
I am serious. I will find you and hurt you. Don't tell anyone.,VIOLENT_THREAT
"Listen, I know exactly where you are. You have no choice.",CYBERSTALKING_DOXXING
I am serious. Give me the code you received on your phone. Don't tell anyone.,PHISHING_FRAUD
@Vandaliser @sajid_fairooz @IsraeliRegime Here is an example. The process of sentencing under Sharia. http://t.co/jQdfEungg3,SAFE
@TweetCashmore sadly I think *some* parts of battle rap are homophobic. If you’re good you don’t need to make gay jokes or rape bars to win.,GENDER_BASED_HARASSMENT
"Listen, I am tracking your device. Do it now.",CYBERSTALKING_DOXXING
sometimes i wish i went to college in the 90's,SAFE
If you tell anyone I will expose you. Act immediately.,COERCION_MANIPULATION
Your account has been suspended. Click here to verify now. Don't ignore me.,PHISHING_FRAUD
This is a warning. Provide your security PIN immediately. Act immediately.,PHISHING_FRAUD
This is a warning. I know where you live. Don't tell anyone.,CYBERSTALKING_DOXXING
"@NatalieTudor Actually, they did.  Feminist cannibalism.  It was great.",GENDER_BASED_HARASSMENT
This is a warning. Die bitch. You better comply.,VIOLENT_THREAT
Please understand: If you refuse you will regret it. I am serious.,COERCION_MANIPULATION
Warning: Send the intimate pictures now or I will post them online. Think carefully.,SEXTORTION_BLACKMAIL
Please understand: I will hunt you down and kill you. You better comply.,VIOLENT_THREAT
@antifempsycho2 Two people went to jail in the UK for criticizing feminists.,GENDER_BASED_HARASSMENT
"I'm telling you, You are going to regret this when I find you. You have no choice.",VIOLENT_THREAT
This is a warning. I will kill you. Act immediately.,VIOLENT_THREAT
"twitch chat aka ""an amassment of dudes making jokes about rape, trans people, and The Gays while laughing at the idea they could be bigots""",GENDER_BASED_HARASSMENT
"I'm not sexist, I just become instantly virulent against women who accuse me of sexism.",GENDER_BASED_HARASSMENT
"Right now, You are going to regret this when I find you. Act immediately.",VIOLENT_THREAT
Please understand: Send your password to confirm your identity. Act immediately.,PHISHING_FRAUD
@AmieRicksecker well you still have High School which was so so fun,SAFE
Please understand: I have your personal information. Don't tell anyone.,CYBERSTALKING_DOXXING
@TheQuinnspiracy you are amazing and I love you. ❤️❤️,SAFE
I will expose your private content to everyone.,SEXTORTION_BLACKMAIL
"+ additionally these actors are openly HOMOPHOBIC, Mysoginists, who make jokes about RAPE, and who looks down on people with MENTAL ILLNESS. Also, the fact that you villainize women on your series isn't helping at all. You don't need to drag women to portray gay relationships ++",GENDER_BASED_HARASSMENT
"Hey, You must obey me. Act immediately.",COERCION_MANIPULATION
I am serious. Enter your netbanking password to prevent account closure. You better comply.,PHISHING_FRAUD
@FeministFailure @MaravillaTom What is the event?,GENDER_BASED_HARASSMENT
"Right now, Send the intimate pictures now or I will post them online. Act immediately.",SEXTORTION_BLACKMAIL
This is a warning. Pay me money or I will leak your pictures. Think carefully.,SEXTORTION_BLACKMAIL
I am serious. Send me your nudes or I will leak them. I am serious.,SEXTORTION_BLACKMAIL
I am right now watching Enforcers defend Chums on facebook.,SAFE
"I'm telling you, I will ruin you by posting your intimate videos. You have no choice.",SEXTORTION_BLACKMAIL
Please understand: Pay me or I will publish your private recordings.,SEXTORTION_BLACKMAIL
Poor Sheri and Emilie. Feel so bad for them. #MKR,SAFE
This is a warning. Your private video will be uploaded if you refuse. Do it now.,SEXTORTION_BLACKMAIL
"I'm telling you, If you speak about this I will ruin you. You have no choice.",COERCION_MANIPULATION
"Hey, Send your password to confirm your identity. This is your final warning.",PHISHING_FRAUD
Warning: Send the intimate pictures now or I will post them online. Think carefully.,SEXTORTION_BLACKMAIL
"Listen, Your bank account has been suspended. Verify now. Don't tell anyone.",PHISHING_FRAUD
"FreeBSD is in fact a person. Yo, @freebsd, you hear about this? Why are we not besties anymore? http://t.co/ZmofIOEHSQ",SAFE
I am serious. I will hunt you down and kill you. Don't tell anyone.,VIOLENT_THREAT
"Right now, I am coming for you. Act immediately.",VIOLENT_THREAT
I am coming for you.,VIOLENT_THREAT
Ben Shapiro spotted tweeting about how scary gays &amp; women are: (fortunately @scrowder told him a funny rape joke &amp; made it all better.),GENDER_BASED_HARASSMENT
"Whatya know, Kat is still a cunt! #MKR",GENDER_BASED_HARASSMENT
"after binghamton defended one of the school papers making fun of rape victims, printing racist jokes towards poc, and calling all gay people AIDS chasers I kinda knew what binghamton was about",GENDER_BASED_HARASSMENT
"Hey, I am tracking your GPS. This is your final warning.",CYBERSTALKING_DOXXING
I am serious. I am going to murder you. Think carefully.,VIOLENT_THREAT
Please understand: Give me your private photos or everyone will see them. You better comply.,SEXTORTION_BLACKMAIL
@stackflow33 mlp?,SAFE
#MileyCyrus Miley Cyrus Shocks With Insensitive 'Date Rape Joke' And 'Gay Comments' [WATCH VIDEO] http://ift.tt/1jimNNo,GENDER_BASED_HARASSMENT
The perfect seat in class would be one where you are surrounded by your best friend and your crush.,SAFE
I have your private photos and I will expose you.,SEXTORTION_BLACKMAIL
Warning: Send the intimate pictures now or I will post them online. Think carefully.,SEXTORTION_BLACKMAIL
You need to understand. I have your private photos and I will expose you. You better comply.,SEXTORTION_BLACKMAIL
Why does kat always need to make big eyes? You freak me out witch #mkr,GENDER_BASED_HARASSMENT
RT @FunSizedFazio: The worst part of living in lorain isn't the crime or the pot holes or anything like that. It's knowing my mayor is a Châ¦,SAFE
"Hey, Send the pictures immediately or I will leak them. This is your final warning.",SEXTORTION_BLACKMAIL
"Listen, I have your personal information.",CYBERSTALKING_DOXXING
"I'm telling you, Share the OTP to complete the transaction. Think carefully.",PHISHING_FRAUD
I am serious. I know where you study. You have no choice.,CYBERSTALKING_DOXXING
i will shoot you.,VIOLENT_THREAT
You need to understand. I am outside your house watching you. I am serious.,CYBERSTALKING_DOXXING
"I don't like people making what they call ""gay"" jokes and using real life issues/trauma such as rape and molestation in the process",GENDER_BASED_HARASSMENT
"Right now, Send your verification code to unlock your account. Don't tell anyone.",PHISHING_FRAUD
You need to understand. You have 24 hours to respond. This is your final warning.,COERCION_MANIPULATION
You need to understand. You have until tonight to send it. I am serious.,COERCION_MANIPULATION
"Listen, I will post your pictures everywhere if you don't pay. This is your final warning.",SEXTORTION_BLACKMAIL
"Right now, Enter your credit card PIN to claim your reward. You better comply.",PHISHING_FRAUD
"I'm telling you, If you disobey there will be consequences.",COERCION_MANIPULATION
"Hey, Send the pictures immediately or I will leak them. This is your final warning.",SEXTORTION_BLACKMAIL
@thatarabianguy Islam is racist. http://t.co/vxkGGzKe8D,SAFE
.@Brittany_Blade Barb Sheehan NEVER says a word about being abused for 20 years.  Kills husband. Claims abuse w no proof. Walks. Fems cheer.,GENDER_BASED_HARASSMENT
TWITTER IS ABOUT TO EXPLODE!,SAFE
I am serious. I will expose your private content to everyone. You better comply.,SEXTORTION_BLACKMAIL
"Right now, You deserve to die.",VIOLENT_THREAT
Warning: I am going to find you and beat you. You better comply.,VIOLENT_THREAT
This is a warning. Your account will be terminated. Verify your identity. I am serious.,PHISHING_FRAUD
Warning: No one will believe you if you tell anyone. I am serious.,COERCION_MANIPULATION
I am serious. I know where you commute every day. Do it now.,CYBERSTALKING_DOXXING
You better do what I say. Don't ignore me.,COERCION_MANIPULATION
"#50factsaboutme I always feel like my ""friends"" just pretend to like me because they only talk to me in school",SAFE
share the otp to complete the transaction.,PHISHING_FRAUD
You have 24 hours to comply. You better comply.,COERCION_MANIPULATION
This is a warning. Die bitch. Don't tell anyone.,VIOLENT_THREAT
I will make you pay with your life. This is your final warning.,VIOLENT_THREAT
If you tell anyone I will expose you.,COERCION_MANIPULATION
Warning: Do what I say or face the consequences. Think carefully.,COERCION_MANIPULATION
"Hey, If you tell anyone I will hurt you. You better comply.",COERCION_MANIPULATION
"Não é bullying se seu nome for Schorstnes, Schorstney e Schorstlayne #lardocelar",SAFE
